911793
164163
560265
553467
384612
150455
15832
939848
42725
25007
91980
601165
530025
797636
176847
443154
667888
367952
614671
94446
147310
436849
704565
975995
275570
358820
704998
164268
973912
855119
630777
355196
946630
875607
457008
338391
848982
314641
169143
948599
598009
738587
686380
40697
888211
727128
150118
243023
554119
519967
450404
74842
195393
226772
325949
155828
901793
82204
50541
951708
338391
179170
240510
378675
913851
748649
657223
918704
435026
982223
27648
273942
875491
894883
933630
79365
2127
448672
323136
719723
433824
51040
362988
943427
215402
25475
749332
501055
656749
454455
999791
249807
975676
305225
120565
670878
151666
619487
940778
432590
331451
376662
418896
787777
743903
794341
701406
676507
157113
855327
749115
690025
623545
128489
156207
982064
201871
822125
375209
740305
571180
606371
973463
325225
573535
557740
408471
191528
852391
991128
471347
16700
755898
550359
260153
365008
98683
836840
303833
450653
356670
445250
125018
611007
654708
894107
278284
897075
934695
792724
147394
409766
698209
54498
323265
33424
132173
887561
601390
411826
925445
632677
230108
919774
877395
284457
402722
135399
230692
333516
187156
801476
554065
824695
430972
354402
139185
599582
730264
795303
176120
763215
346339
775514
306122
719414
399764
886558
156437
922161
321967
999308
914159
650833
659177
946773
824598
289753
873557
361110
515980
455097
295879
611320
19211
707392
373725
183145
684631
570477
231679
268699
623192
969450
33082
370758
345892
557756
157490
142564
324292
544359
473685
21842
289188
948722
128238
509265
632798
58775
674772
846222
805158
151937
889002
917009
746894
452484
51010
267129
776317
240897
553346
67468
216359
473794
687241
235870
572715
401679
727511
123379
807687
914231
2767
228109
281864
299072
318809
381583
13845
141244
35448
187828
223619
125388
816736
531970
798516
438802
935618
377144
754676
294089
940862
694850
837842
473424
588466
983095
269379
712015
275945
10000
188582
615876
80181
134741
572802
349038
570100
618092
208100
215213
117967
641899
641662
149927
600
911072
629057
530747
672266
809718
823207
813451
86217
736099
153548
786494
684437
232293
790821
183406
160301
197892
186557
920962
615417
442079
792758
950310
54388
578702
797460
267483
729169
186566
880270
881629
733470
707257
405659
726914
341972
483002
354394
323230
657238
250194
706395
490091
594872
644594
776696
349634
103782
948929
114739
629951
927853
808226
701498
874939
827003
889306
176679
46209
322746
506650
800287
568127
751397
978546
406616
273568
901471
308977
363993
236281
921077
319044
5538
575951
747586
196477
560951
268538
651321
888660
811976
419328
842546
340907
753707
963010
734477
854169
723823
402176
213356
214192
880804
649767
200417
630439
824777
148884
681278
917303
497686
540725
705028
993718
725377
861294
415087
331244
734332
921579
495907
983133
651633
69698
393182
58402
964747
866514
863911
785826
760105
564483
136546
241926
373494
749054
559161
96991
420939
170174
861624
557282
853642
908446
520797
542846
851279
767111
694760
997569
559540
103134
605624
721105
897150
499086
325653
203874
572255
51773
187142
415897
449313
731598
273316
42003
911891
637500
197334
547328
153755
419671
690363
875205
300253
87394
481742
104744
414887
288242
912972
6866
432232
670281
823572
402912
216173
979390
190302
881674
117246
623553
13993
784499
990890
739052
797593
378748
872158
331644
946455
473295
239601
618557
272916
442092
183105
207600
135722
39263
986745
983828
189979
666921
733121
382859
890197
548609
603426
162060
224344
294713
935867
395420
625946
459515
354663
612686
836141
907463
803720
870467
559749
221959
938559
921638
688544
454972
302427
92044
116317
810250
931188
216617
922883
95795
848948
198135
80407
814462
904453
867572
669569
8057
711998
199807
20384
626113
893306
277225
855552
261230
772414
745466
854821
824784
25141
529823
236874
39212
850913
344023
467294
561749
166651
460977
869562
790546
287258
856870
422363
112629
27291
218951
620386
978686
271371
618148
582664
802132
34421
800990
939664
480104
79918
229874
978346
916159
735748
81871
444347
402191
263193
534220
167235
482863
925054
624816
344165
967844
946305
959391
812314
175287
544397
447470
690401
539280
576342
189829
720331
240160
418720
50392
214341
608599
934085
931445
117613
766564
848764
352879
314831
72912
688363
728203
49868
303427
30906
876755
589570
682098
810177
542916
882850
783782
207110
245397
550622
189855
556633
743157
231610
394342
133146
75290
366093
887643
304641
193368
812202
323786
658677
914974
740037
905125
611725
561557
829436
992185
329136
25980
577819
204369
293004
695126
141193
526977
367003
85328
200866
970771
447258
727468
38188
643277
128373
94547
765782
707672
537675
336965
195182
728768
27924
359530
247213
932131
101253
607867
598635
708033
806898
425488
989466
957297
324010
939096
733520
431227
199791
542114
270750
875536
926674
125347
929898
640581
765553
610733
608847
488067
762498
591964
704753
526931
45779
799140
772170
211308
817673
970122
972249
576080
513847
144248
566528
363599
527436
809526
444636
389240
666881
477759
310826
761135
959082
668962
559757
903311
228439
384759
54572
924124
278914
284529
315076
79420
26181
273724
289709
148415
764364
436514
727638
263582
512824
893433
844763
99156
22476
28276
411121
189393
394351
87518
605493
197757
695414
875326
361458
463490
806051
593524
36399
636156
891502
1629
169514
292205
892057
640105
437611
798121
293044
295884
394567
473403
383864
553
639707
319572
871498
165851
80760
822382
408140
382862
468471
563673
182584
618976
359068
253296
870057
556052
678201
570312
769435
988933
19345
366545
911469
733831
514853
463517
268202
86344
336212
882483
612341
583967
921001
494105
515880
14055
576107
814268
784592
411581
235919
287288
946049
787290
826615
16356
679680
181291
39319
509538
542599
709989
47409
175586
45567
645084
653599
129226
627837
146095
957734
110782
721333
204606
655839
581188
796769
698712
223102
864822
706766
367341
627475
448195
819755
272224
399055
777390
455481
535357
496150
208087
723557
406866
815336
656663
38389
255700
924360
394647
731744
388868
997297
766989
565399
59855
571087
846806
156748
34200
27122
46558
311764
255135
654764
253615
680866
205728
82215
95030
834600
549154
780280
792592
203153
789210
645489
67181
661625
115136
515797
414126
939898
305601
973817
279367
906797
965976
943075
353324
577036
383558
286713
230070
85906
397617
249470
149787
997739
45582
318214
370664
298861
693799
226319
528586
262683
909623
689577
211019
370338
559734
14863
280543
153914
645688
913443
115582
800439
619392
659750
538376
230390
171367
394839
843334
547702
115288
468673
784371
515181
694404
955110
677577
145575
468081
327976
735509
596771
240329
95681
973106
29686
822953
276651
16400
969018
3964
916968
918143
975731
49058
730567
140661
481955
661380
155485
550919
824348
297087
857912
12569
74298
21409
626299
478258
580799
143311
468943
536048
115522
813149
201069
96652
390873
525969
176447
351847
930254
750034
255230
112912
500847
202900
395788
624314
802331
520862
70341
807795
673187
754986
794269
229991
48473
58604
688283
88215
573471
27145
107041
4296
862988
72252
221406
776381
466206
569449
494323
696010
129056
622773
313247
413675
875769
279667
164979
111632
336510
879553
120127
291652
387318
665608
283385
936012
165054
489916
65972
865184
877752
774122
604008
840904
97382
410432
571714
374482
537101
400197
219783
75509
559259
256216
734954
711599
627005
404744
535223
62274
269983
179105
614846
714433
923102
307864
53224
180755
859074
663612
132935
594933
676840
19500
751461
578194
605836
255392
751653
655232
218119
883236
822389
680906
667161
708852
754461
495179
87464
834648
557342
422994
18366
319789
180763
711463
855748
711153
410957
337190
460062
538876
752702
983724
238142
788824
552476
224433
427224
137206
896713
905221
690781
412060
620614
38907
788629
469862
413465
252339
68758
357685
411625
924738
40216
830244
183567
824856
338445
577549
960285
528819
949246
318180
199992
508031
918251
395868
532835
446846
757199
901371
703154
48236
837953
845413
985528
978860
568768
556177
381672
51550
450839
826098
468336
706655
730101
40384
410460
652663
261660
203732
546370
156857
93145
998319
950496
863452
774068
186253
327401
70200
741197
129171
529964
667023
840694
319487
374156
986474
923874
483422
894685
928545
632097
852420
619559
824040
409644
645534
815974
436425
334900
226048
474595
336933
988396
8199
763995
536547
818539
824736
853585
823098
83775
191884
219464
287168
430334
559213
22741
512374
633248
789493
19371
369193
498506
744034
252646
429509
942462
218079
184484
988260
478477
879294
571273
998555
349541
476670
755007
692735
640482
387082
624584
521110
728267
303495
659617
790675
544750
654364
303198
256324
266036
440328
753386
872896
440770
382522
314748
18551
931709
386793
204922
605472
30270
273029
5578
335716
645697
915600
258048
40346
403587
896509
532543
249481
271032
713731
564231
968642
950916
408421
131733
91683
174301
402291
130740
73515
714587
523964
886364
430326
851864
269163
4046
294336
81855
13833
79250
564935
236047
564538
255214
872380
761833
92806
691370
792757
764476
911769
435203
349502
214822
902591
719352
680815
730338
834668
580628
904836
458434
617934
992575
340260
837748
412336
656299
419840
545563
938862
493732
986415
34199
831933
374323
723561
234525
288420
92027
475363
48792
979106
950634
381715
645206
861855
795144
187774
504347
482693
792853
596395
542213
630635
459571
7059
676135
983548
189043
529748
666826
606101
119206
485680
447441
677183
788434
504792
38943
610966
614214
736851
558854
683372
793004
652907
723359
808088
665947
958699
435933
901654
103423
303599
841191
46166
822979
657983
797427
955827
311321
887360
365654
803097
220419
653071
118015
107848
595252
273788
64371
988716
524340
971423
540338
639137
589609
815426
944966
987580
406858
623838
803321
789678
301473
944937
756133
834810
62508
219763
842114
428999
246443
618612
134704
175924
971017
410204
585707
715664
536815
943592
222454
118853
140290
898913
700904
21170
596544
600468
498924
485284
18667
318976
720025
443733
955719
386427
31226
212338
186513
519202
847002
204306
888112
755422
371398
212156
346924
978449
629510
452491
562911
532730
685788
734877
372618
188723
736592
627148
612498
316513
425015
516030
547466
139279
668482
970293
829595
376702
305657
713158
700663
709803
76408
188615
981027
967625
171686
233224
336964
61802
226212
143996
954858
783664
487036
199359
486124
545474
335230
510685
105685
660031
158229
245829
97631
402509
490395
898939
728601
523155
882324
896098
797930
174475
959786
204845
483856
84427
976352
685253
414464
934612
239841
75576
590896
156154
709240
627661
937145
533423
545458
910070
851216
935898
34633
917743
215488
875555
515677
351249
975818
863277
946221
581125
519402
79129
917086
856113
348953
595141
20296
37408
67388
451032
959207
67529
537918
780046
581791
743228
493664
332873
711535
571164
639886
292156
125516
514977
197942
823702
25708
773244
954627
965663
499048
950769
127175
723032
750670
809472
204599
512482
555735
58071
820620
498368
880402
762045
80096
676991
231922
415057
529504
389947
426915
422706
66868
509256
879537
231667
670670
17140
181595
466725
354427
280424
168711
182452
496078
550576
760181
795983
299749
64153
353092
907549
769627
643994
388452
969718
388308
816865
370457
63175
167673
155006
650826
769746
443276
546148
660473
616067
353094
845900
830623
973782
68377
763718
999828
463875
206780
960513
744816
661603
661231
658461
733338
61298
997728
295763
490091
501522
633308
544801
948070
767656
800384
807737
578181
574836
407519
37649
267640
2960
689634
318711
932826
804082
164997
778773
316400
644162
635298
945654
692444
270871
704389
157472
166697
331140
645849
737154
886142
282237
745835
416691
123388
266344
403352
805052
891203
323033
401122
707722
540668
820877
696965
601890
163709
920837
958118
426817
445495
812809
76051
840050
35613
275121
180088
620287
846596
222614
723397
484747
616352
965708
782218
88115
735394
540121
519348
692804
675275
4055
588062
888753
635533
798427
844343
905797
952940
151799
513031
773945
532097
162823
199761
803508
350587
330490
978948
772629
413928
861210
41497
514927
283535
660136
676121
945717
994353
607331
897288
758798
590159
22714
499832
780013
87481
903873
768708
360672
764285
79045
515044
991375
831432
991376
845151
76457
272647
353516
826954
419794
645960
327878
354296
350031
95811
691100
540794
875502
257786
249855
184966
291521
391461
535753
804056
391648
638878
307936
156438
423844
555824
682601
164765
3360
401659
789705
952897
977379
697353
331677
669998
182111
807688
962149
624606
231456
84848
96756
567170
300597
895967
582929
193802
60926
875784
563690
132986
305447
297813
799204
186133
667444
852581
679431
704306
887637
6067
445213
85658
124577
95699
509536
397547
223110
610686
121269
167457
448941
662211
309544
962912
156601
583599
267865
328183
932987
477981
55543
287778
660619
246684
505928
932197
880251
991653
217456
398864
962183
86567
502759
17193
269217
436009
358430
11683
48998
316092
63471
385957
249871
951060
347770
220111
302885
808432
770313
988008
873997
235653
276018
267111
171574
151235
842022
575882
872899
232137
790873
53307
67069
384075
114817
338187
804234
287982
321384
401551
671036
597878
217759
81050
583205
324111
773121
547130
369180
549290
134095
936253
730170
773982
609071
38226
654758
995512
764443
133785
32098
641550
641181
870302
837686
961464
648333
277976
559806
164981
725757
981320
682611
925313
859547
373637
817443
891436
401678
362646
902545
130688
265710
794705
595506
230229
259114
592949
53302
117018
734098
641565
726344
612125
240216
372945
953323
850530
215164
151373
807911
640644
529106
4991
99481
716305
161529
901368
445995
235187
158014
524320
321151
810968
21793
882957
523231
913132
352823
589210
396400
474353
162244
54511
428282
232100
700360
169463
964441
382358
559687
9121
208688
256378
325056
996725
985831
475492
380112
703627
96526
734206
194859
268277
115200
317394
124847
447654
2224
652875
66201
623833
740795
238899
843106
428839
297714
594522
294906
407350
133737
164011
748737
227181
972166
856541
347056
715738
920050
452024
943050
252726
453893
455383
19564
693511
81102
87791
373342
596068
830231
670769
693923
242791
153942
178106
249398
522608
947506
352925
344537
315263
519208
566239
414904
789050
105705
235654
588089
808738
434711
647947
782455
731803
815105
68724
268478
453503
874534
944858
849056
525049
872107
555647
889726
126659
384111
142948
678753
888553
786767
204436
706834
143273
60051
266561
364623
869051
558787
383867
761164
107792
312887
347866
150561
317769
577149
672565
242939
360219
203372
145313
266078
671996
270208
84220
448561
130544
258304
143536
317134
556684
428676
650530
110975
613048
815018
480414
989969
241315
31522
162725
945047
727990
5966
558490
259396
491238
814283
398503
475686
897048
412352
920034
199731
62739
525817
102241
704138
601104
925769
668145
663339
265810
798647
756236
906989
393352
830865
978794
493417
177993
422552
315558
160907
373325
613735
327202
232044
604925
80841
220135
115444
639267
477476
67856
23945
876791
369160
288481
814327
747131
735063
850459
899614
504852
95339
196173
779171
622614
130194
892354
451614
469259
186991
482683
7671
333525
406742
329040
334557
672897
846583
170269
85559
160492
967480
463546
576643
74421
339090
970317
960579
230923
754212
923961
482445
543109
868936
53776
84050
356513
88769
795027
393928
154722
703453
836771
132161
386653
648179
50983
192595
487611
401255
340752
28291
586797
360608
493576
7439
508561
246801
103778
884626
515985
98023
478803
66517
583061
228063
584380
176111
200084
284692
297077
546826
707973
556356
470467
716100
282327
638643
836195
225031
584005
898600
20380
724322
487580
764605
183069
576599
151155
558493
906355
482985
867423
172634
308471
897984
113556
764317
762696
269536
514436
30924
888918
915224
872838
631935
336312
822553
667712
331166
721174
196426
47550
760282
756369
817978
516684
689709
772690
934823
476620
232568
922933
860277
684966
566418
135575
434159
683204
747771
540372
718563
496330
620566
183774
601072
879328
279336
230539
20319
921822
981921
439548
384537
176431
546942
355752
10663
587083
168604
53748
724845
730094
538897
640528
69005
682043
71018
920853
739467
548663
931153
798889
933108
241601
817696
644002
509093
947799
875393
43045
330231
631880
695857
20729
778881
474075
824678
297807
430454
45470
451090
74052
764276
254509
431965
972432
923355
561022
471308
817497
975831
931124
135486
507062
844875
378966
100570
190541
694852
674787
412296
576013
203985
735
836993
714575
551024
902217
578609
23322
993273
716349
870290
381169
715792
53697
318692
205835
423134
823842
374651
336119
930164
750943
642208
110480
790979
954825
689528
446303
34573
526806
935648
499853
602447
17513
43955
301382
478528
646577
776524
954644
128402
737325
932767
723114
380421
754718
979354
821749
793094
800583
788532
888024
155512
240300
912829
484382
280973
358276
478619
71839
923479
702544
905687
41252
819235
870079
719193
689983
881236
546106
238036
405661
849394
162960
744513
542349
783538
454519
351916
456982
645379
176833
593940
545136
22521
715882
365980
280400
442557
703242
761817
932479
488436
192703
314400
62661
387079
887838
18830
557051
806849
672204
921011
162712
703566
500178
533438
796973
531464
699216
611966
386545
487174
149347
691612
13091
691105
970763
872992
338194
783197
593791
319041
33815
688089
762775
222430
998574
756704
342984
613103
766061
690010
80505
366233
390663
69587
978277
912719
73877
464833
283467
29283
770239
957175
714277
378398
416852
68653
771393
506742
865659
880269
321195
17940
742327
865407
213302
433368
266503
276607
494915
457732
166246
856813
633156
697137
41607
810233
337247
677019
928399
194008
772615
404701
273813
628077
762825
332668
931387
917614
881917
449825
866037
846335
494415
263409
403704
398567
503596
647680
540208
608529
231767
605324
278512
691718
477936
911928
300413
875526
885815
911281
961966
801395
66927
91716
465273
434919
57269
985886
54946
249663
453802
197158
555209
359777
285728
159795
37587
830351
914173
928666
315955
54798
42727
340195
125744
438429
954172
294402
918699
609709
339458
543458
440242
981506
963151
716489
817268
581212
49512
986698
305590
938482
460133
91357
24905
409146
514
472950
192545
225174
465240
961767
767001
988934
813905
758662
591128
618675
965718
994757
50152
627511
452695
186719
2450
721985
119194
330386
111940
202397
384139
770258
197471
999930
652143
194399
284845
837812
14097
463504
324449
345963
196715
638895
138838
649128
503956
596097
912639
886206
937045
978948
79769
872137
169157
661044
579261
358269
821679
114225
410578
540171
620516
130135
713878
28295
746080
907247
502676
513892
890993
675554
147717
111255
989256
797079
304374
843233
245595
694457
731271
334257
148492
876835
131683
856296
229124
92636
610415
4870
985867
258914
780722
804144
96101
709136
221092
504979
492830
838230
760300
731592
464740
345837
225110
897287
583693
371624
426005
581320
122959
504769
871285
903181
172428
574691
519004
26856
885936
528560
590081
606908
522991
757962
598925
78502
511106
274577
341686
654452
374330
722937
695529
101838
397456
230752
143402
408530
673192
116660
991867
995405
462950
494697
779943
409808
110158
172693
789635
372107
279132
878220
277243
856929
985194
103819
470256
180218
61718
518495
447072
457110
797701
481883
685569
110875
334672
115098
285655
457178
98634
689670
280185
799942
217629
349409
269294
576075
179394
647986
201300
994086
455896
733166
848925
32733
840680
11026
852255
380842
114379
757450
641743
260458
632575
586802
422204
681019
38651
78201
340846
746680
735951
247623
693686
348536
721383
498557
482761
360419
364605
879308
363511
375152
811840
875963
353690
672968
285178
462605
254009
498106
542803
179098
750081
828764
177953
882133
601422
108339
329870
436043
177830
242972
121720
239036
941823
190580
972484
382860
512129
539474
142412
316387
557564
518903
230121
915503
973832
628009
985753
401984
176981
115201
177740
972985
593721
63
289340
404537
211238
442850
987351
704194
741687
878389
670992
887587
77831
183530
781818
395548
457552
519954
750188
289221
53640
354304
689540
626708
37628
127774
365981
995797
803140
688472
90019
607212
460558
791371
209677
735123
515681
652204
765872
318882
816609
629932
119592
492119
886674
300020
852289
949500
516261
117628
355333
4193
509337
661981
503674
175768
6549
778799
710123
707072
930042
1263
888542
583349
732604
171849
289328
426478
397232
379081
544370
593995
345184
457396
768481
101544
315369
547176
331645
345375
124550
165798
129932
660215
571677
145528
714815
184522
427633
837480
385447
779296
439196
299487
108648
79039
801320
848993
847678
964579
437664
477448
128508
124706
471094
955545
669910
602039
867749
503837
727603
648751
605228
540320
521452
139415
604590
876210
658432
12590
986996
457692
352951
109951
199923
332959
330806
903547
343766
402496
995540
82328
852382
349546
381204
308500
54464
291314
434805
459143
285546
127260
62621
314203
442431
108339
644069
925744
724476
323477
124968
714362
64130
788455
272878
633087
894733
87460
520481
191330
333710
485208
57498
520618
544204
326411
130606
307560
981352
628972
341104
64710
517106
735038
519900
247299
631505
727754
803937
121167
488226
997827
541162
129434
342532
141284
814368
304424
913726
779735
96117
577445
786930
957817
173042
64670
379632
158126
633583
268242
811053
550626
953263
660977
290997
786263
73271
629659
707425
23947
587188
741388
475995
655288
356066
578606
349382
612756
232053
211793
405865
968914
210923
857886
225250
566621
40970
592685
688235
143822
442590
851152
626663
978082
842151
304951
423912
13325
731601
881379
273912
154125
740394
381291
26093
922165
40709
417959
839667
836899
867017
227838
358253
976298
838272
764550
338294
220436
332010
420651
184423
873409
501400
390092
748669
436847
512549
570846
614713
352996
232009
559196
667070
918388
769309
330160
401764
603602
423514
435505
286379
513048
61369
660155
409212
880097
852978
226048
171277
387403
811277
834854
379810
132922
796224
233502
269960
345487
18376
934257
499268
879437
230396
991849
264801
431385
619316
415873
624537
650944
251961
606723
316600
281885
14965
239821
973719
357603
659695
880598
783784
883433
953608
693096
795580
701546
237469
698647
989004
383211
618880
935412
129223
323784
39986
130467
983959
591806
652013
597844
207373
471433
865489
464234
36312
272165
669512
861834
385513
42918
638844
384926
915944
348399
912034
917957
244186
247220
565061
162419
122181
468421
292235
652495
887830
553691
842674
645259
391144
127663
401930
87630
906411
733418
945450
301735
488960
89707
361454
834186
785175
916435
671060
29508
23568
249790
935233
205668
100029
681921
375467
36225
479156
133780
154751
494546
662561
396829
653092
869450
41921
596196
920646
498505
458489
324408
474159
711749
642182
158738
219064
668345
567599
149189
834467
214683
102969
612960
734530
924326
121246
718626
326739
635582
224732
359661
285185
438551
711074
84160
392072
277171
715297
849183
229456
976896
830177
373226
201731
239413
970944
736258
544777
52574
320532
829194
688143
124488
718145
49887
210491
710992
939536
441444
748303
664621
144404
7823
399542
205839
726984
76121
760655
555149
53840
615509
197113
59279
314451
665277
926656
652955
57380
642438
373560
289634
551842
685367
491276
2033
849211
387423
814346
228102
401926
582085
455727
727141
854097
634988
324773
40596
688898
397057
447641
167793
355812
745944
96590
570872
901142
731108
181910
204882
82218
622815
368901
20095
706757
27231
731244
103055
444362
947984
693887
669831
340378
150940
340936
663809
274932
97690
690161
243966
397610
239055
983134
373798
22720
246760
86144
350596
727013
864658
209984
488991
450111
235659
549166
681349
781681
694024
734111
13246
171111
842255
800254
642252
512130
420933
646458
92991
419635
400246
836071
290876
864450
217311
527144
951284
156109
189569
688900
783823
820603
655023
238107
845058
252241
591038
479907
310444
859871
522274
916561
68907
924138
270928
529335
71738
307672
489792
568217
971820
437430
726880
617736
830639
334156
729568
444661
406591
168210
773686
396211
207690
227521
778527
709272
341901
106562
773354
273223
502519
582797
574258
657544
932745
654775
681019
260064
858357
504111
403185
637721
951474
299947
202036
370922
497977
774628
53842
730087
435824
58729
675511
821674
70421
745505
406507
801294
106358
167858
811434
80493
685583
39963
249603
76252
957841
534057
508200
144537
865507
350623
375486
209462
160798
569052
855530
112476
461839
5233
329906
188605
238322
300121
339185
350859
780456
111942
137261
446172
995133
581763
595317
245356
446868
169815
828543
380104
700764
702612
703539
568473
937789
40523
333393
660780
353462
92660
146558
350844
97421
10450
480150
853496
461646
536523
754973
928954
437276
13320
276283
222341
629231
789396
562960
917963
365937
926824
996144
915656
824922
316746
905447
159277
950866
968220
623226
922821
443296
792629
71619
468860
784036
607033
251859
643543
827162
768313
806556
853991
321477
512927
645986
171369
690175
60219
543661
476106
870668
311485
746818
643576
966561
937184
99670
731264
272688
242989
996851
340369
252913
718807
209756
616747
190762
373628
74370
103121
506526
638916
847077
198504
256930
130475
89151
130676
613651
969755
858935
886224
68842
664343
48832
143844
181461
773779
467305
869983
598204
528468
965392
826652
898401
234045
768923
415902
317858
474715
992073
206885
826318
26076
140853
78324
950281
588882
187988
350069
953363
957127
155035
703288
198882
240961
295765
758189
3088
320338
516422
626803
486617
218592
407164
705480
556574
346205
993956
76638
616165
83093
126378
666128
946935
559574
974136
590752
305957
280432
73615
112958
155797
474930
353237
789739
229291
212386
922703
179972
406133
903908
975828
830251
486286
898015
120281
737625
715361
121934
286992
948681
375201
422535
955737
475816
883684
876494
467115
234065
865378
604560
312004
389682
513424
829821
465347
19353
295934
359327
289896
282624
580481
683594
293818
553371
342319
71023
760868
765477
654661
455618
8712
185674
931701
352777
302802
288658
997407
952892
168418
472631
616242
723677
667244
791457
417559
851465
931771
834747
140648
713219
664487
969469
150008
154875
383591
73682
236394
4798
464729
135940
21558
757887
398742
802434
926817
158291
808775
573823
14697
514092
437348
855033
311899
1755
599472
606282
542951
683156
292313
318300
505779
50351
913872
835139
747074
58990
156322
565883
503300
688179
760155
559945
545487
460299
713901
303191
815437
110122
950976
66222
677179
517473
969847
550828
648452
196635
199602
372036
900415
663223
421835
661576
535930
442216
980162
943573
344074
893166
332329
694348
129872
462139
800445
759693
411035
949827
150451
831053
788711
245444
581711
443809
781988
152361
112983
784240
35824
671838
984973
435268
133721
803725
766368
115331
194108
938432
165483
312331
236751
315493
335347
628886
440795
111610
893875
637209
880758
526405
813892
663649
777555
493830
263723
579818
584273
93167
718338
630222
631585
159504
377367
515022
417521
814486
850114
464612
447653
889257
980738
7837
427570
358581
963320
623951
512995
17393
865176
316426
988430
180366
711124
102548
942916
318922
598577
561642
245162
377312
353048
741026
549291
658945
263012
680834
390086
115591
729972
260539
211358
77640
724830
396207
706161
796680
945746
71558
950983
880178
474657
196045
460836
802607
200002
81419
313570
979356
965661
731680
910242
792684
890595
421797
789820
576096
918016
328997
666439
662457
122335
780442
287117
786293
542103
632076
812807
530128
49187
441027
378060
445388
464907
941078
302628
694748
265635
511972
376740
229952
481215
132572
43762
885525
30606
120644
979688
97528
613957
196091
908296
735037
236571
640287
712059
495398
127661
867499
162957
667226
709058
419286
637911
63702
990741
913562
498571
272391
351012
290656
711838
729882
388432
995692
338955
226934
473517
454848
867530
841295
154341
271372
530742
902453
835273
682235
174341
623756
606011
238934
241069
994959
149070
302915
557980
462427
212338
289237
672601
118609
619865
279328
568791
218223
63622
268048
74034
614859
33384
334200
214947
915887
539454
477373
92129
937680
955594
336877
896435
162346
342465
303551
691410
515692
712217
166389
855057
387567
426985
337264
910849
941285
226993
235285
121703
200382
645311
81487
920913
613145
395790
902030
543992
898883
530347
850497
60037
346504
285885
110268
192446
220515
257222
162395
229248
430110
462088
584294
731710
862550
346491
757783
138686
786578
615685
728195
408001
694797
899444
369412
781921
443598
168137
966739
751287
909855
7806
526860
381684
374725
50664
992446
626499
880826
364164
882070
113455
789225
726892
393372
964690
313371
599858
627724
880129
582673
347756
465819
388990
68357
475664
579901
262659
327895
280653
126956
884313
222952
852533
300080
383130
927503
337817
235520
75281
911095
269150
809490
956448
40989
209149
277807
193726
774573
430412
819650
928120
953653
439341
622759
322369
195916
286015
205732
115946
106254
180255
518226
211712
536874
214655
860920
918838
23824
252300
297467
822236
857129
869552
44675
246264
11895
352221
138423
409251
6310
119912
377299
548102
322231
278729
512693
889541
881304
523258
762448
490782
703642
51398
657861
92973
757705
89156
114133
175159
731012
722317
313386
754799
203106
423357
295176
126502
163672
373638
298708
331195
705436
817437
175562
35830
337898
606379
777624
130419
118744
828842
287477
592737
169848
479690
44828
255095
564557
365023
381098
538103
581499
223968
391219
35111
593377
313347
981044
418494
689725
16774
500306
675355
667283
178163
59803
311497
465788
599284
18267
207797
227920
687944
32436
425101
931398
737280
503554
806809
375934
912626
834814
138513
199151
938871
196341
844449
696517
880317
250883
749305
84146
26041
159385
602143
890354
63052
52175
487500
393627
415467
38034
721285
330601
737532
229665
814896
273978
791642
943468
508402
843609
18215
205978
128470
322492
968000
319639
23978
537036
918003
112492
944042
108700
442283
738789
206253
633558
570750
265274
223157
566727
648597
612109
285879
552368
320117
632507
713160
749642
441155
386468
974831
302785
169659
839471
728600
263567
855378
103111
258713
730662
993741
617378
406313
837419
511466
477752
24913
422224
92093
83519
765833
205266
255865
352821
332201
636451
121809
305043
387043
59483
958655
51009
556050
481820
286265
938159
504154
369923
161139
312122
60757
834096
61842
434891
519360
751846
836155
542631
241803
823301
140702
888693
396169
876003
327476
163557
842162
788568
740851
40114
704479
233265
885874
578140
150673
877956
135982
227174
477108
828735
552074
459376
44820
12148
329070
795038
22687
303245
425957
448621
200454
561609
760993
422449
960254
880473
314533
91302
389490
675966
600239
263334
646669
64718
730710
772254
976423
534313
554559
572098
468705
449823
985071
302800
921955
803480
276701
413023
553915
641197
489029
975385
606988
900845
999649
883756
163319
690781
537477
661981
1560
116783
35226
638723
2862
589102
146129
775795
179963
903813
594377
990427
617523
527416
981388
796107
755789
96438
210868
498136
869567
223170
356907
353787
139508
478573
131092
679369
927094
265109
517707
634149
39924
634333
133369
411027
997775
621265
455308
972570
608031
209570
898436
296767
913385
876280
912763
439193
734145
303096
262359
268586
3487
825875
41098
760950
40132
645744
943981
395046
181338
538020
982237
986928
378856
164381
812739
246217
49458
911027
98717
627685
833375
672614
49919
718242
667452
359297
491023
86429
669379
782318
89216
328289
416964
781849
17213
922763
473349
945195
162478
684778
956517
954157
657024
747574
843556
846085
237340
112520
595367
809136
582053
200085
528241
782969
778159
498208
588288
315040
833790
835768
644250
327895
483595
31512
561729
256416
334502
971053
743512
137499
129129
221927
676221
635253
385104
761961
970665
619760
185068
679864
912799
383889
389314
810104
895159
149250
623776
661460
187769
281325
657362
42318
387721
316179
198023
978810
80195
659060
260500
178767
659896
475146
825576
134967
388066
787098
517454
939722
111589
912847
585136
931081
613594
148679
198027
519721
710291
933001
4646
185470
754600
831907
6368
850266
31932
359346
1776
492088
421408
827626
791215
675649
718328
555744
996192
800536
139674
303810
542635
880830
728426
118696
484967
821459
781905
268163
58887
12523
754443
148906
442799
32198
930197
913915
548694
456269
723856
715014
418697
151651
780004
327261
797881
658775
450707
299126
850031
623074
364037
3988
625673
299653
904950
651936
420888
336892
355076
283400
358763
716748
275480
663439
67717
471231
485410
138437
860354
911490
243969
124682
857409
885276
416787
807922
114691
50305
172250
916371
6378
531333
329127
697043
150641
426428
797992
124150
956176
77926
833917
912173
537987
210164
186876
641559
861681
406549
898124
357977
352844
176885
217701
101821
848373
697097
416408
872376
345360
410551
564390
877668
575017
452739
987252
194316
669958
469469
306148
7119
605524
202547
686022
818892
108969
179110
172375
830431
49092
57115
231290
198561
644015
287849
688447
606309
955106
552800
179276
283788
121561
12756
811004
497615
106194
882556
815890
757834
555777
775431
413369
794647
427459
222028
100336
826350
661774
660055
326285
611674
506299
590632
823277
526842
7731
851280
377596
592266
413409
473793
102114
397273
865752
138339
404919
704502
81355
93652
178892
68593
200162
339527
434143
20836
516805
56344
331872
196684
231986
62051
108459
593947
652155
431307
701079
535749
979477
842049
400635
156147
608345
902320
569145
474783
79062
492165
334370
340679
550962
628190
567851
396675
17503
680488
265598
130058
455492
10252
28405
278317
141120
585016
718951
122526
822776
345552
267110
120423
878174
580527
32116
231788
192677
120212
658219
754688
227556
534
387610
810170
523238
606771
919141
560823
975392
718692
890197
963854
378932
900847
458473
807783
178189
191104
25216
132505
443087
629732
619931
497536
960524
500916
220006
620092
825881
526575
483866
316368
349936
438693
267693
654290
274328
121917
578258
644870
956851
981269
154716
133735
248995
57674
965721
549184
672440
928948
953645
41537
388729
966621
483932
622375
783141
915909
254024
279833
720134
129044
625528
840874
204330
33098
202955
109395
949560
263804
437115
41704
60490
475214
662764
428151
957989
583866
489011
632708
369657
117661
686932
893928
665288
874514
861023
283943
795929
161683
234491
625307
659175
421296
641146
205312
234167
817097
291813
670110
172932
732541
410081
568529
9691
501056
174714
276428
253976
780450
728090
861902
389754
240975
66138
482293
717127
199695
415444
432382
925764
44473
480011
372231
625105
942742
941780
632019
536066
108984
660510
280002
513318
30022
943550
284694
313402
985832
781864
136129
454917
899175
343620
886864
354682
777517
347571
200736
46890
336271
28456
565400
419607
727109
242304
990271
372806
179417
309479
775142
467391
662578
510624
203678
136667
86412
573173
218251
65814
269167
650738
621654
355171
293754
62069
117912
317485
930049
443264
881802
833478
183238
961088
218110
796229
196579
560359
663695
893602
669593
630108
676508
774156
291596
592880
682887
11082
209559
485329
207983
874679
601290
515003
880445
307174
745437
973527
941795
289684
518132
938650
213115
804559
95296
995184
130923
208330
35780
341100
653473
175485
691444
724231
123691
264949
632388
163085
334273
104997
887956
755214
742560
952140
413142
373404
104115
378799
462183
237957
10921
599120
442550
621652
419725
309428
100353
327180
764753
688617
434789
536559
898907
827721
87868
289362
755805
269376
525495
162771
436972
531461
960023
255877
76268
196923
435078
9534
343637
264111
363519
796454
658302
361564
225421
863790
764408
871929
995234
500190
426829
610318
451013
552994
792733
757621
873634
724624
902471
331617
569637
369948
868667
587604
3835
443377
357986
343863
649899
595381
266213
738474
330150
276095
12816
697010
430456
934690
855239
477933
805241
259108
806260
587678
659858
828631
955290
399640
871803
669292
879537
407322
333274
779682
485597
803658
963563
209187
931771
959887
537177
237779
404294
693439
829099
502927
452484
813520
252593
18336
208266
927291
973028
120468
726312
485751
688800
375266
664360
93740
415464
40099
298459
246925
972816
669780
874635
316119
328826
94511
593085
545373
258129
536684
464921
462961
776365
194968
199233
224978
796611
519733
474366
386550
745243
201158
803682
289406
240569
553813
225145
408006
23612
151002
876128
509781
55322
559165
418602
236662
920491
214655
285845
988673
938707
127096
71616
432801
804884
337333
149343
54428
545756
651215
213669
367246
664131
88646
582494
170213
247710
81453
955706
390154
23048
683499
779802
151555
735260
104457
334444
968877
15316
846229
353483
937258
696419
957668
261653
149040
560574
612249
485019
547731
955848
86842
854131
339924
374800
605426
132114
600568
721109
539426
756723
329814
781039
338201
151627
65101
843771
166697
577081
973404
448583
434816
122772
301623
152221
533570
254078
642588
462079
128202
267726
697336
238777
600770
386460
18232
800841
254328
526817
314414
151402
303366
445498
638919
248196
45855
934630
264449
145954
228598
480399
937687
766986
15442
773321
10974
707151
955226
828455
729008
354998
498484
356416
626390
142829
548542
490911
276957
286559
978304
732418
182070
61227
345674
469214
125006
314472
663103
764951
592197
824967
215728
538558
341197
874120
919593
610523
918771
975247
238994
986578
144240
462005
160105
57176
667465
378048
746526
890432
725732
704521
993677
997035
517963
465191
95299
842025
428797
389930
548134
250308
932982
790006
327715
793797
276331
161546
56784
166792
780210
152284
457794
588741
227155
827238
212310
224822
1928
470755
748116
167537
564401
25881
183706
887223
469691
55472
687064
104201
86983
491624
856468
629852
472066
617293
959350
286746
254533
117268
223708
286184
895354
325975
125672
760339
461834
421044
847388
461309
108943
283306
53960
326261
947246
558744
392560
965369
204697
423316
782892
48179
768262
857138
359815
657073
177555
711694
554115
578093
476135
31269
376245
766762
811739
492875
916373
325984
522442
775733
931934
563751
600870
618730
964429
464323
803553
128180
44175
455284
896067
381925
478778
755588
453249
592614
320021
381571
924446
826038
6827
566173
383885
799039
870091
529681
236264
188927
278692
285339
528129
7988
661286
316999
505789
413808
63565
343970
316475
165687
703442
373598
236911
359662
356682
968601
153051
896005
754561
436670
468937
680217
791658
316269
972541
68583
12534
3008
934661
696014
828408
717002
857117
668428
269878
876900
970968
963950
999360
956354
192864
43047
493436
657611
411646
814096
880498
613400
815323
763149
773810
108767
3723
61178
672463
101099
708891
144965
617811
967055
236923
414094
68802
103970
418373
789232
457436
415143
473765
728206
739413
976797
657782
817861
414140
859568
617143
231564
637975
883985
923906
785935
773077
221466
751661
977074
906480
612591
149319
102741
284813
770985
983772
688143
348098
603992
92702
104537
639160
125251
598469
102864
834991
482703
629493
907725
706549
508920
443270
166604
317348
916567
881875
478231
298923
839177
853071
490635
937927
113171
871613
893576
338118
56693
479755
711243
991061
660427
101003
137959
542481
911750
302401
392017
61756
90865
485570
817637
62329
681808
653053
78739
537617
641887
556562
82015
622528
93964
805936
698544
413908
164158
423310
594402
543530
947626
123126
343403
608499
948397
446636
985866
796632
992225
23882
739551
831501
148637
790617
952140
819418
393793
865259
743492
904965
41375
434559
544271
172316
739679
69515
581799
538034
294836
301613
732356
864693
575729
108046
455822
709284
337368
860006
365305
569630
719658
503080
956049
271861
675355
859107
237235
926567
525532
301809
195168
988731
632282
523148
187526
954825
397050
608130
867335
278053
308933
832711
106444
63860
812623
781198
129641
112655
162675
37225
612628
178594
567343
523218
72549
677077
87227
937620
301112
815323
722149
796192
604732
721964
873292
397936
949885
768126
488426
778811
192260
337874
267458
38724
894965
591647
990269
905191
496928
559101
1056
684114
743305
384870
308933
45965
462923
369977
114660
927480
456487
593114
904026
997494
382142
148416
467
194227
259612
971559
208203
651791
722147
880477
415312
989267
381470
907651
46509
847029
78414
727665
464128
815849
39992
926072
61581
779434
210910
677307
193201
497223
150891
452696
309856
833952
715310
391242
922082
70526
405192
941366
159244
195838
789005
788844
866757
277207
370644
274159
584169
982155
970913
927568
609386
394212
847210
248829
175907
652354
729594
194680
128783
942082
826020
685756
426213
54497
242294
344849
269259
376922
677393
617633
501764
487528
209393
440942
542143
514731
255582
475749
261321
659967
260007
712308
288206
835419
475404
591348
374309
570524
520475
373225
870323
596643
890566
699847
882259
875898
738655
167367
271906
513390
694249
334754
375774
586015
682215
864043
607344
968485
373052
639344
863044
768616
842828
620850
679693
337343
929432
395832
831453
880160
725591
909621
324487
936212
153205
831719
648319
904615
133788
277802
512567
973316
709286
377351
974594
365341
129342
842548
765127
273519
883134
535404
297774
204938
306581
164163
24810
130107
604297
946717
344198
773725
499489
58695
345585
72814
714174
138237
788554
742810
429454
572376
176395
142689
998672
976456
817884
291396
698312
741304
211939
806504
5683
389177
427834
610912
243851
25698
684700
887806
567813
13271
963262
560494
546205
468890
832315
911596
618387
849400
160387
238834
102125
186548
643400
730048
121621
564599
807876
923610
733551
844216
5389
785006
658730
431737
204721
689913
400333
673109
360529
125562
850492
493144
82212
969995
312597
141953
782206
527111
924620
758730
891713
95673
407729
525163
176620
94397
889133
5897
953117
350269
235018
695458
467096
862463
204303
126365
75199
216903
114611
938021
861662
14014
869059
255354
253240
111076
192427
853029
804862
609429
16106
78182
879273
576633
7132
207782
273974
565128
416747
956767
960214
626760
571140
807597
828567
819075
263140
997819
279353
987241
476801
872327
8645
984262
398358
266219
262526
492953
542412
273799
307140
295515
70769
958980
947276
125178
57801
466010
213430
274082
670604
568434
92641
638675
310957
488329
555722
229947
715715
97621
811951
785324
929014
715719
907930
516181
906688
328157
238816
11086
737937
134396
340640
968308
668750
468977
316445
105112
56997
838120
757504
601316
166327
230568
652051
727079
941809
828527
743959
155394
832649
418317
417215
330655
141305
599761
208262
950696
231868
381229
215533
868076
184180
426462
690489
958345
581306
416559
848113
91233
413147
697105
948619
320825
980837
765727
344208
373108
59700
547544
598139
809565
268924
703882
944170
155227
26128
4566
192802
947524
116437
31103
923802
848010
924674
563366
513252
761017
153596
665272
143219
430030
696340
442749
131770
737758
615972
14998
224110
606952
678370
188605
374467
477773
414160
755107
815216
674917
270121
916654
800762
521050
186955
614460
36602
169764
179467
239859
995975
255451
301461
246525
610035
138592
153208
22568
606935
257137
428878
407388
280279
67383
680573
949728
946059
248492
234193
540576
327768
567947
473399
316789
377944
444526
508194
164056
884848
663416
911768
355362
872647
119426
775005
388431
741620
742113
85351
495353
64431
475471
778646
608587
396805
294808
887806
297899
632899
167522
39767
571004
865615
267975
356396
884601
574629
421258
585983
576837
160468
219108
587763
951466
160183
437930
19957
232717
433903
711468
893662
422034
768502
811102
339108
587113
561448
272991
675224
15816
13799
80065
195642
818378
32670
222676
432092
2870
321581
219284
114138
260661
222015
994431
901897
66770
214160
141199
820587
977682
462591
854976
578340
664531
428409
1548
993022
927721
321139
48968
113926
815049
689703
395242
115344
574089
422922
734371
477555
872321
67495
84332
665087
963750
710423
404705
577585
622857
981594
564318
370104
709313
758270
859475
913774
328168
986020
266258
500434
596623
581388
98432
86906
706586
331669
69070
150069
925368
851638
539406
499742
907752
980574
73180
534671
792386
230697
109699
921851
579722
777595
644073
817782
86290
241166
540263
402334
526493
525478
309088
356881
296489
265475
779893
191492
528694
306816
150544
816187
562018
606594
230364
967736
342893
520510
308710
628087
136976
997047
719493
439249
11053
932759
532523
219311
936214
321618
893598
308917
631947
978660
345987
19483
389810
301435
834510
250434
818753
573370
919480
905418
894200
47564
979299
461623
434179
129917
599411
200455
497740
215889
983026
300820
178033
852859
681145
29345
757456
797349
238968
133989
47253
54747
110102
945838
430476
620904
411588
191407
545788
5316
237417
898554
106470
753636
64170
696032
96145
208422
295896
742414
571606
943415
748657
545717
765686
119845
95353
901879
29353
370365
482751
448086
281384
726509
411863
488013
153006
215033
818042
377442
517125
100266
298079
143933
802966
667621
820472
684154
183538
420213
251735
623705
404544
964795
352480
882832
672674
105188
337301
543006
194275
151707
372030
604438
826651
959400
870246
674383
796804
824429
773798
7611
517126
389098
719236
477783
291479
919932
962553
133214
868446
73470
665277
622671
776493
119512
242121
400774
900734
147072
116777
98755
155198
97934
155173
334776
306911
779669
357998
432526
808395
331905
980409
178388
739614
560018
534494
589842
86384
550626
784322
97489
147392
743284
235035
121355
792648
957694
726493
769899
441796
783875
608550
238186
599984
139236
445821
880049
721217
672777
286593
658681
33361
627932
84358
596582
578935
594428
457053
963695
92327
640121
165569
231643
348227
967183
722342
612782
290208
650859
695610
936778
137755
191646
686216
399715
965348
762579
493134
434044
296578
944963
668462
603376
198345
32739
782378
479980
734137
703569
54295
902461
199313
346879
320862
536791
733481
366537
613601
339421
712639
596623
528010
840007
970342
377820
881394
957773
368486
249314
616374
39886
329765
316430
180447
331686
560374
418824
866979
905782
134842
227416
732394
486743
191394
7311
483409
898486
226266
260575
370237
301836
256974
713079
390627
561903
976722
819201
583878
689554
494225
472306
329850
588760
534621
570423
340158
198367
237545
461392
266537
876616
596216
738792
481549
473819
905272
78967
909052
179860
427027
699991
936998
91343
678199
223343
895255
11191
601478
708619
981720
184750
360030
969803
898934
918291
742645
290891
578299
678192
852685
595304
385732
706338
154485
651996
978650
595238
436634
862286
331639
868710
922575
388982
784362
577085
844269
719987
464868
529012
494773
812308
880733
690804
472520
655751
178891
167987
810512
984464
820915
583092
939452
447027
105219
184397
361251
835308
413226
759621
997176
432894
933183
8427
506659
191995
804082
556760
100683
556727
746439
102148
244248
916469
801657
40667
185170
711725
899326
736549
589078
748366
133835
101582
22277
139182
25336
331621
948130
852431
128569
426810
912364
945794
937854
907465
696897
866116
478767
465566
677874
875527
785632
991565
525834
922584
417381
830799
609094
397022
335724
347408
776865
132746
35491
651697
251254
691265
357911
17124
434694
999875
91120
144992
8165
533963
30401
974217
366422
246278
342038
793340
697654
276174
860087
72989
752456
121713
145335
378394
34523
705193
920015
988079
46332
38849
716070
982415
250927
663736
185008
375006
137508
916237
903314
738404
286033
747205
121400
379087
107813
664493
756587
766968
723895
426209
58387
848113
124549
152117
764398
416437
99712
194037
723698
382101
899307
296328
796870
871857
184942
136939
624160
3441
215180
921949
563808
616229
225066
802609
979587
453518
57023
93884
228114
407557
805572
178349
397535
54040
902186
561402
484034
746239
736505
647520
973946
806559
808408
936385
769532
722767
861165
913486
527452
430881
164790
131626
543037
513788
297851
433106
986752
950835
598887
914242
84488
724227
571015
471545
580967
431385
748724
464311
604905
406382
903171
487512
275539
960986
489660
449919
960824
410006
3241
596661
262601
204376
353474
910058
90402
994636
949520
204985
489181
110059
377340
770009
345301
15461
666980
869464
721069
795628
155727
893664
785825
918972
133502
569857
728550
794191
390335
317928
415572
858004
644870
508034
337080
271811
373237
755880
394535
28197
953805
433231
676440
765009
397552
238404
537968
790337
242324
739895
762111
536444
753272
985108
91978
963505
297403
238711
12954
334701
787406
287700
834867
707128
995402
499093
265602
229741
836799
240200
759006
611718
48072
914386
626123
684900
939731
130717
983325
17974
174893
984551
835214
477034
206462
195577
96104
710038
870205
459466
958086
292062
432019
3400
315002
593763
98959
1220
138710
892232
27957
321373
796900
144335
470777
445652
603916
212475
854406
347933
137982
150704
848604
137686
667901
27322
154799
615073
201417
535621
573623
46849
440910
801152
696212
557330
278263
921130
13521
984327
21861
774695
372796
674658
262977
866803
540068
92495
995682
456032
930596
323568
274538
235182
943982
709951
142246
942647
61573
847138
509473
711466
426928
477951
672085
573914
956698
146882
124887
684194
41915
364509
756080
382707
803746
881878
747040
400658
122445
495016
820535
117994
728885
428789
201207
195991
148673
430870
756543
312105
477718
839100
744313
257395
581550
244253
249226
111433
159647
326845
309012
647619
498767
212567
91618
675638
721043
732606
450979
851718
357651
793432
599507
401763
70257
813505
954093
737108
998763
701263
296091
194150
251458
373401
240450
975434
62738
943868
877260
297315
62745
457256
992779
574691
895657
850971
764510
544843
436715
552756
936953
366137
926142
33484
516051
700688
898942
921387
405595
948898
958282
908756
903089
305127
268568
869523
485980
365511
469483
488954
361372
677524
940197
993486
295111
641406
509374
111925
323029
827365
989315
920664
398478
498859
29950
366825
611895
424308
366006
984111
248544
606302
840217
413806
424817
490351
704877
80410
924404
25440
68040
576261
414214
11923
572945
561187
22928
380068
927584
539685
454500
484573
47786
612671
242701
593270
849446
220863
308341
629062
828979
258022
863176
8269
26823
880448
960950
541346
32508
698997
707787
315387
303929
69675
503091
496912
791815
430595
237698
318534
53303
108566
916092
560948
394155
880659
273703
391048
3262
676030
129300
146118
649363
133358
280141
389412
350977
20520
736231
500788
658883
907187
430947
533202
346815
762199
811914
703835
586483
815251
661638
156175
455842
102811
881128
565144
572567
367787
67130
789016
440286
403872
620735
89745
551939
502061
717921
882938
482899
682359
762667
480235
485051
560404
820852
255993
914203
99783
496968
599037
638953
827117
381649
490989
843116
856864
709949
71227
446276
683032
378251
761127
281347
977459
767879
398199
155319
73599
386043
423242
558872
476581
163176
244359
303196
70188
457587
984649
99159
664284
678937
418500
142076
305376
807490
88344
561113
888323
303787
785856
267258
187615
841739
815177
479448
721368
582080
633779
669756
407788
564600
581735
746897
445230
20732
673801
875283
247465
233189
185349
334739
523295
596456
239463
952602
913844
605361
646437
886138
641480
850531
655483
659252
430945
85522
373988
249236
531480
332369
339801
780405
681596
823045
486282
605463
657663
813803
289203
954144
235981
679127
877233
933691
297429
74544
455739
745005
717289
522992
805559
221078
571556
941688
561214
458697
460478
439410
145762
125815
178432
360766
365073
948562
879854
733002
582203
571785
276617
766798
67140
488009
738941
446869
928725
369683
424697
252713
884731
868910
433579
578897
295025
738082
536372
600186
666611
660909
645811
274810
562156
479557
269598
814761
246354
553292
464181
452331
647197
373159
190892
769602
924731
895433
636037
649004
70714
919743
441011
927397
590434
626027
801392
213613
273860
473181
77225
886622
930457
788600
946624
494759
355708
931743
248843
812243
419148
684553
854252
520655
352100
429310
726027
375597
377894
659837
779122
235797
813030
330745
991337
98430
762042
258534
860922
223374
620079
11979
28202
789319
549927
66386
450113
196005
932436
93484
820165
282682
87987
188070
43787
61256
92811
381543
329656
143764
896088
67963
738241
414629
929191
560131
84192
978825
35981
750086
732754
653138
236323
923397
529958
583380
190083
549825
4438
174896
224147
471027
361343
701864
292608
608106
148926
679415
68781
143439
778748
877623
909286
134943
673361
376378
480829
520083
881993
389874
607052
442963
88669
762678
806567
111126
715982
658774
395820
34596
559087
526912
495686
619198
678682
137899
278058
360276
219650
716420
433078
49569
877162
460622
390462
285831
990817
611818
47057
94957
292049
795803
337873
373355
90732
589876
284858
591764
858658
745107
864402
973593
478344
694072
602241
360162
391878
605716
621180
385107
439842
346363
219428
693560
228702
795471
858148
677850
332482
5447
144707
610164
810079
748103
292636
914609
432831
83204
175327
383651
467478
217196
83769
708520
124405
795676
618767
346502
722139
207268
450704
295889
611799
926574
667863
118686
104084
31327
231562
923664
973581
424556
891133
151235
290946
418751
511358
709792
449983
419303
583661
667046
211471
261491
731309
438755
911921
853115
733972
112528
366899
415247
329364
328655
511633
776193
542356
151922
991810
149889
161236
817280
224660
957096
221543
527831
810703
440632
423203
813752
752508
970405
161883
690906
451770
453571
86365
48037
620739
158282
594465
505886
221596
85501
37405
302503
984968
826581
112763
722894
245059
445575
987689
576217
143163
666950
871254
479579
595494
173105
802806
925222
627243
324813
57260
409392
405405
624277
904574
342042
473950
301261
621139
930678
812763
827507
408235
590735
381763
153013
309325
42158
200423
922969
134256
929754
964682
326968
382055
346221
752482
246964
825243
723874
87519
451773
82427
577307
675308
480162
974863
453942
933508
990726
802920
485352
923457
525310
874065
128721
582798
105189
34262
192057
24950
225435
86206
100572
715171
234783
254334
354250
873360
679799
143182
192224
282779
389757
378721
397012
517961
316515
212364
959281
18239
746048
670502
474923
472681
770383
243497
687730
347924
848696
378526
528927
186303
150498
488917
955022
992271
569517
802249
332207
699860
89672
447733
178690
925802
663524
585048
36659
798775
455243
100237
235966
460710
366165
809541
49903
836368
99273
555144
345612
974839
793319
654372
999475
676307
51360
709656
608642
640363
392474
532324
653071
300223
987464
322037
63680
403996
452519
150746
956943
494257
155559
494329
920350
881957
828321
767487
43422
231554
523256
299617
456311
96711
517199
264186
232723
280925
152748
330765
865859
111244
117709
32170
870004
586432
715849
113844
554331
301607
180453
78778
931389
339140
741979
409006
688646
311991
84117
210943
605070
689052
594135
240921
759759
151402
755892
646064
830583
231612
27887
294401
111636
821966
814517
967508
359734
966547
217005
516283
514227
950766
655338
942385
429884
617904
151296
502909
751948
689037
507678
741680
655955
457218
797834
826918
375149
901623
87844
332406
506598
242511
474240
780478
165589
951614
489500
981605
847412
956151
443451
245690
560011
8827
495775
79819
984445
9470
807796
535551
762291
488657
469022
792780
861543
767802
245999
852752
801731
325149
636807
221467
513824
36182
615887
964584
955587
4527
574054
949327
425391
966533
206157
979097
212428
171613
663771
410397
784287
291386
730676
873273
216986
773760
365653
897986
225234
402097
743357
343512
52387
359458
842688
92953
424942
548688
42066
602001
698801
252929
565998
844239
536511
462721
704662
530933
662960
602149
738853
991872
222862
162217
295470
328322
719281
726711
969397
893496
404969
359358
88574
371279
442155
783011
387640
98610
44466
686459
147324
689129
164285
989901
952636
270935
892981
34493
436313
497218
346622
785407
383487
771275
969117
465617
654174
290584
529864
846852
669939
457382
450310
385969
680500
496260
975407
401906
208116
343823
546576
221535
630965
445432
452414
914264
111464
389671
626759
994219
140359
205877
267859
478030
731418
961572
80350
237566
883217
902830
976440
452056
105952
439182
64632
259245
890919
434873
723961
97681
381882
125520
303414
524603
691204
80281
679800
260118
946675
129601
149634
418942
375800
138077
889095
228542
224015
105608
756141
389569
197243
689233
959256
791315
244979
777328
470504
776439
782161
946451
916164
127712
841238
794995
154495
429249
485189
600265
366784
335105
679333
687660
376495
940090
434987
533470
535621
583474
317783
220119
215102
197254
956706
508939
543417
479320
521706
764999
145441
429331
560148
451290
247182
447451
124733
258710
842386
663119
341620
307845
108959
409242
545905
603959
805722
932084
945604
470958
22293
262508
276566
496668
852078
676014
697731
629153
74065
47752
278488
93377
878832
658931
906454
184791
327296
48769
273095
513184
642625
991297
5367
570550
790492
54704
60603
515304
15489
56992
827052
403805
812103
217790
557932
615622
45133
378169
679694
843004
882626
743045
366762
481027
435532
678637
792432
448358
5770
166559
704949
399560
70398
691039
113854
114088
165237
294613
640577
347843
869840
285458
879047
558527
656064
754919
579594
390477
898640
63318
302888
330719
651937
706278
75004
792372
225562
48027
950121
130763
740163
848269
988192
150205
199815
318814
516817
927487
302087
529887
73337
17284
712414
843064
789264
665596
132363
891285
705821
546290
523782
385140
35016
353140
102878
278091
244015
935919
942269
757457
4984
280877
146621
857155
736444
701674
166207
904847
359004
533492
786748
666293
37651
463841
139306
381755
468305
467308
598370
567202
191672
891635
67043
396246
237700
629003
483652
97502
301214
479745
64926
516156
796089
349212
384783
399428
715679
489316
599452
298231
910693
555203
683644
533632
732229
411721
858502
921716
842502
147921
990801
513916
316777
381040
910879
735503
661566
832932
27019
988680
265839
67631
357600
68802
180269
250373
709809
978248
746960
698640
397057
161554
191182
504100
210510
169798
907249
618659
337897
843650
904670
280386
409747
197282
808852
434819
110157
477836
302312
414464
370604
123703
848072
680513
23630
699950
365484
428792
821018
394321
991922
9196
891213
438934
807657
32823
345204
618536
629105
891972
981157
793753
635127
483483
394442
294981
161896
576751
62042
521564
950160
902160
443591
233004
230291
148671
928685
862101
583800
960763
972475
31967
630950
812934
691001
188727
769251
747434
810543
515793
468139
905726
153465
654018
606952
633179
372282
235806
28942
525240
311405
454290
396531
639377
441979
852667
483802
304735
223016
151464
190728
838219
655840
461910
261629
954119
382689
469077
769675
449776
796748
797933
116322
78628
172127
524971
562614
958155
278563
192527
868675
844389
456363
851221
656127
482948
879251
603211
346581
515203
531895
85065
178881
986442
140200
541065
613328
111357
396922
757621
53957
183757
482324
81495
537160
971399
671072
463819
104164
895241
946420
922601
324801
992371
471621
371901
87462
394994
645039
359154
795964
93111
836696
685514
12858
307758
163699
68796
1577
67452
525338
720744
512813
698868
22922
720883
805772
425204
686213
783302
763750
983045
297487
716390
372027
968288
12581
454611
332367
234503
233179
957991
705775
465517
619121
799454
71655
79409
769085
276232
785224
416406
697997
343103
503557
329562
359049
805794
125216
228612
624048
147269
343861
171773
253527
264670
833886
227209
177502
992343
464562
915218
798141
541278
828107
688129
761273
664169
553203
881849
354565
453131
221009
715812
385901
520675
542272
439960
73637
67808
549014
232606
496634
485275
32236
779789
968965
754521
276939
596185
982772
147694
16680
925108
174944
895732
942034
364587
370172
913241
502043
876018
951306
252950
100777
899763
185064
109457
698247
975588
624919
331187
348887
472691
196030
885005
681483
220924
84709
851966
381910
205876
61328
111487
254463
816831
34660
396507
363935
73025
279297
484677
373354
309149
821129
776843
377979
946227
440342
117947
730689
201260
806783
514360
258914
774325
378721
554333
416704
512050
291367
257387
5729
869252
74244
62532
90176
495759
90950
171350
218508
503175
190861
787954
161975
278865
895289
158116
734366
472067
500811
668961
764878
944722
779102
549620
450504
47419
659697
4044
523619
767903
751122
776930
491522
4172
391523
264825
610911
658396
293885
649901
181973
527053
864341
965085
810083
888392
580772
552613
613218
342433
100934
56373
461204
792378
764424
316783
218341
519513
253531
905977
226111
909424
212496
154216
680879
40166
758469
366787
792771
600770
942304
834350
425624
915950
220422
785569
687878
977298
376949
332313
874747
325993
692348
506835
703791
425705
375403
106060
368034
175020
181292
91864
970260
68731
954183
412523
808539
386657
562858
108370
936378
343868
177613
451883
94829
366277
955911
994655
280860
77023
238652
653972
414896
806872
214944
127709
126955
423072
625295
489703
59567
779548
505841
711490
813532
854981
92556
789530
66400
698296
334695
616899
193566
950486
333018
467408
210363
740811
612365
650356
706830
483048
5564
315659
414371
979530
194682
927368
121241
365267
293023
524876
859209
95772
669658
258686
660007
138649
543132
393842
901418
411120
816197
675743
881098
39679
152392
972100
355932
763822
471124
191864
465452
740569
255610
742650
254152
69372
833159
775059
45990
114079
404180
476634
811862
659652
953961
102909
551243
334274
521693
621158
675202
707987
907629
280448
485397
367392
499583
731672
136858
710884
863872
92172
766817
828840
7206
368534
284152
105153
966856
218873
529259
293219
265269
872019
666831
666301
83537
835510
819087
815404
958243
486640
753154
179978
205447
701843
850400
811014
941477
457469
7209
190579
985175
307208
512944
456589
7684
716223
174888
230583
936637
473287
307833
53146
164480
223203
21219
408455
648999
470058
291422
774534
636558
306143
261106
554812
802320
443834
758981
496191
87415
642686
791799
907811
3169
682534
681878
457245
578962
283613
57605
933808
798727
444867
44687
935746
404805
967732
754994
959653
215374
861396
668044
504157
25430
385624
634506
721832
643295
893058
860237
932659
54957
301617
372826
438966
859624
332961
233853
698777
885614
859352
691706
105480
63306
308696
267431
10668
125165
784805
174269
894668
557785
412910
838873
159669
321501
876484
236502
788214
572756
939667
225740
279212
885511
578086
208595
238297
740072
150458
885239
379908
623324
30045
872444
559142
718996
501029
319029
25944
769277
616544
357153
8358
321330
937237
341447
752622
502924
771240
57653
727905
699516
463690
837749
445702
600485
295872
309457
337464
308609
233052
72368
599177
513616
414589
547293
118810
974981
631586
261381
418753
632884
197670
102681
814612
88872
460663
89013
416426
374932
167408
865003
465129
481664
431907
764
877479
618409
611026
151654
900489
852578
709863
47960
809462
14432
328594
597593
672599
857712
99695
968543
879451
505489
9852
837876
690560
498134
185301
376525
689390
63327
751432
224581
186194
365656
654049
851420
474794
16403
272474
356664
957397
431118
268674
11526
149437
733066
335311
48494
689053
363546
230751
76113
178366
560863
538674
706261
694914
992984
439572
696782
559151
347357
419185
614447
762556
533488
56491
243286
482681
346693
788767
209286
535531
89377
651359
87370
225112
963905
284722
674384
161812
812677
78780
506498
353207
446073
721781
328020
407105
299320
775976
451146
85481
1992
784052
467921
502660
575709
593574
895756
496434
928297
484128
55357
334798
907098
283226
129576
314884
339793
248413
962745
145958
958742
121506
58746
70130
498872
28651
613051
525085
122836
560162
693267
391692
763207
258871
794701
522717
658030
171662
14939
196348
27399
95491
233831
244978
534835
515063
577322
191585
994217
364766
273764
616977
354858
328048
208892
424738
785455
152507
892677
883724
804148
368986
816230
349025
196745
256252
645672
528802
240325
631150
171218
442929
170534
374087
275524
459722
994748
233603
245035
980846
24538
738091
240099
415968
695867
378393
289378
388716
644324
28025
103201
470915
869092
83029
143515
253082
859693
907129
824043
951424
803109
114394
136243
456047
372372
207594
997241
157888
943357
334047
380491
394338
404458
116673
220593
92112
793964
174606
94424
681059
601477
786191
670633
376695
665081
54195
111384
799938
344886
82264
908564
468668
429918
538028
518582
810137
56528
807442
983612
471127
682626
264942
977876
674530
695504
660874
336350
514207
370100
932968
327599
708008
378670
661354
725315
9303
664267
239686
361643
283339
98338
155908
262674
466544
677922
505406
690414
376791
821638
433145
709145
433126
958176
94087
587468
786579
116423
661337
846575
831459
393623
671455
692055
66697
770650
277508
877707
288837
574583
388222
513112
552207
798366
946140
786601
698044
589431
388053
250742
322468
592275
648607
530022
317422
522363
937514
960013
295916
184990
672624
541949
482288
510142
310273
837686
287711
31450
834800
718138
449172
396148
253565
222206
500695
50234
483652
99364
537886
918421
996143
303963
926735
965556
91428
718700
781442
279162
759499
571806
279397
46589
389886
781148
313865
760963
752301
378506
114518
123073
492943
856755
588383
376119
996199
248713
223062
663689
453026
318357
566975
872478
503906
605434
696419
786330
883256
666698
232666
234346
715485
890390
38072
167608
733672
381247
472324
136185
806970
185416
630260
257594
924857
984088
955066
57574
421273
767492
109228
509858
975624
665445
515458
592914
871818
598987
288620
156067
839825
346118
253070
658927
943826
213862
662135
726081
183847
111887
810768
987450
512443
397831
387517
933242
396937
32574
294743
298402
884137
358764
935893
758406
204556
9870
14504
888365
73696
444753
413050
775103
252864
907376
967015
286742
920474
798056
829590
66895
439273
697425
58847
457774
918095
596851
136989
402595
424576
82981
779991
62767
436553
146652
139648
186956
925025
270191
363411
512266
381817
502875
717745
912304
125237
893187
776847
70540
91618
765354
831270
146142
615856
414002
889450
965329
780569
400524
258822
533994
983903
229786
413757
585229
700677
883454
184947
167930
930993
713882
582626
641363
590146
70817
600135
623436
338311
814505
595081
229430
865198
244761
54513
811023
928717
402930
881036
523516
928888
528979
460416
126379
911250
350557
490102
176635
34610
324079
474670
850976
146259
498284
799393
972059
357402
930342
822182
195932
731684
654728
129631
925365
578045
256222
122678
83075
409428
829574
754699
815640
988203
201441
521001
953463
899061
601937
613929
624645
632861
266176
911854
567514
902198
68441
163302
479212
518790
817977
819133
960512
43487
341085
685228
238950
969573
97107
305193
161596
928388
400844
568303
834637
15223
329204
756033
242878
817629
511583
936559
288533
643081
45194
549557
978643
361346
801534
926333
686392
812985
751548
306685
982282
958631
711360
404813
941928
969255
691097
866623
593014
380071
500174
28378
490610
293372
856796
293586
439685
778241
263729
940314
935981
531726
58925
117178
507933
882258
81386
989483
938434
274316
502655
395372
886256
919237
103371
892308
159464
913602
663713
155930
423613
241969
762102
847081
276890
973180
36352
688673
31790
175157
42706
994560
111698
277832
747863
737189
644295
978723
489230
210879
317664
820547
382558
134312
496519
382251
343103
900351
382594
200330
662664
384380
960014
253693
728653
773849
457646
93807
401208
13643
586011
161134
421600
218596
871388
504825
624840
846760
912350
757895
438301
710730
333396
899243
511910
841143
676538
655515
642385
341959
54203
532677
597462
331679
239602
933888
15844
639109
685331
502058
230500
524175
101797
662916
337784
453878
804605
134554
224835
988518
952461
647004
321150
291296
376233
15301
773902
574178
73017
786806
45191
52454
395888
549184
999399
725377
920012
642380
931640
248909
438423
6673
954332
574233
242261
18429
588370
248626
39503
923505
923204
354028
83439
419491
143883
642103
485444
113596
799326
362001
240278
41899
769511
997028
961640
720285
310241
944407
421244
953837
988209
672873
368012
687140
349989
380629
143290
97018
337478
751242
817141
461436
796739
158920
49117
828817
80685
901283
857266
629879
805747
40919
531994
248742
914797
585280
187582
426108
732779
750764
243545
702404
769316
300160
324731
9580
769915
528299
85571
479461
958604
6031
808401
52834
254076
638235
862025
464993
137421
695539
399645
672885
26146
756944
767908
369763
282272
3461
145957
681499
27622
905923
843916
225421
87484
553288
461194
25083
227562
549631
201505
884670
561049
340919
613546
972578
802076
672716
102820
70726
491518
348684
713135
532267
876716
820909
484591
918669
367393
359533
686020
890998
353598
649865
544982
937340
223866
426185
674323
792939
951815
121330
227721
307842
332135
608747
434326
365432
975271
957638
648759
667778
903776
594792
90654
135601
204581
592915
413049
911342
520368
831347
303942
857665
720721
889277
991431
406941
417311
421865
665475
808586
330293
826955
85037
370750
918606
188434
686986
82361
250252
87599
986817
958750
508740
719617
124306
485938
248261
595901
848737
81335
634209
507638
770486
275441
549785
632523
528629
973361
260851
839278
951295
682107
908628
160229
712655
959233
115995
513799
319528
688121
82381
947901
696554
848855
195006
729021
53257
111633
723977
368715
879044
334985
411886
128393
607127
925415
54567
369356
312837
426801
928091
807395
666340
661766
930858
433073
898195
259876
149391
977632
649623
851307
151007
416764
915030
819618
409730
742642
282008
655117
970672
147006
259039
578164
887506
534741
517692
782332
67617
835867
545248
661934
265973
959232
231714
708410
493055
373804
183708
479419
63797
282117
318726
735014
736764
188153
333049
677745
736074
936270
980813
346515
274919
180969
167737
898195
969411
948825
144499
627718
472080
409520
52462
309534
817195
489507
124098
662491
146332
892501
167649
73367
369754
316894
879666
132898
528264
174558
421095
750490
497556
878579
687113
336610
89504
751859
453946
169657
499480
271325
559698
998187
761641
218037
608833
917364
74415
817009
706502
442088
638910
184655
408076
116298
428555
87068
811395
200962
895018
283380
440470
274090
240404
33108
451592
296719
179268
316746
272433
727367
605980
967852
146192
612285
998871
416535
408562
611449
46508
481878
906382
289548
720786
811441
771495
903268
435662
395203
313862
636329
532196
431217
524889
462002
148885
850275
862954
708372
911002
706557
165058
979992
215836
546435
48203
845951
810078
927700
162457
455988
201534
697154
606470
748506
228737
701658
769767
730628
525741
225225
587070
831441
154165
260011
978651
91832
965171
719956
334599
281295
103826
266079
9531
75860
611137
715844
578101
327772
443574
946833
743184
236304
727564
17269
79850
600357
499037
123362
930455
917851
681541
937134
57987
3794
541467
564926
830918
948907
187141
361144
888512
332563
778845
659827
943997
312166
560872
740561
916921
837929
26131
198382
628037
298989
679777
87676
47504
916826
643331
403027
265522
611061
703171
148646
244355
658501
192602
486515
394795
691651
598194
804175
503249
901270
14264
969571
738462
847298
618255
494173
567816
257059
641708
813263
839671
561307
630155
708415
240022
628344
336022
606323
388285
71262
480895
593454
532214
247679
312895
863376
974079
378664
63084
263740
950062
614720
587561
808393
22800
595523
717418
156824
659982
993623
982957
104334
265781
497856
41863
775278
366117
274840
757506
483606
600782
569627
81837
856226
79519
900909
879901
447467
213863
838901
203004
332243
844841
57026
776872
957236
750141
970963
521941
653744
819830
109824
178463
617696
48636
728068
150790
545819
402184
159210
288399
894728
822065
132970
377487
217692
854621
562033
302272
251938
443933
290188
473274
108602
677683
551700
230750
494350
546301
235681
276859
763095
263688
366364
666443
188692
30056
987309
166683
29911
805842
104643
781698
63190
242640
299632
239296
21252
520016
524607
78764
47851
165395
194542
320389
897179
380996
705109
186173
760436
523720
935106
614307
745075
953972
214724
136752
302699
805143
154670
942532
992628
828451
839832
463206
196844
264174
637931
585168
636587
715037
944118
555640
150701
958770
560476
187620
854042
82881
8009
453368
753913
187901
254979
333597
319222
256754
916397
220973
329303
670664
902134
436889
102315
350027
628907
310119
615329
165753
373177
76977
208248
197758
636602
371882
559188
852041
426064
367899
852700
189301
465167
409723
780509
95059
618428
162519
271330
95769
160625
625488
742204
602910
826958
878278
297159
956862
74064
139764
799184
666810
657694
746160
72793
278128
501158
891198
63187
491039
92562
497404
94891
582543
745196
327697
618737
462080
761284
937984
291182
648904
790429
124666
684108
760150
878648
241000
196033
286393
309310
911063
296573
691300
952052
606385
908364
108483
255165
25813
121005
98002
190735
318655
448269
583936
174245
978405
14891
983079
276248
711684
120531
331855
228416
951496
381462
59677
947532
732291
379476
382146
878767
62293
222029
110835
230352
175784
692658
648204
757468
356845
477407
207704
792156
130139
763323
459687
262678
444052
968354
184216
673549
702454
928000
79577
245080
819672
180368
280102
825183
844461
677373
735206
859281
108459
272857
864460
887662
847478
497166
229782
825615
14946
690221
763750
318727
110018
729368
631510
907891
791866
803078
310855
398212
253208
437233
450712
74838
43833
927192
573644
475910
465255
452105
235686
359047
651167
52871
819430
528049
33040
784758
755296
397286
941889
835143
456393
546975
760667
933403
56943
76462
62910
337999
868496
108919
236256
73996
109300
424102
227773
866381
725532
967412
116384
402352
902658
463175
393463
17339
311187
561228
553438
525213
518758
322753
670009
988203
610378
656134
861534
829684
920098
921299
307931
549770
514948
845412
969228
950321
955491
423070
930132
13857
313476
363417
996577
608816
437572
280390
678611
721067
301082
24913
79209
328882
306231
830891
951283
210992
519952
398976
603811
125902
433756
592950
368579
446422
248865
410978
626516
167753
638511
546603
56172
294896
54922
72251
145709
134009
10505
466798
439741
603781
639981
30636
872442
875826
855182
662328
968765
203909
668267
648142
384587
129312
979046
51894
985631
613518
875735
979246
38275
857029
330030
28812
58603
921218
328762
630960
474899
256632
313560
407958
653664
274121
915891
612835
397218
832614
991838
875695
658984
506228
176601
51033
103329
804360
228629
174438
446221
520358
35119
326108
613593
1535
825849
577039
465336
248661
918983
263776
301083
540369
104902
829537
486256
515052
961187
636131
727728
612202
351438
737084
467623
222585
873046
653758
793682
683856
444346
274304
977376
989879
749825
174848
888047
373033
654926
978134
614961
495069
180472
472227
994847
861653
964578
517433
920111
948378
93158
635140
97674
516708
444735
360639
48947
482409
99196
984487
711387
652695
453888
627194
598796
310560
671336
700869
359762
180762
335330
422974
409147
189094
761844
134575
964970
548013
378665
304615
993190
327752
140868
683099
499395
571602
127165
759897
773109
606480
533015
405802
832766
348851
220159
107724
283984
337871
104051
928551
490528
31196
752029
683790
497218
166041
152247
418167
930983
803695
765553
60293
243830
346369
200325
127235
627195
482614
299436
686908
718562
310450
458958
360008
856265
820104
726126
426696
156958
93279
717919
163114
476033
729153
884077
195605
375861
316797
801374
691692
702221
674069
873460
684272
554977
291567
181009
646042
704165
616561
452032
619332
926719
557852
946743
616999
543983
837531
786113
53318
593634
211602
642367
546126
195177
718829
292452
852993
9715
887817
256242
176702
393067
626435
990904
837775
503346
854625
974959
353093
239794
478048
789541
133078
442616
66316
456273
175217
890454
834954
8800
91462
112753
947449
844094
221474
360397
498509
163347
283026
745033
389867
497906
962045
293614
309587
583657
74634
771456
726210
312471
636639
401118
564570
439877
771902
101241
78206
209074
90142
98411
29520
939718
811404
443097
931298
156898
886849
526174
660106
496283
521874
468
603351
632791
58565
865224
92446
989256
950352
962253
873853
304874
320991
790140
322063
370403
75379
250473
631494
234844
511613
66461
172679
977770
595797
473323
221226
447930
274222
634899
107442
580410
844632
681856
455812
531580
877309
614263
52417
674511
905250
250483
857963
488876
218689
576627
304199
200013
38390
535219
538119
674211
700146
318510
358331
495822
345024
769216
477465
300479
501572
397392
702999
941583
263549
178651
337027
331921
437141
340157
142507
76420
938027
739057
894859
751974
52304
412346
710213
688794
557560
637354
712882
856873
114919
653728
866416
63399
597362
376782
670986
340303
796828
905315
750702
415897
227158
770216
4441
581154
120262
555482
393461
365579
693431
287284
327623
986511
44485
788239
79108
405716
473940
133023
277169
581424
617059
686482
885507
293428
415442
360863
928126
772604
37688
646600
480077
78700
255368
867726
592833
261795
791812
314471
148053
830163
546508
463487
403095
78493
559683
897731
620843
413403
888892
255692
443887
939362
839993
144680
345916
966944
489285
267395
905533
958096
812749
559213
95627
770929
59404
821846
90815
28341
647866
742723
671872
185980
820508
715444
968842
874548
553471
324286
4728
371267
894056
929279
288393
566015
487480
306211
110297
434878
317290
993643
712552
625274
350585
138846
720555
140034
482213
399619
511617
906657
922024
696472
576911
785654
576542
655435
387670
666750
359913
183128
881732
500652
346545
759139
51497
446113
166906
681426
183040
390165
270824
819011
485928
366300
110047
892315
3076
691894
364870
320811
221362
85237
477454
296512
820690
194635
335322
653988
419718
203615
473053
286131
694166
939717
92552
480600
830987
741360
91415
830642
856290
861503
841189
953145
324080
597910
545709
631242
584205
9546
508509
530310
89949
487609
374011
847847
249227
938415
448432
270733
27821
827059
599429
647272
37020
451960
772199
362394
505162
584068
831745
472949
6693
523566
903806
170446
248330
875098
254461
454678
999032
521544
778465
475075
520539
86879
947278
19122
108918
328702
233786
220492
317005
181846
314786
711804
83876
939709
635589
613367
907411
246393
705253
86847
227518
11900
626485
509433
524430
50557
978803
491291
958929
22635
134146
746201
468083
692941
954665
453194
500586
412615
468473
827893
483243
425551
403297
547702
466722
352939
859999
719613
473104
939473
324427
878174
73988
846338
989288
340140
382155
111006
228807
422361
714071
433920
444443
766879
950078
764955
592136
428044
501944
752255
862958
414212
610727
530125
21575
996889
400881
526649
276702
259979
963677
57080
452372
404839
578508
411740
960120
164408
831590
658973
235204
524979
627413
714125
807482
306835
257223
256612
226306
949256
783521
531458
782606
766030
649494
54691
485749
253131
245665
7612
750852
224477
201597
651092
409956
493142
579164
515887
835543
312759
989333
81112
66601
90387
676960
244068
816277
467237
435464
459227
783824
348626
908329
389540
78569
384783
609594
62450
962414
448470
68380
461417
770872
46494
867129
172918
19485
880492
931304
606427
853395
471206
780402
148929
11504
743295
405063
13076
538397
148725
377105
397956
208820
816151
691197
382663
377695
300466
513687
447551
274212
810938
821410
364500
721667
328517
891360
489403
388828
730569
754032
438844
121691
910901
990492
468249
799060
857339
36980
850856
193523
335520
427433
474822
438993
208360
373670
500499
249574
206111
553200
994984
396108
475066
492251
131956
43535
110330
907655
588121
995034
366452
130155
821681
187775
926803
385951
27016
48071
767976
890595
365521
409212
913753
646214
240471
488161
20933
892816
60641
207322
659638
278266
527182
82661
151617
219100
196691
827281
881563
549925
618638
463246
345194
857476
638585
264684
857101
508180
297814
898320
387949
359757
249425
602949
65116
105763
235650
184173
676271
170887
770808
509349
169483
767334
30554
680368
178218
857572
939786
860958
230055
857656
457254
337281
124088
691528
795784
552193
424591
337620
131969
202056
913481
958052
496946
398329
128078
240105
981056
313560
662119
603036
54550
509856
188711
484451
400621
231094
168980
709793
154302
366898
808005
804300
36931
513876
101314
830361
641526
18545
982848
970605
801755
952696
944429
18412
263052
51759
301646
721470
800387
985950
625022
681240
259877
27069
999540
34834
424718
728543
356947
858463
971631
880752
726981
529148
269160
133591
807782
141820
990136
857233
230020
414354
75622
290172
443185
779118
762821
315898
879397
904194
344299
56883
410187
113323
812360
605133
803259
560763
877951
943344
250762
906354
74394
990897
349841
296998
986733
14466
156082
743627
59664
545790
934421
251277
184371
542698
331517
284967
906996
51742
905407
588558
285605
87105
854425
62846
855636
792154
394049
417125
376828
359599
836197
344976
145653
56950
939879
499083
850470
258347
815818
238787
355587
342713
736057
497142
490348
226002
403178
676119
731013
481065
270946
625518
879923
995419
138439
808591
349458
700703
489357
611523
113304
57188
836793
140995
666601
684492
912023
213293
282901
980099
129491
960588
889506
812831
901404
959388
278207
574713
714218
620012
734925
308234
66689
114673
638259
438884
54598
390265
485956
617020
201595
813654
57299
328642
626796
698151
250557
188017
185831
34800
886974
648060
896567
7609
149955
843013
723091
703468
126441
668908
445251
423168
62159
918088
584126
822238
713530
477208
204728
41187
227897
783701
502495
612495
461907
352793
849951
543274
974799
36259
919616
615257
590777
53881
918958
977046
814027
309210
200216
100715
135020
156743
940506
821808
384511
961016
746586
10099
137695
469339
871458
297725
586405
953193
174751
460868
582612
118271
848947
14886
412432
461431
816467
77807
385052
558907
572190
94407
444486
190515
362303
574901
271652
64381
370660
432622
44307
635440
156471
590014
982169
973780
902927
231603
350570
525931
847000
349943
358257
64212
189301
798541
937358
59482
179340
809644
973856
28778
983516
737505
248686
216028
83766
644130
145986
619122
191260
886537
640663
988358
837381
549901
913595
195320
211743
410898
394453
425567
751099
879907
944252
479411
125460
45740
295667
846965
981150
767460
950168
238755
76489
123060
314860
132723
211915
839983
727376
820607
812579
97449
411576
339313
871423
559668
554912
17374
601302
811509
818432
587694
448534
750304
396131
23031
202816
752962
672925
1317
340850
494378
996405
179771
455785
731252
217071
439516
938009
582846
298149
247146
39581
230485
243995
617280
985925
128070
869599
649122
270013
38679
634625
127987
33566
150857
246443
421122
669145
97996
77648
581286
715401
64039
907733
643126
844615
195781
869067
823198
629418
892655
650312
997328
433895
466378
815718
307179
524947
596225
165485
774443
620114
845866
321674
856027
627119
503677
271734
827992
892631
359284
544513
346456
714433
785666
659642
406631
375272
739014
884688
120966
331447
641771
112199
558162
862792
285120
458297
424787
977212
974176
674559
330815
855201
638164
277046
969606
982148
378182
754482
109974
231618
60950
799897
87095
763958
574063
581218
20208
598075
712236
677660
970895
94386
861788
641938
593299
254767
837886
437058
508533
864186
928536
849438
43244
925447
59663
685319
46139
340747
638305
30320
549637
257308
890182
266459
921667
444046
260599
832652
107664
790826
251884
386581
191129
428044
508147
446236
698186
648938
437971
782127
791494
749976
100141
454974
679179
424310
161174
422368
648116
116191
277732
633611
637167
396206
869346
958639
67120
884628
243903
863845
130539
430980
94239
608131
376330
177062
882637
117481
131769
923155
51482
660732
643884
242599
125604
87887
260839
257759
391866
85616
921577
957429
343271
826257
784311
291301
865628
778517
862766
386930
230812
112623
587132
89104
850813
613747
812187
517622
107594
930056
154300
392066
710232
954611
576231
72092
656658
831502
489456
233468
566162
275287
760008
786033
760272
716259
50847
933479
350260
778068
485913
923474
443166
913946
521979
209844
424320
513869
565034
165634
532055
175253
391965
761665
262732
863711
579407
203345
478046
550745
722279
247846
480649
759906
343135
906342
746962
928723
772414
515953
565223
580903
171020
94750
785729
311740
300853
106142
985112
179759
796960
593570
780630
493218
260437
84247
872963
164103
886934
845877
594290
410870
534693
529799
906714
727935
248963
957276
451313
977468
114586
811055
911668
100667
313239
624848
194609
775424
431578
554751
181921
542551
411691
408816
656877
482007
553270
927702
27123
857386
705753
796700
315442
734054
705898
534427
30603
592316
420290
78760
145955
824903
50634
502348
409179
874543
640567
253676
192727
50497
163581
216559
495320
273781
59026
588390
41328
957829
212761
886251
924897
14781
327984
546070
980979
31397
741923
486598
726634
794593
576687
647439
792097
870373
938105
646213
736167
138152
474199
246938
721855
91218
371950
906482
89369
640014
93037
548968
681376
575442
581459
957703
353673
346073
303472
607593
411943
88476
509922
580362
859041
405678
979918
480190
935367
896421
336324
791826
518985
671403
787282
588172
498638
219760
115044
810976
148762
795007
388131
193374
119390
176222
915220
754395
233383
266803
779093
458312
106195
280607
646252
550189
202807
993766
333850
613
187020
357878
523161
641452
61949
667799
306365
722217
939626
774214
684118
580518
394806
867790
730873
223103
584146
579596
300251
739594
565754
426311
415494
793861
151429
527193
32227
123021
692389
796602
542804
809267
183812
762023
155938
793057
602755
868798
754371
979411
722973
372887
904105
511016
35980
339111
401048
236490
207003
449746
871619
664317
741916
898198
785578
38153
937115
618132
628141
939832
495677
856544
517005
708240
61202
161117
373480
683006
582507
404602
550702
438724
922617
115878
279643
491559
389661
324430
7722
731439
48283
465973
888478
646392
731951
493033
239491
298083
305776
875901
760731
756912
589284
998273
393095
485033
323873
777228
899597
275198
193753
302070
887344
213757
328811
502226
397838
95720
268438
763059
285695
300299
853248
920274
959191
720835
355948
870557
984355
849762
139289
750226
901343
358364
299637
133262
945481
753751
450683
438067
990757
278686
82833
43899
271633
78586
905166
727537
954494
357681
701166
984380
786575
448719
765638
580484
672533
689505
89876
52267
868616
561943
98950
122423
936829
353449
306396
69653
838050
630206
269095
312315
354715
847239
883645
85644
376241
637371
869440
232807
268940
530403
775214
510461
730435
85873
697807
312033
467161
163226
947414
646239
8856
980647
354104
167647
554737
606257
837129
748564
279855
700023
436169
177144
534857
847351
350162
508241
336235
392698
474923
643629
859044
635649
782626
496701
177882
407214
954797
201207
18290
786983
409151
733826
235244
86940
491953
835713
733982
918453
713778
28575
950940
17798
799997
748965
460450
859321
323426
858963
692965
929193
312614
458337
377394
217955
477374
293447
979928
94813
150746
599565
393336
783558
778903
73697
519405
771226
338397
956043
826060
687406
823945
378812
517648
345508
305450
121148
394440
872255
272781
800808
138460
380393
235447
441601
988519
746852
451928
768770
234825
210292
441309
939536
24545
659885
892879
120070
877483
238255
439182
26930
596601
286757
563084
296379
879938
609816
74762
287404
693080
526096
487350
531360
640806
498839
966958
502529
621364
639601
313258
538972
337618
846725
454942
44683
669730
965537
145384
353430
886693
806612
429213
850106
235259
140715
294000
625435
89982
799893
883108
340773
658100
632878
319468
961815
54804
861288
905346
851761
535679
90580
424878
766603
134236
245179
165615
107961
658401
859824
11690
128912
995861
33670
395393
759484
887167
377076
962257
222488
196337
217315
738076
589869
425132
32302
397488
873921
495134
170151
412954
532335
548413
632823
306143
940738
223239
978132
983814
382012
424169
335246
831985
170334
910497
67861
928845
515063
293713
39300
575982
960849
575336
351724
40036
262357
498164
579198
262707
860777
327633
673227
176231
228090
461979
712777
444216
537249
376958
904845
906704
976919
271851
305542
373985
97404
324090
588766
379606
55651
525111
74359
763847
813383
79961
99595
516521
474021
366425
790547
553901
869915
733204
856988
335765
480671
875719
523225
991342
801937
159340
775553
386513
225946
953376
910377
493281
696953
995774
313321
723799
40437
510549
892622
123982
662559
952574
171925
523103
144488
34677
7157
886044
133659
766106
325654
133665
394759
67689
543256
631429
740304
727819
923442
215332
728596
136695
9647
882459
699461
962682
798932
418478
817093
531627
332331
864683
119654
789896
136221
907304
886165
866089
476921
161968
538401
328290
649548
637732
324517
114660
730574
823616
271374
630842
636588
689859
80254
476659
451458
702717
941589
845143
808331
998210
357497
477214
740899
816985
267714
768938
121988
888448
368402
322863
243908
459131
557577
727567
893201
980564
298298
798594
251485
84235
517949
986700
494391
895843
849330
613295
160943
536131
48622
784927
601505
784294
685147
839575
184156
927898
334351
291717
263933
932632
681412
825676
599159
757731
362913
170461
922201
98629
408107
203063
479680
316252
819488
409125
244850
666981
572740
226683
37212
218845
469908
532163
770680
673629
33243
327657
15622
218909
711423
166923
253292
222622
513589
221100
544535
24647
81941
388933
338114
644495
974224
778636
879587
24896
74336
74883
635332
615576
946627
747724
12947
431523
933200
88174
747042
276958
533583
936589
232961
427814
877963
450297
618342
572963
653525
762916
110987
146421
686352
717678
807911
130743
792637
555610
147918
344624
110507
274353
450292
621669
311734
598743
735902
225047
324638
530568
714723
708348
711007
201349
779950
318919
191710
176475
782824
764887
41502
336352
396911
879932
38775
323979
436108
145333
126101
204485
132835
628747
271547
744707
939551
966910
120198
304702
926479
501937
401819
416995
616022
662318
470677
957362
514807
562720
574758
754568
188700
248391
703021
693026
246684
708082
290652
114674
429767
912062
614322
371347
876226
801029
972309
895958
471487
735042
624162
343534
245741
136282
37982
369223
897869
562924
807443
328550
633363
487108
771542
90683
291457
690255
481900
66323
525229
620255
908851
975798
714459
489560
498382
497882
87416
624994
949543
75516
75943
476233
743466
310325
496216
939685
447202
910060
54605
282208
926135
314598
711434
511323
111011
57796
144685
208727
993454
599405
703015
63302
898325
828277
521440
11530
695222
678020
126451
685534
639312
882259
891777
228667
781811
993663
781300
730685
590456
208597
16089
939403
773035
400102
916733
976665
365925
513041
527794
425115
549249
962914
204059
125543
700587
371897
685023
233452
92361
707379
714368
694253
602181
497767
849515
382532
572816
457958
517402
725225
167122
210314
640330
413451
960386
122515
649312
299913
689760
744073
419811
109250
848868
287049
580909
844673
636892
747101
554758
433161
440399
631139
142860
37703
281748
140881
13067
10015
589348
650679
862988
65541
402121
95946
501028
516439
147303
508223
877392
698366
425696
929298
723595
164972
910031
822669
416060
878364
766948
302064
317986
859385
31122
512931
602887
285901
508651
48140
172566
678008
713012
947652
177393
415293
463869
767728
735625
542367
241442
223962
937376
271676
807855
632870
870362
707785
117468
580659
767661
438212
863492
101514
595748
119526
422916
387232
505261
594990
221419
306497
979890
654285
206820
125078
63131
223539
427466
630542
999213
623609
168955
954319
579245
487996
354162
231796
815809
329634
801836
198649
460766
21721
543037
317349
983800
890808
160442
267345
672606
876276
874668
965849
90717
364418
761508
12853
950207
329531
808310
803426
323815
776119
154222
881540
169101
184792
783785
415618
720996
594634
226780
156999
697920
660746
572288
579309
943616
26458
599400
796441
814938
232038
609999
920465
301801
448319
217852
296554
751050
95700
286260
126136
244602
180615
457881
268880
822657
811517
810189
280814
640209
225642
482190
297584
702332
67188
692882
31401
431988
148563
854574
934758
739609
619081
744003
694225
468386
535570
300771
416736
323384
22556
914099
993512
39445
27860
527093
608440
30450
522920
592873
641572
99914
825732
170556
182914
676713
611846
415061
733115
568326
637362
228952
65266
725654
500647
929276
589367
705798
543612
923655
716075
34017
191788
512260
716304
78627
474271
315679
45459
985561
682815
151897
445752
922476
438982
600165
32105
556518
885315
693223
850076
575954
54023
479152
33535
525980
132979
750743
400240
893142
124358
575479
832569
688099
142813
367756
22389
336743
228592
426532
447005
704938
560708
533978
743500
488403
88415
923435
898235
300114
960661
246161
240432
173697
446053
194835
830199
476732
22666
915140
133650
40832
772412
669167
173510
268235
422095
22450
400164
230103
570735
125077
90376
536842
323865
809050
229000
806648
17961
632892
282023
608663
637144
994660
518041
966708
52097
576670
787637
658377
273899
294224
267121
384036
949005
759739
815090
229342
155777
812709
837970
143822
936821
515424
592306
549181
185832
771996
605822
129697
13261
996286
72530
682458
654824
796748
117679
478028
14904
533934
210263
646570
892199
957407
891217
207746
542112
952369
60138
253532
11942
504023
474181
157378
407484
69332
863452
113389
870899
942448
680313
334616
224677
345939
939669
313292
361291
281750
269462
619129
840054
390607
670272
311894
939227
474013
207574
16453
872651
594900
94600
626725
875549
843173
297818
152115
37268
940120
31641
99061
246302
65990
287257
671409
947408
994175
825762
105312
422730
345368
17219
299760
568273
390343
302361
517961
503518
169030
949928
333427
181353
741887
171795
895037
54142
971544
437379
374855
999610
469086
791413
82707
732871
13784
685471
571805
311025
180685
452365
901426
114344
273099
553746
802890
385085
686550
736443
138343
465546
556052
144380
582034
745113
453352
219249
968141
334238
806842
185195
628668
423260
843084
425705
196518
463716
86446
123343
522150
339994
197073
968413
5046
944125
641317
692381
378258
625330
755052
788689
144744
699509
437238
380870
406727
167660
926143
664276
522694
532769
898357
429617
452673
43917
515416
70519
234937
783113
110809
962504
863332
256697
502853
716212
358635
958072
325348
159195
500836
752804
283928
349287
448520
567073
830824
795464
145219
569794
626904
271130
567685
478087
721659
960427
144764
618861
367840
536317
164849
58025
437694
271953
129488
343416
38106
901690
228378
330965
469200
602016
159798
524292
196967
113106
127065
890240
621670
564681
270721
984280
635718
594900
229149
405734
876352
946677
25684
358609
101710
620080
336625
26130
182132
678310
133362
356316
789127
515847
740419
52808
579200
987397
873195
975935
911907
538182
564435
175052
603495
479523
507068
206579
256785
90059
624500
760441
984262
637630
813889
693045
585283
819124
496146
914358
461584
508602
94733
862235
738323
674526
967188
24695
623135
115122
696204
586713
662327
454779
583343
935023
512061
725810
351557
777881
961051
831425
439667
319922
480043
346809
156268
936575
198465
571089
508148
952400
923784
945898
662597
778266
326966
475774
857941
966238
260164
183426
125399
231329
982016
581920
57961
703285
176162
247592
990932
633523
418457
441997
162130
582491
223448
243769
573472
315407
223831
575768
213430
214958
592014
323824
632155
886481
215875
232075
614621
957373
663914
733961
548325
689865
93059
473199
523999
223515
908253
762181
497439
659593
315304
152204
968791
277442
608441
810993
805339
483522
799342
839707
695896
132625
416748
461348
108308
882830
585740
312481
577965
512171
478397
490167
81475
496757
223644
172966
56346
290797
57251
846669
695593
106971
624933
880274
501605
510994
216913
323228
285991
33249
514468
955116
428644
276137
169144
17119
651640
260174
938804
230834
71343
123734
121158
436476
487012
649410
489780
619425
283689
250516
410760
664132
811502
682499
976293
51844
328000
243124
536725
405944
861798
333548
364837
159404
604050
991931
527415
599423
252839
562873
776663
254985
966686
776699
412286
592436
720987
578835
536561
91793
547880
492101
485330
392820
21544
449990
879430
99483
341500
486927
587884
100525
940651
801983
269510
633396
588617
99828
129744
151988
732162
560798
100813
372652
975459
492297
27113
758842
716838
937317
119263
760014
155519
641927
809226
620072
97063
990582
450739
337972
753692
522985
238604
802499
946216
421381
865879
577023
16012
444988
308686
927642
985606
740954
557007
612425
941248
346600
400853
101295
180674
856301
710149
484384
798028
313860
952844
138480
622296
681759
846226
310336
995416
500886
659582
404950
216081
179578
657826
960409
633399
563946
331157
742365
947022
485110
87632
713316
485556
506955
178406
498969
364385
45278
64367
289105
900446
223426
926784
574359
819155
914906
172314
714246
716897
26820
446625
366282
957537
395653
651687
122771
717349
862151
594957
924163
144783
206540
448280
179099
436261
389776
182841
549651
620385
381373
980976
364172
842719
821298
487068
791352
417631
873643
63681
593070
46017
545301
108863
172164
300724
75891
579873
185151
826944
954298
711367
794323
268224
912854
196938
816992
538121
403905
782148
951610
520801
357682
651684
256135
885362
926276
601221
902394
195681
550899
627243
29796
425790
807538
674785
636535
195877
146130
694582
468325
925498
835076
591646
63376
943000
840959
570589
589856
587513
531813
217428
585870
601066
845878
23209
870780
449030
728470
280800
446181
957090
197864
526828
949376
433702
139968
538524
878183
407042
679128
243340
696430
310808
393968
864286
404366
667781
765537
841227
23052
241594
910547
638375
719864
362567
130482
903480
939540
835468
173334
466029
286758
980038
586838
341594
998089
20556
210272
391033
445859
246756
503142
892732
225530
675945
1606
359998
664627
103663
748284
841582
939805
374660
81650
868893
122838
916729
237150
240428
356122
552103
356026
196169
48789
17726
467800
926744
277001
997149
599586
303442
637095
744617
567311
447423
641365
538075
731338
55064
698085
565634
434598
965928
347512
736235
196093
594970
303096
74253
946776
635319
330188
336173
690548
591511
585973
829323
868329
20148
198304
534931
428292
533783
513247
96878
608169
445662
888125
931089
811795
734327
361463
354236
336978
57471
94689
403959
425189
678164
880378
764686
450245
386622
926731
496479
652133
526807
723513
224038
295421
408614
184356
636788
491300
895562
214147
237327
150965
908602
709633
337374
818431
150541
907125
241515
640715
843872
634592
266904
682542
124036
605029
177454
666217
460071
520059
774791
669724
294993
493301
549267
410929
195518
558470
983337
949753
332296
592742
146089
728879
437579
815884
613226
322062
940321
659954
51283
915623
217312
948228
540071
966327
91445
43431
119556
610675
349491
218911
908985
697038
412004
246626
64253
299016
127768
521762
86316
763563
658094
42714
737279
203627
637642
589397
731503
49474
102756
911749
827996
764819
605021
12376
685199
601433
958005
501910
408620
951280
632430
793519
86952
640572
741779
931498
852927
663772
305244
562169
408213
438998
90273
861884
46909
750802
114272
892170
443573
623806
691742
711920
958880
875045
124757
406849
748831
541411
478640
102366
195443
590429
845446
631641
486816
115935
575868
192359
83399
588879
492718
531876
578750
539308
997893
531318
909928
988388
800284
147885
811175
396632
111719
724715
985431
491983
775569
594147
784330
262826
497203
894954
909202
80954
56894
738098
286671
219165
106392
903299
303511
303486
482951
569606
895573
325432
181726
208069
226783
356001
939350
616424
934986
908794
951927
619402
139102
947755
895239
29398
315226
839037
24102
983025
107133
581391
763652
492515
641607
667036
318937
775027
493500
347127
72396
562160
903654
391696
294530
886828
388807
326299
697600
514583
374524
442167
101934
502849
614026
444793
301835
257918
887526
898745
11783
775601
988745
628916
922901
869185
847357
952686
354053
646757
966023
73011
858465
619218
216816
28045
363306
105799
881796
129270
121591
335796
691418
173466
777820
225354
308647
393418
31212
645011
320780
757860
407902
587524
517272
832894
651298
499867
409912
506603
302418
207961
110569
153927
316966
305761
635946
633227
794645
722833
624960
843290
102854
850375
676924
147640
819730
806248
798097
919293
681068
791506
129763
895098
749010
202946
414684
576244
236576
956227
566108
309272
538117
205644
877810
748894
234808
246844
124757
960027
163283
856127
312939
265931
642122
335568
230715
795769
172207
267760
633651
832645
207579
279015
692823
71804
380852
881080
80203
631733
893680
537043
111275
864790
344424
926912
432283
823629
933780
288425
919918
834489
507074
908860
410058
297331
14563
998756
424256
96741
993494
2070
117893
978523
781043
577102
438665
316935
873280
47251
114094
685612
409418
556579
984000
415565
880739
518385
383114
889934
353432
619244
379847
916219
244023
207582
334239
740157
894447
547303
891070
190710
369875
475407
698001
199653
675034
749921
854439
191051
342372
807928
546647
425754
771114
76990
722566
77836
689122
453731
309403
348118
77333
197609
731134
724277
324993
525089
100051
967243
123216
100461
929770
298802
745205
329577
273540
831601
464433
953236
894837
797085
114574
925349
520283
493827
716793
923308
508884
333926
955553
816559
8449
52811
558932
444008
365451
541063
380186
894041
89141
346618
101616
35560
329139
68475
555005
599596
605730
504894
109855
352764
402547
693496
751239
947262
640548
683821
840839
699219
734863
920915
36643
748408
783851
967291
300489
173353
592875
397308
936640
661239
852556
521080
112786
534922
486898
320155
237218
437428
752917
736361
102283
211585
859473
465663
477093
997120
79753
455787
502034
210907
133761
855440
879740
746226
603988
103486
185727
758304
216691
277358
797627
357297
888110
887682
611104
489279
80924
255764
164574
50151
723673
311379
102086
737106
301620
838013
891435
237083
799047
227048
522323
138816
150640
685266
327172
60641
2576
179519
229216
957857
289793
316244
65681
724226
235806
125425
66332
854280
863470
338862
548259
895793
955485
614425
57725
621728
217391
107798
942160
195174
875458
766036
462740
780967
533555
382661
167414
346089
467946
795358
480436
464998
393544
997839
83675
65624
346470
670893
186121
443208
645132
877644
285209
549795
690149
356370
578286
174040
540759
759169
55577
100626
846457
696669
786098
526019
878495
150819
775935
964253
580736
434011
447430
380571
67347
731876
473162
525390
568310
869886
46702
17105
687565
644123
466584
221815
240676
289099
934106
295751
70824
793855
15062
135100
961501
734173
708906
183237
327634
355414
60562
92233
534824
732750
891018
939066
49655
184747
7910
553044
78365
792976
554152
578405
592296
405592
954239
447438
833887
667228
844718
729863
62049
813550
505474
678623
25092
997547
508691
144956
366924
116915
761495
631303
340877
518234
544696
654504
172094
788745
324687
143362
465352
25479
838901
222473
193393
484435
366021
805776
664685
691237
308642
763611
735658
368547
673859
770133
636972
636263
820066
666068
583215
407960
438298
513631
633784
505580
66128
303165
743591
778100
870112
934863
463757
544542
150608
530764
741296
386643
451768
155988
633139
473631
726686
45261
691387
725675
145875
486647
576327
574486
952830
452014
539906
12323
777745
820342
353255
147332
181512
316193
312179
216696
392055
225356
321443
188128
435637
972356
927861
321233
784255
789309
950615
580625
704720
287485
531116
709184
906297
67428
224604
609764
206097
483323
106964
739498
115021
169283
612324
434536
46048
422243
852943
939098
767891
764545
395495
325828
772547
169181
119193
462800
721578
19216
880327
287293
986105
185890
387854
443635
23783
24802
226838
493803
968320
185317
52510
61593
730340
518881
977268
228840
73689
658832
810894
697042
153496
241655
319967
61854
483018
10474
713907
455641
242336
253972
751186
93480
149500
776980
303659
59203
121033
587360
312995
281089
604908
608204
681492
34505
857875
915024
132749
27141
555123
650465
847572
237610
574616
35773
809055
293467
296356
959617
26114
760694
527191
970845
372285
744083
740392
698532
300458
86983
99483
166730
270557
727955
245500
167322
547065
565571
837067
572168
224377
897235
317697
507594
330337
55811
596772
380897
260881
221328
47978
834687
620742
526180
801750
809860
54169
358353
534233
859517
770941
338376
330062
549170
674960
133030
648338
587986
613161
442026
168094
885098
97598
966918
215605
170128
784108
825162
321050
986054
351726
233618
195441
390003
493729
179572
524999
849387
165290
450041
614958
195927
564053
597762
796549
98607
601808
815868
429465
15005
966911
643207
459474
67828
186108
662487
660771
758981
542077
368076
996532
451058
709162
122349
778617
249144
167317
159390
573184
930876
336173
635443
464268
322709
817701
317622
353024
189243
329441
317985
261414
321502
549969
570240
815323
906339
261929
982231
336454
425354
497551
439101
640957
292337
255211
757878
237373
183254
985430
960994
151210
141178
326628
170217
999169
702585
211279
721329
657555
227111
404738
564947
618947
306621
482377
360811
863182
940198
383097
394349
489384
193275
583030
869292
383075
825375
903164
886767
785390
784973
333219
443456
155651
152156
36105
391733
846330
121812
348270
722265
946417
711803
806731
282366
54808
683210
992200
106164
570816
798146
629457
552948
130811
171828
875901
111344
515948
54750
118844
500079
441694
369995
221361
551719
95942
539881
79676
239980
621988
716812
492873
916988
770249
200470
140084
512525
603249
720158
290267
712142
5350
661132
82679
423086
48643
717668
739488
636037
91118
27932
118811
169803
968138
864110
884817
292478
917832
994733
488817
271041
188152
395860
672840
886437
753742
603749
857466
45821
382489
926579
902562
884356
123318
505376
51747
881809
137760
698813
304051
30573
607607
796487
532914
780612
604713
795073
894957
776706
857878
155169
411346
946327
258248
739998
449942
882353
208215
533445
766282
469306
267459
207461
952172
437290
675265
337683
435478
258779
563323
10995
621626
62036
212444
38431
682548
976413
923971
512701
200841
442777
514904
49888
197818
776245
668414
88609
560052
6247
463468
455758
862587
588263
814546
695088
93466
611608
510715
275087
771244
51056
397665
176547
401222
481168
227025
487305
138542
1852
60014
99779
750809
260069
983770
959703
259505
135260
716828
953724
738966
861187
887496
530596
889360
179527
454389
85436
772167
887849
948492
308973
522607
670847
309214
83627
915386
886224
954001
300824
312912
952882
559088
975466
557369
371538
328872
74395
248045
391170
929106
650033
966662
27014
964328
26946
146258
969487
946036
794932
819331
98904
580923
37456
981442
83178
293563
70842
717467
29670
589007
696328
987290
713123
120724
47457
822643
96304
61177
637462
935388
330959
333546
101477
526862
783247
799521
775023
980628
150739
317320
738398
210682
389533
820379
411757
279829
571618
792478
164883
40780
343687
230471
152073
648728
224068
977095
136694
288574
586008
394677
660790
716869
996952
716478
633825
548574
180588
509783
728709
477837
253508
277736
584519
839649
972158
576256
999880
215106
73697
540859
926702
83888
669162
806738
991200
154336
255847
277793
515069
920808
6873
187526
384279
65479
821906
462716
955109
589191
210867
597139
217071
950991
383772
350770
474932
308331
475648
827042
352282
54887
360382
405085
496341
412199
559946
107858
986471
996863
457470
348545
808931
736848
404837
863682
106253
959658
458445
717244
904121
432532
553938
659015
572695
148409
443147
719229
713313
340096
282151
986250
57465
655797
884247
77647
238521
414684
835335
144191
905800
646223
19389
624438
712382
657936
533650
197908
234629
772338
244103
571038
409876
999420
760619
525237
347294
933218
33987
430981
88443
112816
757461
254716
620636
844805
961025
791551
419639
273289
161050
410407
196131
609581
17862
172899
186705
762764
220528
55321
367378
543970
68521
787684
228068
436822
725617
758171
672287
437203
900293
841636
774512
819452
173957
204842
977121
25297
353992
920907
211243
854274
899783
239463
87276
653905
951845
626248
265413
295280
382554
40411
474255
36728
74714
920234
742149
440286
887071
252551
7991
829258
78620
388161
724388
633731
153842
181337
247097
689930
91870
906115
689467
454201
598388
144831
82751
689786
559410
727804
829974
485367
143650
247527
503638
450990
119411
724477
414767
967694
573586
14459
208299
31426
912487
604589
82812
320420
175814
695562
780064
250288
554587
299740
258953
749914
863457
108935
425364
930514
594563
968910
78199
3315
181110
786233
474757
569378
614815
999336
84492
454069
257890
505338
143562
82804
160555
182243
272764
683132
16251
334813
163031
49460
586527
987807
870246
625676
590203
512208
801318
422405
236070
917626
263853
465382
392174
190688
790194
364666
50597
525379
896815
374914
62924
271060
210523
622624
784257
841047
924162
693169
119441
143526
230331
58961
85507
164112
497428
908981
807163
191698
382135
330715
463971
560129
850057
595993
631157
214245
425276
559484
959679
479424
564518
51932
920902
307371
607305
310283
682074
802011
664101
120684
789475
633570
580956
934914
802781
958569
779757
762042
937905
736158
803597
259860
52742
116456
985713
760974
400668
88818
619940
504662
80398
625814
442607
269897
754060
570240
464622
410212
459542
86197
278591
361540
991814
23127
365715
887801
194796
811175
697162
136117
518504
848131
86169
34307
860980
111290
942408
140383
691482
928551
20719
909043
952324
638302
149784
779660
386967
123257
250009
426139
74820
702574
595847
47771
520967
755658
800421
85545
288524
874491
7945
591861
925727
149397
702180
178292
641752
777374
315402
263749
493590
87278
860787
258520
746329
404827
597851
30415
675951
726109
200648
423262
832760
680435
952391
291857
320173
495119
816261
308430
614392
480543
536477
458962
128404
458232
603720
418190
699036
668012
291898
623551
766010
568818
250617
568653
793910
394168
460382
257347
435275
613507
381563
343796
296764
519149
162635
608932
172404
637189
744612
518205
445966
987787
861985
713490
482421
929577
650586
115686
42455
188171
694131
715493
25099
488088
455945
61472
623141
635247
577245
137988
328726
883493
850426
447695
960334
962266
782469
3538
640173
401899
612400
895426
590440
794946
70284
530588
54568
656165
313697
283487
490779
394447
505734
767236
862051
964167
424183
701078
317327
435488
240696
61004
2927
321588
935529
247787
161816
95662
696028
341143
513746
761241
732543
671988
881461
31849
598
536738
654540
506685
204188
945972
117111
310564
285101
302531
142375
917298
988948
924398
437415
208165
909378
610205
498162
256566
842406
5425
360906
428017
505178
786351
843385
606279
453455
753172
778069
297403
916408
335318
115713
515711
14601
923655
436432
677743
924356
415094
442805
734769
256981
367139
198222
576126
808381
389842
919079
836613
673301
967717
946662
968447
713559
709057
468624
805935
202838
488752
881304
584543
171708
712115
669365
166317
616889
625133
923984
161474
864881
169490
714510
330385
775993
687307
584951
812181
335218
818310
990169
127960
78309
689974
453814
971111
360598
414537
771344
967995
166837
225677
149198
320416
470343
312647
795926
130924
824391
691980
295725
664305
851621
726995
536055
618944
180671
616018
520843
886680
928603
369795
407527
217608
643056
587275
825747
479270
505957
582574
97590
135297
233507
693439
535916
834026
458954
117202
953251
63034
130267
779992
468765
471919
881749
582204
740527
806944
92613
657111
234806
940031
364173
707713
164852
771757
878904
886603
662273
52489
875141
988926
299449
894519
219438
333981
840194
245047
750217
841089
254406
928476
191887
192266
548386
638064
523175
11645
200580
701805
453272
536392
723867
254872
817507
611127
209962
200858
283967
869689
933248
715982
22318
414786
513697
430675
636690
231261
1433
643634
147182
771756
191068
699727
361546
701686
530630
253307
856324
349085
456692
547268
124777
631515
621377
526155
310414
152047
287927
637004
49541
301436
55254
233238
417073
757951
380904
140115
497289
636747
85103
232347
832350
884996
463782
812876
452868
734169
976415
888238
874613
413569
64351
420994
947869
620671
949551
37180
778455
990533
505624
971318
952488
915174
270945
545072
532841
450383
822538
490522
7329
180391
364079
408552
754467
322320
96408
369929
901667
71950
604357
481406
76235
157747
164177
744313
829829
13748
226697
952764
725627
735486
422158
585056
257246
833194
523630
219528
78782
979030
183788
255137
543596
272116
653813
909951
140511
88964
593572
630437
423206
92227
811292
316436
976531
272621
959806
660118
595591
416437
734947
679294
153774
491838
573601
52454
973103
917600
938349
126666
90183
623430
1452
149612
55169
277996
557967
719246
693171
415248
290143
8118
40246
498062
416230
52609
972355
80281
750408
908896
376335
661090
142804
804963
3175
463590
167618
682441
589733
292112
964671
946425
598937
520959
648754
417762
12266
618573
404515
347485
697345
914742
56816
281571
628900
706022
235358
82914
622825
882979
586066
893893
220979
101730
706968
939017
974208
93602
531312
991619
131606
137032
845298
840736
719340
803242
602136
696303
54250
641516
628718
841035
81941
455847
931088
46531
252697
680274
645035
759105
239573
235004
171918
738133
101841
442426
440490
399546
930291
883536
753838
742033
882947
562853
193048
10809
315472
943809
550349
745091
544280
153253
437987
619888
363615
265109
173680
691928
618180
303545
402769
615109
616260
926707
95450
926488
793597
610899
67521
757696
830809
222645
251055
367258
728457
880479
21993
871857
682856
462981
485528
530514
170545
189834
510411
237775
576251
983708
825217
598806
417902
556033
456672
365101
983916
939345
605434
965020
190004
973657
870799
814446
571549
17627
35627
812139
461752
244661
956875
890465
444805
317108
838555
898530
621715
945032
473265
723642
304679
718231
666565
506938
857026
345203
217142
961762
331001
286684
237065
780776
844374
245294
474539
401626
255733
47524
381545
327530
185290
105409
871522
105514
590754
848987
871023
17588
861934
824225
946627
848989
797515
43863
714036
937509
654562
377056
147795
708521
5392
283965
877564
978184
928744
136458
202198
173022
5107
511171
340971
757302
782971
336624
321434
468873
21858
965623
436001
438581
123633
299609
598935
342637
38848
202093
240982
356750
878402
510996
364941
907294
803106
283286
312254
46856
545748
267366
616916
974056
921805
869317
342278
510911
153105
322582
421474
801606
700963
567164
357977
548513
926208
691272
245638
232078
563226
983579
123143
241274
193194
890756
389163
814181
529196
967539
548775
552377
172726
273803
842613
25158
995035
553591
231803
282720
169858
634584
252557
886462
465364
462492
282529
244328
260020
932352
495231
912727
616602
842762
182034
315554
19623
566259
307809
740657
324058
670873
224327
914949
317515
144188
294738
418532
491986
816724
634393
190121
940066
303575
394808
493384
99333
277408
679980
182605
27367
35355
299749
995986
427082
200695
371483
420226
265374
896304
928902
363877
518927
268675
517262
540487
100008
431879
244328
923312
511865
712316
82152
814461
434073
337418
46048
962019
540901
272042
424470
31347
943306
295845
543436
864172
431353
87360
731685
270874
51631
54584
88206
921161
778714
253017
633616
793434
831109
392317
59562
622256
518300
226157
194716
637694
737629
81506
381041
95388
535537
31674
339659
41856
947170
719545
433880
929762
746578
999315
926483
484311
600654
190380
797760
140938
967588
579619
668997
689315
495830
875522
876364
721107
762253
702861
34173
94346
698365
526980
489298
994148
841669
564719
119726
2599
613097
771677
838016
640176
250385
709943
278945
562491
492411
111409
908003
106151
705902
737106
886754
482610
735583
340359
108417
762656
957467
345275
464766
954262
197753
483972
997673
596760
702090
75465
119088
354692
251389
615368
937175
761267
586371
757933
793866
737326
993914
353780
978437
420701
114974
931767
862186
805109
501135
555505
650612
279898
590288
981511
239770
632596
681481
62135
382506
918730
328409
515765
106308
949072
471982
970786
940736
535698
377363
592233
718863
824539
781612
290109
881203
229937
346519
402002
384103
787042
443758
803635
659215
383648
18928
641665
369848
224058
686685
682710
709796
111141
460098
952661
978739
887163
941048
357793
643756
604602
710788
13992
259467
218514
830716
878048
421975
264437
218703
305338
876502
951008
912550
213660
553397
23235
382201
39065
308304
708939
38970
395681
673561
298980
901966
284536
193675
626378
854737
552284
281644
244591
808536
137993
743467
357290
865818
432966
506898
512526
615330
585739
740715
738047
58405
82152
485658
495672
51509
800740
286668
374521
800128
22737
908540
921454
910683
203882
632885
851764
722587
750686
77305
19052
370149
306743
490928
558575
755153
25552
314064
946363
623834
477010
198686
548361
924116
532607
270975
889034
976496
10557
540861
445133
327523
952682
241685
423494
944094
319975
700705
838598
736562
460363
437884
518109
851499
37923
863334
594755
517897
882873
926623
435159
770824
633124
289173
10645
613140
484392
720195
511370
151498
884683
627078
677618
694082
187372
297961
104978
505545
119614
618637
866958
663768
146427
625020
670330
837762
387662
19021
293516
513808
571380
993552
391036
20543
939111
370126
979877
825106
734293
423453
942536
490921
687690
993891
88518
192709
407576
904628
687971
461511
841473
139998
351784
97612
620947
604093
456992
258710
235949
413925
603564
749630
207402
960079
500252
811488
774348
737227
787340
241556
5700
430185
743884
41599
265723
727873
24093
85128
842378
163288
656430
74004
613708
545430
465603
207243
485554
163563
585690
667767
611334
509684
453496
5590
721903
230380
728184
458464
858412
355355
97698
337322
612560
92335
453776
567865
617695
218228
810962
787935
328330
379563
759077
330650
407134
474310
342053
880589
7818
411987
613204
807289
346862
175546
463530
508785
856549
212464
509819
526279
642097
789458
331638
951153
574738
585993
867423
5950
795302
529671
761757
553889
191697
459205
732752
953522
816237
383505
851082
219142
735306
260677
8330
483676
474103
742730
622385
756300
544072
344480
150874
146690
361236
633587
359005
485356
767086
571024
928451
411181
61132
951473
122649
786980
168677
200728
882323
709985
774862
770344
575249
796433
538632
388717
141343
523107
45417
503286
245608
591243
676554
918636
575265
881717
59583
310110
569238
617663
389778
242355
992335
851597
13994
465199
588777
332842
510523
391751
760962
158742
430091
954997
244087
322869
253836
583095
563057
787589
670274
61931
352245
929680
606566
157291
47701
490973
184322
847322
848453
687673
771284
447164
157300
412034
967778
161452
193240
366031
21160
644944
229765
88616
776651
465104
957711
713231
891319
312995
537697
683403
186194
441076
173822
561058
257827
64036
380286
899039
395071
34542
847883
515701
983493
790188
238868
633458
467481
477092
546453
776741
612631
37329
850864
755787
705816
63467
108853
287494
694539
132388
548747
389641
122738
179897
43698
872992
881970
387772
282739
514186
309570
561991
884341
698595
89352
85420
678738
919579
271940
837248
508020
448826
995336
754047
74884
798564
482904
26946
186613
677027
895257
233513
86596
19562
339826
500785
924338
290985
51424
371250
457436
397219
136932
609541
172389
592219
620616
636664
881222
618049
559261
766374
222948
376623
531448
632269
337845
130384
677216
221112
655423
745470
649214
135781
636160
53695
638163
530110
845565
346824
183681
804747
681738
513743
243942
803484
598533
972974
206056
890953
358102
762765
556312
453468
897220
287327
536312
768460
790964
188897
287355
313161
817095
732882
216033
644720
826987
856231
185386
112724
82766
289240
87511
17250
414780
691813
145392
598883
661754
357974
48057
79551
327763
97735
852494
28123
553164
822404
549557
293449
716246
479570
219393
822433
958048
538455
314101
691401
534076
97625
385279
837619
195076
566235
913273
373004
508898
748685
491335
96221
45539
538351
106150
560234
977243
866205
808168
842786
861521
243967
945903
302327
830865
489604
712878
596132
833569
40993
131979
74774
474637
776643
131776
571089
347240
401849
770716
714987
906375
823103
249950
595582
358142
500202
463744
641808
760940
3756
567625
311519
607889
170673
842722
786433
538436
215586
21659
318010
169717
64714
681705
556532
348299
327336
475902
658710
974066
833280
808901
268804
856792
484333
778448
844073
364539
372675
419811
180720
8677
574202
493815
815009
753453
998379
702403
23255
2061
866192
906312
125983
255833
610695
316032
248676
937301
260995
867788
190021
612750
269129
34515
267485
20916
940901
177047
90946
921527
912443
441424
369158
883823
665718
403681
742884
313168
319264
421677
11468
486026
585954
25086
58205
495268
949515
681170
396743
576158
612097
136612
742825
585749
834357
331523
787764
970953
577891
419891
91421
719298
398962
228277
677153
413918
78453
866296
563863
499307
835289
621272
942684
701987
641326
421206
230556
199626
914247
71457
785898
508345
406134
295412
979503
682951
981183
669634
887678
889613
279566
595412
322597
853616
367584
219300
811089
561958
973378
782589
163345
151297
907134
460668
362160
548058
330669
288796
66680
57314
503583
555516
104484
37549
407099
351247
3774
545894
959421
393085
504813
493845
344522
750671
653124
626177
852096
421991
703842
77049
246185
253649
669140
978316
968141
861533
970239
347508
461041
437158
565444
554944
717623
850056
943717
854889
402237
274556
192096
251446
406199
464141
740419
753304
74980
362642
252650
622861
298342
95050
11774
201884
22008
40969
644779
935922
407278
755255
402842
586253
788386
648281
169607
789692
544272
778185
620254
82021
175479
417882
116327
915141
782384
966809
65260
784292
75531
857692
258341
754853
561081
806669
929286
770715
47541
216774
113662
142898
471521
774185
716351
270386
893980
7713
666027
401063
213013
969311
468542
540179
718501
671131
962164
100995
332631
57838
250041
650771
988681
963206
268971
986536
588272
204188
69261
482183
741327
355615
855886
871386
656222
816730
49481
270448
925284
923712
915913
986165
377461
26296
343135
896867
7560
164201
740416
498090
847343
71622
406457
306501
8699
782359
927243
788468
970798
65026
609426
190079
288801
622614
945470
402830
458291
912933
487309
840259
881630
584988
227794
925895
661019
759207
693889
259410
718023
90551
309631
429783
686303
581457
424371
591694
258464
32621
412740
509478
588938
352530
966446
799337
425556
696239
709750
323403
304097
973132
73131
676045
219736
309840
904069
181734
730836
656824
946216
699156
251195
901255
832552
205500
502341
260122
279134
607885
292559
93216
104857
761006
427154
240789
738360
31702
983582
498907
504235
349183
162720
187199
120481
97256
780714
374688
726074
149833
579404
688645
993774
651612
68855
817091
870719
479736
61556
652318
249658
603003
958662
595158
227043
283573
211968
637137
977625
749378
392582
539010
646836
928183
380914
119873
82673
512826
640369
396205
792584
604930
868092
565591
806222
193528
550364
544109
702394
139723
966582
693991
216735
288957
119531
829035
188349
517586
868378
830964
392404
498938
662961
330291
222621
723327
233410
245352
524963
617194
709104
36487
122077
367985
965958
336311
19562
43772
528721
844417
305641
261684
316038
654217
314363
2034
791221
825786
251117
26333
558705
548083
484652
228986
371447
553817
439617
234306
465100
439558
235637
249658
537314
534719
755590
662493
569956
239435
756039
241913
709970
71679
460012
360191
844713
513463
248107
459858
245180
147799
132943
997436
397622
284269
566046
912313
495961
73471
50293
870825
164868
598282
13542
482050
651587
522770
228751
937800
432893
793272
732961
301059
154278
695321
400987
170493
515099
591
706119
505396
128279
745537
770662
632011
997914
876216
921860
864188
441256
745330
446619
181779
254569
507557
352909
596021
914167
842987
155563
116483
77232
712704
291903
131735
342129
614087
264502
785865
214140
289007
654412
598483
268347
146639
297392
807817
638263
176459
286866
987717
608407
696114
40095
582307
271546
762114
756767
770426
525975
135123
731002
353404
345369
574588
595151
628930
885820
683786
898479
834300
651849
535826
270864
42681
854291
45944
755832
230142
843390
158644
666472
631087
171666
252727
169348
792526
244720
26270
752332
844866
804392
821887
104154
554033
453868
329846
532830
539257
224591
716760
588599
968005
531850
178837
217637
493509
585783
202794
175515
927919
348483
224957
970978
722958
668754
244885
657821
959618
745148
151897
636545
314369
858324
464295
714376
198215
355257
567422
644103
401713
467933
737641
948311
184445
301217
594130
443416
146859
556637
150231
207722
792667
718911
781652
868725
375386
960053
326261
704856
484883
50071
202711
619632
827560
325427
545287
32458
189424
951684
241947
908654
109287
382210
757583
427458
889678
691681
807425
393466
389299
88995
429737
443783
122026
511349
508396
261741
531445
928972
147284
549845
578267
59406
487646
356298
859235
656895
885121
648976
433519
533112
172145
644138
818771
232968
630592
390678
839193
836442
275649
556819
659562
847372
709548
709495
661126
271610
446159
14672
669713
742581
277071
548565
726458
230512
921065
645641
304617
952436
732570
826787
299951
58756
138837
713134
959306
324361
714259
858576
32674
942382
236547
655042
788741
643850
470930
341721
844675
391805
191399
130796
613007
260856
372637
845150
368707
311251
94226
434357
179153
938997
393121
733455
240708
875836
89323
846239
894945
429471
93260
267179
40237
975477
383701
170269
942035
724337
593074
958647
715008
142785
649849
923510
598777
832873
763014
14158
766315
575184
845298
492771
818165
880827
592991
138569
279411
971390
48165
549373
679095
49123
864476
777155
439573
224153
284867
152517
980712
600856
502229
443857
87058
416809
908795
176979
37806
20279
472725
246348
425332
896828
682751
536406
679811
604676
513921
628620
102923
954020
382636
522063
127519
100748
50084
274166
21089
858953
368046
243504
959397
429288
578039
155819
688915
417494
75491
540904
756797
21617
462401
40429
936945
498626
689231
99180
715350
358703
456365
363542
678678
464364
504099
755419
949368
650716
876253
44455
953817
840418
890960
825773
536554
577545
194383
548368
966410
839247
462523
946296
108789
605303
347947
104940
875708
562672
313696
34609
22330
288004
748318
695677
980416
236489
347920
939569
880706
165373
281986
622335
579246
844830
110305
889682
166736
542209
343021
928533
349047
13422
571143
846331
471207
788099
389850
848777
742119
428003
716979
360289
872575
976345
14711
701672
542881
262272
244730
976992
618344
468217
340583
839651
813473
286995
82231
327932
423405
382628
644414
942708
506523
215511
763560
794504
104067
206745
794623
657927
693403
627614
251770
562011
298272
56138
955562
722305
352434
876810
715486
668222
879829
207360
831699
102129
373168
279578
944945
840631
946478
520975
9666
585441
519400
665550
14133
984615
695470
283681
852328
985493
266448
250950
30500
39646
10664
390032
184118
492136
184945
45359
189489
487726
947636
952977
922037
12025
398625
543192
361207
474072
557369
506780
769211
671338
660184
718813
579955
649070
860405
397848
560532
179969
287637
437304
990434
544659
105799
518996
397108
60954
396694
707020
659285
899457
156941
615081
467980
708099
725789
609364
800381
878333
94906
286620
698851
316337
113687
453140
313730
698895
659031
895258
867279
761008
316209
212483
696528
453169
144384
109779
818777
978430
532172
592104
43306
640304
910893
762573
285948
85053
504982
828205
17716
697974
311439
759452
696034
885897
95301
324956
407886
490929
349113
489136
862664
346612
210791
191973
697704
578731
651555
299184
215009
84521
888152
391443
966303
261653
2371
381478
716858
750733
712221
323328
228149
698968
920568
529496
894560
383342
72558
686578
970526
25035
480077
446882
981936
548252
407188
340721
360909
54972
950778
41451
738152
690954
635449
960314
141717
172732
888607
228782
741931
540857
534203
337205
496557
556928
201667
474426
782391
839898
406725
963662
455281
649783
959960
64485
572882
401381
395575
127551
38033
529005
464184
142764
781282
106456
488642
670134
357450
228978
709719
283006
373427
67253
852995
161341
927316
713049
289764
59950
737124
233919
174248
629623
993592
756500
589227
50107
616068
362174
238067
145955
40837
684625
496327
611338
75082
672195
650098
154842
270152
323155
814177
276483
108245
407331
712265
25742
673047
29186
69229
95724
567687
113729
292252
269550
145359
614501
252248
500873
581305
921829
892672
423571
143010
320768
147014
125874
568117
890785
192774
208175
872363
693335
292260
574631
72172
331255
604254
513340
170152
797596
330959
551815
996509
632655
223483
608095
885725
508503
86690
401688
198807
41180
273389
899991
830104
23743
36347
535929
903980
681826
372407
470666
364307
553805
191004
66494
274459
333623
306461
954725
282377
608530
226157
613703
835792
753755
161029
367365
184083
705061
133322
698384
234466
517138
71840
919537
459410
322507
199067
269175
547506
375603
312764
489890
96823
642235
763173
143151
57500
698984
707797
91340
4404
616730
832210
855092
530051
50903
322246
206697
363606
130675
92400
475387
747866
983562
874161
790664
700593
563651
648137
2680
926540
577970
948529
947720
305873
477435
804647
584952
331146
930710
802933
301174
919407
555342
874018
161085
800722
664880
843395
909885
123499
760439
427374
103674
968828
700327
294638
68145
758404
409333
327240
905703
874431
756332
480813
770015
547923
514309
84748
757831
33833
456590
933798
390038
996072
851637
331234
272080
93229
7466
452975
178527
91049
249075
573040
63839
73937
480575
879267
900099
922743
966749
692509
530066
86646
654879
762292
317304
405772
398135
413556
220650
649184
553236
472107
252152
152675
37723
881425
745287
590094
750509
833596
115756
966773
616265
786309
626870
666396
645695
582077
344273
637555
720492
9965
979590
406790
3287
994149
113615
793495
11613
346299
165840
589362
326198
304123
926550
174936
544306
717156
221092
183788
229102
355007
548998
448469
440666
254664
184260
22292
749301
767426
782283
275133
215098
646439
116446
651630
159604
120208
753709
56432
898808
381078
530731
444716
956987
721746
419978
197599
147980
561947
469202
997374
504671
849379
693148
424416
717832
766700
45157
899766
234167
777982
516206
290104
617800
845508
591655
796330
847794
922706
709080
555045
657619
921290
803309
439717
539652
317944
441092
460518
439001
268507
98958
705368
478840
612156
168532
408460
181742
813070
278117
914129
451081
121823
417338
52189
89175
84842
489598
842781
364888
579995
860907
465586
696590
498056
885333
882351
789654
66052
543991
961474
515426
300160
46647
683616
180004
327987
864419
790783
772428
892491
368753
332314
758277
195722
862298
302987
557984
195716
202481
949426
679751
648087
172209
570358
544145
33217
410369
93675
670667
494157
44429
459963
734310
885078
603985
901924
143574
280960
65821
731358
614381
62479
16675
496486
800487
572622
848360
432485
694614
776174
784452
611610
646924
409385
713856
783938
697341
126029
556593
344878
475228
889106
79881
612372
719425
231653
113329
93414
342522
400790
868004
982025
134904
755637
194307
906056
143158
461422
182355
460459
15537
260897
191061
638560
470853
456872
569895
640580
398445
28822
114866
777504
522676
64383
476248
405520
575998
207202
185447
61471
407487
697572
902353
821195
739501
694385
506514
262625
628975
143348
134856
284404
757068
441503
573799
784390
405859
894407
622362
711706
381454
894035
496818
101381
38394
704288
378844
434488
324901
263843
304486
674160
956207
855844
387589
733150
507463
344328
920583
976019
32065
70026
570750
558366
272261
626095
213205
907043
560270
579872
840368
9227
338298
354939
107699
375330
114511
127819
456262
778182
199675
432120
461650
251591
476202
339925
772066
33195
866177
107617
411933
136739
416592
713350
956050
968966
8163
671307
623400
21508
339688
8114
859487
202078
285203
764134
154334
830051
466780
356029
859538
332652
972577
199129
303342
54539
115885
5165
811871
166062
256500
484605
531789
8455
913777
673719
883340
635292
451141
555932
160871
316686
473233
902019
803321
932704
405564
394309
242091
935265
128775
861292
481970
958856
756983
784437
417762
567209
834404
421730
629718
903490
808961
956993
15869
329867
356347
898922
326313
860651
43075
637506
358008
583783
359664
534841
102717
857118
177245
824465
3917
512532
934805
275841
804644
924208
442803
640230
197560
839666
775078
829430
780826
365747
511264
817620
53417
98840
243109
826369
42021
934754
312494
31294
644238
11791
33554
309315
153556
684857
229589
888055
615437
944856
373334
850706
620364
160539
968421
875680
909180
345524
742468
882404
609144
813118
673324
276080
237241
27927
991463
423194
715136
547070
672543
572082
182241
443382
391158
421064
539153
478743
907648
595144
682734
308427
561692
742964
699684
97072
152003
863576
952096
218270
53623
165023
983686
581902
923158
26520
895669
767253
575494
473555
517753
703833
596982
533957
211602
982562
938731
915798
489952
772880
179224
707523
732228
902499
756273
344592
317137
618190
219450
75985
443142
899448
995086
132014
922138
28349
678434
343180
948775
228188
523798
604866
125314
784336
691183
60678
568010
614373
703499
582827
907524
77278
858240
570538
441311
548773
99307
830644
84859
299938
853882
919696
478473
152425
785154
556746
460266
845842
659770
394400
901124
488540
435730
52262
303065
254382
629089
890907
373375
106099
103333
85519
630332
485043
158932
545296
111029
627196
981617
96229
344038
870426
254071
274514
363729
587985
185991
893883
458897
230072
381486
83598
62857
386862
20403
642225
667794
300429
39942
170269
761245
393256
233717
184459
97893
443976
127242
401646
847416
390569
25137
36154
183741
938135
577879
28914
282732
433723
714254
239442
944998
530613
144486
415569
67358
656501
522789
130273
254678
909599
644455
730577
202149
642556
491118
560882
480050
139700
811530
404359
926792
868470
287634
661528
262649
389294
348455
961662
184664
391234
850806
328869
380381
491952
46252
813327
416934
371164
628658
185130
351107
751432
842799
27302
522385
322343
525253
883428
259347
871236
472547
934061
743552
976370
643602
687179
525534
67266
10984
942115
390629
293939
499474
282417
259622
191183
447218
50167
159890
327278
190341
944928
362567
449887
245535
332062
301120
411418
227459
884450
628487
849863
907889
34505
691053
32587
448446
321408
541878
814861
802674
870943
510796
512076
955275
801715
109647
842824
659678
262578
362190
361808
508251
597870
775062
463552
691202
526686
688504
953153
103795
936975
71755
991145
584634
134029
732633
675325
277530
762807
856418
573246
308956
865351
427488
917864
320226
864277
221840
764185
325699
578976
887118
674853
788822
601933
288527
414638
285105
649603
924946
562319
358577
346389
420779
657416
772974
700404
185939
277281
187671
789137
530580
69907
788106
428742
248623
532024
80368
803741
34248
132019
601748
108976
267121
146726
401298
290668
74822
576023
293056
189682
761956
413072
646281
34022
904965
298038
455716
945693
590964
307263
306491
389483
69637
642502
58509
979360
607644
206598
550005
975824
241751
488921
112817
292362
778749
594867
722567
863483
557902
411347
207989
929578
337030
108471
553368
663692
807271
563166
200703
848922
937191
592753
636186
524110
374439
382419
294513
711554
966172
241026
977911
495044
781868
805698
743720
632593
321432
469527
392906
90871
457134
792212
441677
884858
197592
867076
479226
954169
349788
192192
333083
69932
855061
968846
395369
110260
68698
81320
815825
523397
216385
478948
464654
546977
928136
851816
844086
346287
823916
242397
793543
115977
322594
536714
386739
972637
196235
739233
714971
504818
275565
12725
839007
121866
867241
138180
893538
669492
437224
40776
632386
403738
998073
119703
823802
921235
210965
637425
217324
632220
571591
236009
820808
81808
727045
617024
993512
750122
478787
504890
299863
418437
721274
241841
134954
257654
635941
435922
279684
582464
524019
73710
376943
960270
354442
534515
728964
747940
582072
972079
410699
509296
579212
337319
515651
457504
746323
349292
23361
931641
523897
559695
775615
213446
789766
652371
886200
657946
886308
963570
403065
558624
98517
239582
551569
174451
252826
419312
811961
243632
430032
678298
471109
605714
44044
740136
21179
580267
450241
567425
828848
73108
739676
471575
207553
468348
134138
957923
225243
681722
913867
531499
751723
503659
308496
211876
762748
413230
111457
992848
943886
336666
180616
341801
662076
656581
787726
795300
652704
715659
180760
757443
686007
882780
147221
632233
601401
755305
384296
594403
294826
284758
176843
209068
155143
92790
544421
56881
262388
992787
513950
729159
996
246878
869148
607870
593087
452190
482011
29777
204632
255745
62102
645094
370795
81394
367632
749769
468762
207436
447554
332138
243493
310104
996979
908409
258231
260119
984377
975311
941798
751491
225568
573108
266347
79208
476912
717049
139967
549467
844176
499755
826743
117038
797459
205606
278619
371518
461469
970944
662517
479611
37519
785541
582436
301830
959281
353206
297428
424482
798552
458751
442445
538831
386392
165500
909901
9949
294631
189478
279385
220528
358927
833747
68649
493108
346052
229489
887360
675966
333204
655313
397716
488766
524481
282434
447354
857031
97202
995689
703649
379080
261286
358237
858398
972225
796506
632171
97057
53329
330497
928973
852419
984646
656992
803818
92228
829534
483099
690267
799779
145159
439635
141290
946506
309111
703784
876644
862518
575544
989949
39698
22111
367048
10597
781785
582123
930425
771338
925282
941819
142878
433353
991634
173980
859640
134342
298818
246685
701132
494838
457345
581457
810371
328811
100085
243843
929684
282385
547807
813599
989728
513233
424288
515825
833845
682927
467552
956741
483297
710285
393150
100649
274801
697396
496599
838032
889994
809687
272308
339866
657253
210003
153410
899501
314276
335587
213213
612569
945735
254014
339836
399002
591316
564157
279624
489461
242582
798003
314943
910380
346798
943333
527444
939501
50928
619842
295616
181096
529123
647476
298401
649747
673487
621152
148182
259883
653312
621699
380896
116581
608994
812479
342037
472385
685906
543676
309362
826365
860605
921122
728534
879346
701924
822661
698410
270526
801645
514284
784305
762550
199442
219288
97641
359751
282933
527065
819123
522276
867265
739067
369793
235885
871353
395361
908655
748878
687940
819482
966084
107099
111276
980394
287500
260244
892125
620378
363951
581648
66995
111441
37661
922208
807964
347239
923490
727712
888679
240385
803647
685144
898537
738649
429928
765348
88503
89255
470495
42887
921996
498713
111330
793907
129435
494633
120660
410258
567403
107367
355950
610082
76254
285721
784699
82094
99156
878343
265544
765546
29112
744408
895408
265170
657504
982340
566624
587351
594167
544010
126139
852357
715723
2661
585484
827258
333357
606549
605321
80276
283206
405430
799571
624379
383697
363937
860872
181046
865008
175370
176780
713206
785952
297672
4578
558334
554758
467069
217626
952046
830886
987377
579073
6388
652087
744019
288566
722715
196609
295293
912098
957081
948196
32827
299118
618923
162174
114181
126841
622162
826831
417290
987401
790407
302765
191832
832020
877574
685159
874031
130231
999983
801594
875077
228277
118736
346237
215684
622526
440503
862540
448629
652045
300934
272448
97407
61826
332194
668945
956178
191112
923337
163654
105414
374368
487971
42946
749531
361263
735343
693861
102547
766300
113070
975503
314998
105581
830852
111370
694096
960192
881452
592866
468364
825348
375078
73180
820379
37834
772884
891775
781482
429265
581100
241148
267852
861162
344345
76523
900413
450843
402764
294172
684419
619628
815642
704033
986351
94213
979776
226381
70012
87452
319596
37828
311398
420035
729108
708989
548666
932966
809371
955794
776988
72584
332236
270862
167909
779047
766842
176392
400955
270706
638889
486108
67069
559579
317784
214022
781348
728515
195070
554978
307212
34742
925230
444724
207668
247700
931766
830670
719447
828725
922853
520357
500238
675455
925505
177806
338619
510344
187814
790677
969202
46507
419832
370707
681171
292983
294428
492700
220754
779216
906540
714333
475514
192158
905360
58245
211227
981622
224281
930224
397761
32683
234769
881066
531647
505477
819728
461274
959430
66849
490388
223920
193396
265633
320230
833299
241882
509249
948026
756676
953295
829844
906280
545171
101584
544058
22306
134728
379532
153716
94630
413861
167096
20689
230565
100974
263307
554069
564116
948472
322973
608113
645042
41585
143333
445378
152601
559912
894730
42204
431520
210281
655246
102564
132575
209007
291068
663689
496100
940533
623282
59781
992202
621339
140622
41922
199639
118754
985012
455609
713583
706789
501201
876996
926860
417638
428213
935286
440562
176199
796035
833345
435428
354640
362377
31994
462585
3630
752978
840954
798521
317024
329404
348723
338484
699979
62701
922074
862019
279609
57041
262041
23234
555545
205509
726569
827177
512392
712467
393631
595436
380700
160338
203187
758721
728609
154239
42689
252866
900255
273227
100846
283111
799453
86713
504833
979664
622060
516407
810710
48264
442013
319378
180046
100432
887441
688046
311171
157352
197803
435269
467280
628072
455900
58563
488711
546150
543781
75388
822593
532165
911647
366010
612326
499005
583825
199712
874594
12194
576802
22241
198429
470312
967101
924471
188119
429165
565750
750740
547389
908839
294428
384760
491008
494821
772962
292252
577958
814623
828510
106324
232751
634024
575421
554057
608061
837819
552101
405011
174134
509728
793150
34153
491586
912097
29595
576394
63514
992957
912017
937054
27067
680383
650812
189271
265804
73855
332333
356222
950674
699309
391510
41484
452952
129359
754893
712550
107443
182009
151854
670778
13442
81173
271373
412923
362518
390266
96902
556529
240072
475187
731294
381161
779307
973038
552071
232815
901167
18102
789398
129576
313230
226783
922020
180761
258267
896059
797515
884818
105870
547390
850888
750024
293693
443525
841876
443405
564141
578541
516497
65490
363590
343366
798603
281640
34046
367710
919008
768629
666224
898168
960935
193125
706799
152487
314758
387396
813446
308829
555099
449725
297233
577792
863083
997810
456878
220763
908981
980497
386854
795183
486279
162892
377145
833574
410859
938521
887182
242681
598169
441499
4553
437320
720762
55297
980770
790196
145909
286520
79332
529217
821878
15875
514736
415902
584389
973299
761754
78417
667187
972938
967014
857636
181541
900383
616859
852103
33991
932620
993012
695595
614765
946286
755147
458016
741523
254801
410760
910822
541570
799309
464670
1914
62733
459963
649462
505512
537469
573128
644547
147225
752611
128767
637113
107905
488965
812390
439832
142534
149055
653506
109378
477964
913247
58548
867647
196980
21166
627862
497442
413881
647862
14441
103345
498829
907382
481388
832237
900859
225758
254309
517058
502859
104302
640988
113808
50311
392141
327978
377984
166040
640628
252704
750074
751825
248941
773043
117307
796464
664413
832504
185533
8997
240891
135771
897365
590274
159777
165383
155743
554054
100592
270448
868773
222894
808359
74890
616239
37345
618320
262633
79566
691560
687697
914943
74023
178218
247421
830924
538629
866727
476217
217008
664224
979750
155073
801428
475920
223658
978717
906626
524642
195535
559090
86650
119086
31577
722898
881744
725249
119283
799662
250180
407971
946739
947258
113356
942186
785328
551254
756727
249157
523012
572870
793719
235771
967502
158689
30168
422929
383303
709109
479738
240133
586003
195661
34453
170460
633053
741392
656747
902821
724458
769778
682169
316088
376582
416911
49593
691793
115743
3510
240884
730900
198003
295502
21288
895617
90684
177649
944744
483527
155381
122899
654296
742248
86129
655537
309520
831438
242475
863898
696597
496303
395781
204717
312211
246546
405064
80179
789404
4531
512823
771683
228726
36027
260972
122685
375906
776998
32524
597122
73182
621348
374783
452883
133733
866713
685861
949533
647789
917912
776286
478466
901471
447487
538238
301643
846305
919737
730630
833068
649347
255992
527244
444530
242108
84961
958567
659311
835003
357265
609321
625279
530572
393649
80105
558359
892993
397738
128983
480104
358450
136817
620460
17461
62920
881622
346555
558087
330545
412810
197665
38589
35262
180524
961053
691580
953791
905751
851443
852690
243597
113457
915573
696141
499724
626813
17761
957638
671943
621736
767205
485698
68302
354085
220132
135718
602881
970373
570835
566953
134643
788261
595498
689379
553584
863525
617233
516886
303776
639792
256534
434010
193460
122078
26087
773935
219832
811788
843828
173598
471185
316094
619675
511966
36018
42025
775537
100309
761018
241125
311872
643554
908434
622802
992925
912456
276480
959764
398445
99946
561336
522264
658771
471477
597830
53681
944809
237286
569586
501746
391059
590477
253605
673246
361379
533236
425393
7767
850285
745291
836393
889716
252547
572095
536142
847522
754617
415214
558804
8049
79968
944532
966918
797561
646282
351528
974720
244664
363922
94125
973287
567393
6525
854485
214895
53308
620380
179514
788512
335352
945582
750801
309966
813687
227229
481036
498390
43298
417403
520336
816737
410836
594586
481217
771230
20463
397351
703477
889547
222236
10430
364367
29570
792098
133243
647923
513378
610505
464560
328895
34708
318145
550273
806081
564629
378815
376857
911983
246840
849565
843719
523122
740498
153454
978859
396429
541058
382601
458514
150031
427824
635535
298636
752097
320108
574839
340790
616156
164688
679562
888002
233557
908947
582111
839737
932599
103588
758872
62458
693701
169738
189254
648043
8314
111582
315665
725787
241998
316487
263745
29413
917819
752981
408584
476940
724639
493449
859590
309373
543980
223597
850239
239201
168592
592492
251471
490358
305452
283511
979617
419287
713526
844269
722699
7594
812746
961411
364188
589452
707228
858593
752496
565003
962957
612143
618296
621697
562837
92334
391249
410968
705494
8845
918038
558765
262441
175992
953025
543275
226626
267056
26258
685479
170751
797589
743981
326812
26279
434199
637679
823717
663239
472564
855837
261087
790200
596515
920181
360948
361980
750959
49291
319407
243486
103305
749111
718290
656527
173334
446402
396489
519791
523398
604217
827944
241874
614685
271761
737314
374129
877625
938376
662886
303964
634886
891398
914817
158354
690410
381335
250166
29312
241207
889715
933538
127865
515644
969116
668755
264619
443804
229539
857632
847273
998074
456503
800358
342488
664859
718491
553783
956406
660617
813299
378813
405882
227430
20143
823052
462971
575330
285397
373264
444982
746097
735384
557700
894581
483929
217942
171758
529878
677179
313882
879169
541844
153028
457295
257115
466402
715493
546579
82014
991667
812826
697537
822153
776998
885000
6725
456233
42276
270059
840692
934983
121137
991388
426608
21980
3061
105106
806129
206444
866645
36248
211710
801428
90664
226435
255448
880908
798400
230192
45144
534130
177808
893906
204321
639506
232175
187077
692105
984812
296642
473625
934967
293379
808148
995844
840273
138618
390637
545244
358190
758382
937890
811478
626957
873558
501314
876167
168298
729750
269624
718830
297121
928085
470471
14773
749799
935473
151074
315968
585138
893098
136208
781229
470379
382301
770128
822043
375466
226245
111843
482283
479102
192628
206870
381848
507490
296322
22067
97535
386985
327124
47198
375328
398244
154278
644174
176982
498813
668780
677900
864720
640836
434881
436574
976604
95386
168928
160276
422306
518606
143054
938177
429483
984545
406587
434476
287700
48087
709773
215774
931841
324082
753980
924270
896618
635641
219093
371336
410242
869495
647677
749065
144763
679939
812566
725075
60111
363305
748367
375327
183276
237842
17981
504185
790837
314329
502051
616951
240745
374779
549041
80014
365796
729200
352491
15938
934883
384668
121985
964383
110620
276301
974226
8665
831552
644273
794669
876244
470228
304126
249655
693505
612255
183567
238153
49495
515783
247995
520638
190800
258195
529274
31492
897186
901277
774432
293185
684109
285567
806659
138876
792503
77901
275730
578429
703632
906627
92540
928338
845748
860898
853754
429941
140573
525820
836605
947059
790703
348385
470838
669573
615490
278174
869258
147164
36266
714017
142926
326802
755950
786382
484105
305396
920344
816617
153117
470028
872867
243464
933698
86546
823206
244055
391679
153618
756248
522770
149087
762090
934894
416300
668486
713920
446037
798640
914190
380163
130776
815685
797586
198702
102216
397463
716018
767477
212806
41022
73033
232348
807344
222140
343277
878083
245611
46389
869165
429537
75685
394540
842531
604465
763274
545108
309641
816623
881932
262286
839087
333855
186069
32418
594020
910112
178889
745042
224591
614647
97681
281207
106349
476596
906800
224920
809817
817260
178355
647763
20745
535335
916960
985235
346102
344334
334816
976760
618980
413679
561538
687886
703793
519191
728648
396333
466312
128391
527761
732796
398670
389680
784253
735749
959442
594221
937731
155037
858333
741658
933012
219786
650484
293007
348863
84539
519831
655669
808066
325230
868051
152474
133750
113372
664352
628419
940281
687203
16763
588985
749478
787099
662563
95656
834850
655568
217846
873066
872750
464799
777493
336636
928103
495719
358773
840384
36464
381226
177540
560362
841111
120484
685359
386621
785533
984037
402236
102077
920873
40311
197780
621993
424477
391431
420683
38962
942086
816189
239635
467252
200488
773794
971547
892769
798893
533941
649157
417800
186780
392174
197213
412128
114148
400353
603817
310063
410644
193285
273611
893156
683050
817063
914664
82933
73108
942944
586239
744142
5120
36323
667866
12081
889160
617224
206001
192704
447728
900225
204255
254955
429059
123467
831627
557012
991226
634056
587895
660412
297346
715763
307925
816780
698469
366109
798367
831494
455625
181218
747414
412765
768670
263700
42046
775074
100016
580729
695643
792081
261870
267957
50507
311903
461038
864144
883268
156813
478161
707072
318674
76220
709598
713489
647879
623277
830491
822181
779976
613475
741718
382248
299606
629877
16921
383329
383115
819484
359390
489201
857084
57670
34472
488882
812625
53216
827226
249805
766780
34838
823622
447754
771091
759401
534084
358607
883818
88715
514751
367367
248621
36436
69144
146015
573326
450375
87553
5258
69948
974112
754537
98899
150832
650915
409214
889298
775540
236895
570902
69942
918690
684666
288123
426895
977352
788843
673711
828874
545508
599946
690990
106182
467399
279394
655329
559602
841430
44289
281875
284738
774605
108239
126971
310947
446397
570001
437657
325561
36260
538529
921393
726614
815739
794664
921579
918803
833494
878394
461038
540921
548780
77225
244668
148777
663845
830700
894983
808306
548885
947340
573566
236618
373197
95140
934726
409782
577718
333000
122046
413207
444067
945187
64658
564948
989035
795428
414780
57627
721996
506037
916347
108629
847249
533936
515594
365688
396092
338655
542849
141122
342745
583063
803761
825900
61444
906822
402917
776761
3168
98578
359260
376679
866757
211188
153119
234942
48859
221437
115991
875951
897851
566488
799177
543989
374201
64794
470029
870027
926247
701063
772258
493477
895853
923873
148868
661251
290491
379798
392248
815888
352698
242134
577604
432517
418924
751335
7307
776443
170238
745197
903980
778215
640452
400477
408631
538843
356712
298001
981129
9983
578015
573404
122678
752033
938354
531199
296203
615941
122810
496668
438760
745178
616571
883131
551953
857975
613928
203254
703819
365645
137728
211688
824740
896251
752785
590187
659992
951342
548047
880825
236324
519879
624402
17151
63945
147736
171848
518861
734898
797452
664378
422828
188876
940535
482154
304753
326368
990671
682695
279932
501936
122754
918693
858182
237929
857619
4518
670503
233588
664266
807482
760116
611397
539168
335936
799084
324219
745863
966196
771048
102160
356442
308122
847050
348635
801354
410079
577886
417020
938040
484284
854783
737117
527954
641552
790668
289716
493344
219124
101776
345207
671649
937934
764672
99890
625900
83959
409253
801747
442493
300472
996962
755050
398579
700150
111529
743040
184377
108955
454379
477364
363898
739422
713066
681079
864630
763197
858622
918862
109592
114071
546623
617219
811118
388922
724012
988304
406254
627921
104197
791690
369892
852759
842555
593623
111414
119971
639169
976710
645711
771003
904580
499329
859193
539697
991144
972948
494109
800023
261437
62686
720660
838330
553416
929133
299032
306537
505872
602141
630902
732932
63364
896338
251843
420392
554643
188655
369342
753255
495361
276525
768199
348520
824872
876225
416367
246854
347614
109968
581802
816520
701529
340370
252312
865730
954820
702284
556764
479629
656307
685565
590471
714693
2879
939505
867854
185489
103463
667197
45574
235703
988203
447435
369577
487168
917497
492207
645113
271300
804852
382241
248068
641725
9662
328997
595934
358075
540208
861369
281319
118119
865160
596739
39240
328073
3292
108897
818832
111631
297535
349193
937434
7092
129140
958401
92831
632745
838766
211960
473313
802079
595286
726564
836530
733093
426278
474607
249709
657178
831960
452302
435317
470745
983882
88346
479254
834239
478272
628413
313839
356516
240335
499852
411299
733564
843345
761731
745356
114002
790286
834857
398340
442278
586535
239228
655663
11021
723104
318927
632848
98360
272626
283344
578550
396965
941111
848546
868416
142208
293269
204283
237367
144200
811249
993758
398968
13586
698776
893653
828752
243092
537637
570349
424366
311826
495315
387822
383402
806860
936168
692420
312502
628542
370251
99214
416061
431660
465769
683514
210540
177327
385421
703115
207743
181371
636377
311763
836587
296680
322975
40463
538333
872714
995671
211632
477670
834871
256837
16942
187275
960722
166454
404796
670394
14262
310062
138109
94413
813910
213312
441419
437777
803911
793468
32750
818435
710939
467208
393222
961787
627881
348356
359787
377836
691404
193049
822194
585915
366272
969848
968758
728627
645866
996217
562507
563899
903807
593844
812590
561399
439820
775230
413610
88401
770377
912843
187819
192542
998529
60598
127302
988342
489487
185596
814310
153273
382340
159559
117304
381895
607294
910531
212177
602113
767381
398286
482044
885758
97030
776619
891477
315755
575177
854288
126075
907185
27995
154521
393798
47033
201020
348180
31493
824978
776519
643149
571743
366962
292391
78167
762498
554369
579108
388387
152497
878607
174268
401054
210851
44028
924638
214474
395642
519513
645562
303048
848664
798359
208702
971708
728550
618089
546803
706157
566152
492030
991567
723004
817288
41451
435482
43817
945585
482848
18166
33195
118569
586905
327324
5363
942086
945696
933696
314188
203927
392022
757986
248664
368618
111933
265407
21710
774489
321803
309701
106610
353234
170326
330053
461856
927920
542913
883085
753550
104847
876423
611359
493375
605010
283992
168081
67716
63742
389557
861928
867823
360422
84200
347124
715670
403606
573129
925020
174457
856692
732262
447735
719126
434824
193798
70436
466955
881341
194393
802639
792655
534982
571816
912585
39263
643744
289904
564301
613550
6837
906274
706595
485356
490083
632029
885122
628981
606216
959886
129553
90849
440536
881086
423648
986491
375454
829535
548156
653845
198327
311592
667660
72696
788555
923542
661739
666614
164221
769975
413713
451533
497326
711794
6821
452541
590158
246544
239058
750150
400550
624332
772367
617308
871445
713892
623436
159349
666335
471966
803914
697609
22718
669386
718335
379591
611784
376486
815671
834731
673127
989067
190319
73762
258720
118607
130797
32277
359552
693592
85238
39072
691578
197230
885332
713054
133533
354719
538065
779286
234044
471356
881821
992469
905459
694461
646102
426975
337741
274223
293474
752363
308834
145727
719744
417599
563004
98484
85295
21383
11664
868800
627222
127344
565916
259869
703779
366077
233542
660576
623641
63539
767473
180536
390697
917689
184253
581272
36147
968257
365698
801749
887106
462563
729343
703124
449096
56640
253690
851335
135408
454438
509144
718326
680760
676660
455585
564396
182437
238357
710030
891346
447680
416583
859398
432867
761500
182063
816019
759835
650041
620872
829994
338429
290262
920945
179048
461233
822951
24660
941769
10385
551515
204547
984727
204069
95144
683174
845215
811454
118244
527761
145435
271504
890560
371166
78746
485915
655169
242626
122489
421147
657722
241933
177466
33888
970081
969872
696758
817104
950539
136655
441086
480556
144916
985260
409419
33184
445017
735514
158823
111977
190916
175215
835401
988862
929518
141387
833358
780634
388029
775354
247288
140160
545761
387413
290238
467448
458123
980266
797095
321538
512077
388755
813263
587809
465113
503648
312379
493977
741263
560592
823640
574859
624795
649393
757193
248064
148816
804101
199872
777473
773998
354351
583032
392721
456331
829857
79981
288072
679447
885987
102564
631465
735760
859137
232023
106322
189594
209142
973870
551786
823268
725204
634102
178375
84021
376341
713136
537529
61786
260306
702474
970656
648067
587572
400642
991543
494434
192042
182214
142450
255390
490684
899654
296212
354659
900951
499138
993560
621806
858547
387040
924944
158592
282287
300390
895357
785972
721481
393341
635648
475666
969372
411941
596418
830267
65827
588695
60436
590440
474581
232852
52572
835708
705617
364345
56543
166387
63744
521960
904268
844108
339807
687136
360945
387942
436896
35163
692565
409856
871981
659290
619606
79090
894754
965995
747911
568452
768814
550960
307303
540801
73357
11131
809165
858737
984219
266125
285992
985587
49915
699526
246683
443262
743578
775351
555044
73016
297635
926935
154792
445464
927007
662369
205105
783389
43645
32268
96680
193753
868757
764258
870977
673338
789975
844046
63155
752493
377852
504296
898743
416378
83233
92163
142823
431235
15449
963179
273172
33927
330077
917725
765253
697437
550909
559203
508949
298532
625994
644363
796265
610026
83005
633596
371478
385681
711063
123242
393255
204071
499059
756063
143573
405837
939468
919820
192856
6344
313590
24907
221805
890932
421554
678136
219583
460368
721496
454154
181761
929481
67982
794588
863454
176682
820039
579035
98062
92240
54662
677502
495272
769444
143698
897600
674714
185219
420681
139518
105938
84035
95287
611131
87186
612935
292469
587362
822334
591482
397499
574579
235601
806446
830353
13957
478218
196585
918890
536131
776561
399212
329409
824658
496884
265040
270158
918807
139126
123499
476424
260164
645139
974182
700080
455107
232100
686014
892079
66600
646487
924989
655834
306691
692831
439082
708466
615994
614464
20528
783334
732367
902202
990482
752928
869798
307525
366644
930032
283192
703454
369344
71752
751569
366170
273648
217802
230200
837955
484077
370323
994053
850006
259425
38964
929652
882305
203415
138130
88305
522955
18732
341509
699462
273508
329651
296230
967907
405853
989155
748823
602973
975698
938656
280468
756332
39690
625727
285024
340617
760412
446228
64578
586035
41130
145328
571173
596168
157950
788195
830495
705217
825499
847050
547618
768077
158603
503613
680949
691509
998043
709533
617500
603884
611772
802293
671610
959013
430145
328007
519742
14275
816652
311738
229054
8645
289458
450565
847508
512479
580153
574007
466987
74631
680438
78329
97872
167887
724633
272104
424474
354928
994735
334701
926534
938733
41276
771408
383853
480269
814873
240385
830747
530086
811284
905870
676941
251547
532825
820585
711723
515621
53601
27697
347631
106039
255055
733124
319730
893100
823479
215649
47660
116495
950958
477308
949386
25336
567505
217237
189219
912125
901172
38863
915605
965512
523927
750421
68896
764772
402409
764775
754980
445470
904075
344390
18557
364577
430672
563966
765739
254010
430055
949040
59891
907238
783807
257546
795554
840903
349416
247443
552502
286762
646335
672342
677955
65791
810019
144893
619528
34802
491519
480968
463837
264805
271319
492684
261056
267014
166705
327834
258922
834831
351241
737984
781
694174
565323
578566
766828
378930
239971
456824
520128
986472
127216
760070
598809
133868
623633
766551
394369
797377
158016
243659
582397
525711
547290
94557
531540
536267
33586
586257
472631
983470
715099
967428
740942
553404
164379
259765
76012
9143
115469
589608
747880
821112
287914
41315
579299
742863
826178
163652
110900
388720
366777
492509
602329
61300
974038
937997
823978
743066
355075
196005
452379
854218
786024
939619
35017
106131
773021
667838
883526
832464
471036
745481
25322
872725
167195
139994
799829
945327
580740
753349
512860
970738
222205
897149
683319
182803
808657
69514
805276
654131
819433
356148
7838
443720
725605
664894
31384
151734
525633
591046
386580
457916
741466
556126
976527
667325
413735
39254
137768
139075
687289
53836
838941
903246
57966
10385
260817
358280
945486
128755
277352
637387
531670
744558
201701
122980
459793
86898
943196
577077
36117
635604
421427
300261
175516
679204
703122
299001
858756
482958
879113
41375
523121
460905
326654
783958
772889
753029
246630
190070
64279
356739
781608
239687
562474
179950
482349
45185
631917
757339
985902
110527
501641
13298
399593
970562
254547
812479
690973
18653
126541
725775
945267
103552
942763
461004
377209
273463
394158
302692
674892
432009
230447
449637
510878
608488
679780
975685
209660
80856
646232
377525
375326
260366
997443
966621
534312
449442
10984
419802
401654
60098
596630
610050
724331
483455
646535
903382
962596
754271
383707
926382
611945
134102
530173
303168
482392
231683
743246
582549
171133
693321
932248
505001
541962
741305
981212
895995
751272
188191
619209
787817
120927
261244
977972
332512
153372
833250
691342
10042
156531
881696
850254
285969
638910
909136
484609
685919
194368
374153
89694
21719
445263
933091
594043
896008
848931
78164
716883
619452
94997
256219
257912
230509
246313
540301
340971
344621
429585
578134
943839
547612
170818
991994
344430
496131
672723
58107
946991
28166
820126
649989
705333
954372
47862
699770
885170
494939
205103
409805
789289
700915
353146
714075
774713
280717
989009
329268
794211
192119
85560
498559
129762
507421
629399
831738
314222
10666
517536
4025
969058
948282
357535
4811
824184
313372
644476
40445
155040
697674
532688
671929
813122
467959
81956
309727
153861
402562
322094
481657
24294
899953
987346
979319
493169
45431
114249
608053
707017
681674
39973
155958
834958
734040
607936
49576
277399
294195
869104
204658
345641
831127
230291
81541
833987
447621
37622
409987
52838
492225
547829
981317
403671
874276
883193
194682
131810
185125
515760
966470
892400
468355
45795
546196
885752
432488
783305
785089
660776
94215
160747
710268
58547
992183
261171
665812
986662
666059
187618
63679
650230
610701
50571
483154
956824
775408
739246
832842
716241
138312
146345
924008
969283
942851
45274
795538
962853
78748
516852
415621
450753
325135
188277
883440
704082
486073
818354
583023
64270
176453
304675
820945
602884
317608
984020
675612
555650
444805
948520
178622
710357
513240
903662
300802
259049
242162
607691
695867
137134
944333
398176
769887
573009
491515
756506
250989
616712
583838
706566
70563
956767
509023
334333
842058
527505
256016
153735
309080
697688
856992
935938
295552
373705
875415
831942
69947
679175
955087
3723
64459
120869
961477
130216
728899
846233
963556
343430
280595
608070
365898
249463
726239
662212
909355
371502
811438
528732
757296
576728
19227
623807
21555
596297
558509
44906
75917
758569
564882
656782
941326
620777
659288
670755
405629
360463
935243
114812
936955
998980
195733
918001
582306
875875
898711
42951
794576
816109
518783
328199
393766
859707
163660
684435
560162
253719
524797
914230
263347
514061
727672
410990
27974
478276
46669
300594
889450
891795
446385
72249
780951
640045
730955
625484
26179
321276
905165
519200
96351
13794
26754
486318
368735
664162
949029
728817
69963
350904
228729
301729
173293
569704
661890
842584
682463
791507
647635
931085
489223
606114
940928
604047
881940
797315
895362
120937
32427
831746
410025
312802
173308
267501
22790
730507
719704
631736
34254
259628
38692
328629
139456
504163
434361
509866
206834
223309
867540
162538
869084
872956
375713
389606
3604
500675
594091
536750
15398
632308
838781
25778
943901
777353
741878
135901
755652
652845
743974
236922
255078
687411
8361
977453
169600
664657
245424
977336
126338
554619
184246
463760
901245
907507
30129
901247
681538
934235
359755
745766
914346
599495
253063
607750
459748
371889
818301
473886
307746
379282
822017
969719
260526
713725
558014
591801
456925
275232
74116
93051
401278
196536
555804
773136
428599
59852
240303
138312
297675
583363
30406
574424
808050
559255
710748
784810
713512
832928
844652
953682
251118
498599
828530
608550
263695
430571
116796
789801
701792
283414
461703
663947
199698
129666
634666
200500
159817
828857
205551
967979
878286
438858
276488
29314
287118
645185
806132
315971
366960
987445
580594
409197
906546
611366
823421
327191
384032
141352
710789
51342
489530
697052
758202
750922
754050
199914
213661
257611
279313
252377
798562
728677
965615
71298
154549
43877
209045
300342
628933
348666
115992
312459
830080
180174
97599
55742
850485
268689
152869
648426
89752
314602
139067
408894
992281
666036
532068
485487
474414
159876
72030
268697
598116
745569
59453
179619
484469
962596
102182
792915
400792
275281
835135
442249
343013
334483
62445
379291
136247
116837
304481
324033
975587
977413
431709
858961
475843
467220
308484
979418
978044
365993
316493
423404
328207
108795
653597
81101
685474
45413
277942
419215
462153
817563
100061
516798
581544
682187
204431
507014
53551
138092
840243
48082
970603
546376
788805
524547
145900
9489
709071
17992
206085
622532
649907
50284
456167
720089
943174
353679
152490
942223
378337
927842
60470
746638
29248
266866
772650
394172
40049
761766
414172
961238
966214
243210
815216
76013
654633
217162
480524
68577
163211
722560
410316
460086
873768
295606
901627
346848
243042
408090
756933
6652
285392
356231
120446
348647
645753
714820
216158
131080
69785
180696
239111
569719
277720
507173
349452
407079
417111
716670
291741
824530
607607
348792
711714
759245
222455
416985
323351
536774
336912
47946
672494
757982
815199
638856
708
862518
762754
273061
258076
177317
833411
490374
735471
627418
678430
131004
874353
389303
408160
437449
850281
196274
905969
380337
342579
732821
469001
329292
991468
390120
41783
599578
346904
161862
937464
420571
527882
967120
888244
494131
662464
837580
739722
368625
42620
254731
165202
419859
276267
847369
642931
159990
334062
343005
727928
554601
52971
203552
717933
66191
593612
38216
248772
307248
455380
326021
3617
667261
411578
902202
101152
678074
509432
633631
358568
271424
297857
478485
58883
69102
189198
53422
677528
614505
325787
881945
450116
34088
487250
170906
385831
865744
481221
230016
416585
428685
645591
331932
782626
306592
493349
436176
334149
769014
216209
372167
500889
470417
754133
903352
771727
414566
181995
774566
15443
547968
611850
480946
15392
903760
769447
241805
237225
17559
534232
247343
8129
276443
173684
147797
259708
808806
700633
550452
448370
681058
611570
272026
18209
123798
959380
610228
456337
31076
15712
732106
993333
237136
628845
166313
564064
248811
255045
368504
16243
529059
535182
38773
558767
101227
90937
508829
437263
534557
58650
544565
765924
115620
581776
856900
927885
737926
4826
422481
540355
801022
77006
875687
616320
352459
632888
315018
322030
919864
787671
239715
98684
905007
373631
875230
230481
210444
880167
337328
399930
205228
271256
845427
4024
92872
454262
602538
490529
824887
669017
411647
10240
249757
881956
871933
712272
100227
285384
809344
763400
564297
655198
303457
331988
506030
65577
758300
195351
572999
326974
230510
372006
69005
742631
137348
152682
585464
239261
390754
81268
101644
109296
490968
997050
605198
823350
251990
945201
554324
856806
23426
503117
932099
194820
346617
842351
531061
228209
503555
363090
503408
839189
906747
353023
690899
602313
690604
240232
534470
127488
966368
69863
157980
292478
173419
315593
523761
424680
920792
266612
10295
375261
921819
127801
78343
25425
976909
417770
944053
346617
914706
895457
989462
306612
35393
929209
61985
871040
272445
377594
732373
795344
320480
159224
248296
333350
710093
674644
605665
258640
540014
67082
960913
327914
399986
75340
477694
25855
494541
920662
943923
594409
594893
407623
891845
801472
183208
595354
834538
801055
317967
419093
87242
214811
924779
236324
334238
757284
506291
342840
973095
39873
954908
461258
602476
599284
342869
958457
313393
962279
402221
448652
989356
206228
299066
795200
570019
672374
565022
901384
195754
814268
76619
173885
373365
961687
349458
523492
424461
727839
744510
716096
675606
589525
66491
398128
820096
618924
420475
951348
974674
342924
621849
697258
244604
19796
509262
625376
877061
958239
8914
565234
6357
38845
798076
361073
126129
360695
816146
515150
481406
399893
135727
75337
175656
790188
633567
512177
228997
30
73016
869366
584546
90363
954971
677408
791082
21038
62082
376481
145584
857915
976372
27853
675862
95692
193054
224931
105892
490083
887856
540053
655353
148104
858080
951763
851713
748798
147728
490565
58505
968645
965732
829774
617645
916951
17506
745010
744185
2279
373187
49297
592441
579655
425679
852966
958430
971497
490540
858942
310839
831659
666357
251225
773448
250321
866076
997750
940632
503507
549609
486801
407896
821989
462101
627325
101940
495949
415497
633048
208124
330967
302812
183298
75453
375629
165312
319203
267186
293497
579378
408327
391537
233613
415969
429036
695570
339352
272752
490482
48363
678873
309340
633661
453936
503807
69607
261311
77811
449560
746244
265571
249788
495230
994263
793902
422495
26890
847889
369696
656507
813826
793027
832438
670621
345534
390184
991787
570022
766372
531735
41258
931198
14066
435687
825285
588408
534540
153656
391635
984735
376685
103554
648872
77394
322984
287463
472782
538151
986597
547971
956299
488911
631426
36321
18677
854875
839128
874569
83620
510607
501336
707439
976998
552909
921591
111883
499114
285899
330108
856018
69137
565609
803342
882860
562568
855041
388083
529535
435875
971055
383999
867917
792572
95711
327911
182318
37050
863002
386174
975732
602015
142199
212914
64150
573989
969237
771096
450279
556334
313036
100495
45715
518025
149902
934285
385473
546581
46290
677414
294293
377245
853014
686269
511234
48271
433011
169958
692811
274752
764785
112995
916115
414710
991899
319067
191605
853075
216163
990818
210362
969438
581647
688828
857750
140530
843312
870248
710216
789453
122529
918104
872673
969826
676144
850264
226472
278214
745759
504186
659055
201672
401783
677788
779002
131168
749407
934184
44279
222274
334993
639410
942999
720572
911455
947628
713460
959039
733353
255085
419442
217978
652978
955712
227480
466191
59462
812427
871576
626682
247862
350212
504674
952321
508793
187988
521314
112
421205
207245
330091
524947
275159
793118
472437
29905
318102
313102
508348
466435
491394
675002
249961
572098
689391
321669
525508
513569
675161
480904
183351
144352
164728
404334
58994
800662
82240
190856
374999
478380
50159
652274
494458
927516
245931
759479
754861
305714
888724
74181
746582
700349
375038
263032
46429
338700
601451
957775
349117
682055
962914
914140
965809
130682
897545
651999
880581
800950
296006
239120
572866
264742
609059
456692
733750
999618
94565
572838
723258
65747
34626
34552
285954
168944
403803
25481
641695
710038
298991
177346
293800
871242
447150
625039
864297
758238
350166
372589
612855
842768
798890
319834
503556
262421
331736
720045
734332
4737
207802
533492
561709
203451
212796
742836
50048
142492
116756
584491
523893
834225
746462
135191
750361
242844
58980
346107
773142
390242
749206
732048
457506
789872
852584
647260
870595
318692
638024
125859
445467
82380
730856
477906
984236
616507
452881
503253
487900
345458
481912
882047
674897
73565
551800
991886
795739
272545
361371
737288
937558
708608
198210
101854
135376
193462
646214
983933
864589
83409
17288
963911
215186
653710
496060
313707
734751
65335
959593
123440
205511
993679
108563
848465
57973
224665
794555
417975
677743
691748
52168
770998
210750
593292
794808
630320
425388
548725
249551
748826
887101
2402
114023
689072
7847
990828
578800
104276
309314
326164
247476
634169
354979
712398
144256
510242
839155
782701
401344
456546
617714
266600
21891
873793
414569
456048
643766
478675
643747
633577
345436
314944
3924
752484
83512
628363
752281
988616
269290
966563
652219
454181
793783
372076
951489
619904
646189
171665
214478
802374
950960
409952
10076
180441
174183
783232
291987
993751
684004
230823
679535
949290
608893
119918
884381
958835
228702
854724
751666
915351
736636
528909
482455
481358
711026
756834
69384
113578
158943
624486
967421
989732
783873
217513
919358
85286
998936
349631
657341
302512
289343
712824
162124
656265
326340
740317
327733
933388
653584
336806
822868
788527
331598
630416
772977
568789
810146
909409
297597
346391
325772
727289
401684
755102
480271
543236
882520
483288
143960
286719
370948
261135
449168
469824
417591
174461
816299
617570
821310
55181
915179
754560
443366
942219
821625
231193
696845
993321
292240
157400
204387
511776
906782
429394
373180
462168
914763
177416
158651
375847
212727
428437
846733
128358
814307
559506
22979
472593
569858
674001
561036
597151
762883
686583
762702
889827
989549
712777
738817
112961
543054
40159
369490
764676
213677
654538
927045
266776
712864
252589
146310
105537
253751
953401
379770
95485
360850
329327
151839
429151
405146
505359
632350
200301
725317
170177
840136
244322
12254
978329
152574
774122
105622
757795
763138
693
619931
732083
471598
724479
748421
947947
166805
473783
951783
683067
782501
145509
5119
721441
566043
981985
744833
163760
446531
547562
678349
499275
969868
563373
66377
767356
816414
28501
98613
630305
962661
617077
346871
860548
125297
459347
666694
779571
549547
739464
360595
77133
185509
467249
816714
688649
162758
592394
39384
126246
244162
447043
837504
996006
883028
63002
920297
247726
880790
791754
741950
522318
451153
609326
824410
126557
221752
816658
97412
324330
99051
479100
663396
548956
922931
315416
553852
412158
594924
20361
241713
691225
666549
218066
422945
536449
996419
141962
147701
40517
505881
335362
237001
522979
835627
540681
868143
334358
630064
475323
55506
104615
248768
447281
612236
264504
894292
745702
157478
844570
294785
932921
221723
285588
743114
656650
161838
757226
238949
370694
64632
145210
166770
346444
104715
616591
416235
412850
841475
717490
364307
901870
212052
574281
797345
157548
662070
910820
751535
104328
387113
279671
309085
923651
488846
820728
36258
960399
859767
728634
356479
825202
57465
411317
288838
54848
477833
105173
268074
524757
114647
378861
761600
431389
295514
480498
782261
272333
778720
60364
773122
123662
490064
663313
605404
221275
496225
731713
67420
339767
910786
849230
602692
974594
738032
652679
634655
741937
541476
288029
691062
843525
77714
73161
975847
1025
572257
223171
146963
821458
472822
407822
468219
630080
395659
788105
586062
437697
874390
605837
621832
423325
946533
309965
50744
581926
743052
618895
46167
484573
647463
359634
348827
823654
662445
164153
759439
900274
304573
852622
943117
317245
380215
990709
955679
291545
410647
307178
837435
319567
399019
71789
784931
647525
414483
798315
454037
820201
174648
271563
602537
436211
980819
860149
990746
963571
940273
17218
57403
993172
19984
43175
556673
461119
89055
657795
365445
773152
309475
654321
7879
932269
161881
690509
129564
959134
719612
690547
322169
494640
181188
36065
69984
276285
931761
269330
152967
330491
833946
789701
590392
158786
277414
69293
489206
447385
818003
486014
785334
492082
112511
221660
356307
355986
123198
633732
400465
752218
485937
396896
953756
88289
25638
343926
259986
392101
186104
484301
28115
157329
816674
513815
370196
940340
481106
359404
385305
411916
196981
145649
774709
647975
820961
519573
393056
217932
529835
84256
230175
82901
631043
927311
852488
658830
625800
281917
842425
961920
491552
560648
4208
854309
459671
546550
8661
159541
640445
296221
471123
387038
896245
706342
152098
986991
378805
573521
393989
776225
108931
922004
961345
369539
385084
383844
23373
773297
385747
288441
809231
610727
986776
724655
896270
100827
514415
330165
754163
600041
825010
623923
97970
787046
281219
307396
265481
268660
674684
858362
637049
949549
88373
878589
869030
632867
905491
706392
56849
372899
323719
110834
321757
224588
635002
953506
279413
482824
147734
726508
668357
447978
916278
866340
384306
117262
354911
88119
336702
81102
700714
104294
859774
571875
951553
867146
36285
844500
27515
450243
329599
48354
239171
432723
646428
445181
452509
565701
609434
352096
731869
11264
385482
636643
368353
77116
750488
69940
451676
871962
684326
239857
450846
484170
374337
575290
677671
496263
854914
799247
975364
36206
560632
371210
981633
518884
472727
979133
68127
600732
268288
301750
505871
440188
274849
643174
883541
822531
167578
719024
798498
629853
979391
187041
275832
225214
843882
358157
108834
501786
604146
253890
572669
68682
167246
179575
559890
646450
298390
153344
856126
65035
75099
601039
341536
749072
455170
528783
419109
368190
416009
790197
147497
59803
239003
417824
497620
333324
471655
87013
193406
90575
415313
950509
859618
665876
101712
181136
19555
586065
593360
790088
691623
729867
76688
107824
834493
243777
8734
881726
589903
638296
915206
701999
602081
741751
538515
919705
342892
466671
472092
69456
467421
816190
901634
254838
488080
845255
90332
495308
25694
616322
507005
758117
747932
449952
350946
834648
148756
939889
517403
978050
977554
896710
385193
580484
979237
222558
854963
370325
764412
282563
811781
596460
435878
678058
133596
377348
991806
821888
417998
276231
254761
243415
756380
323620
555614
330102
412426
521130
694656
759023
304911
312789
385118
911995
880364
648561
98141
416404
968475
991587
89667
69217
633498
40877
510102
623117
795687
206496
411126
817878
546552
474156
814374
499929
719984
744002
294186
457343
34842
347256
755031
747592
502121
462919
19950
390042
206419
936509
518699
923853
810350
883436
298343
312680
232170
181809
143453
551070
149690
896395
798854
677402
664862
717044
719302
231111
824988
270011
501297
439610
889227
997374
584646
653852
255749
575865
347368
76240
733008
676880
398223
691610
260445
203281
474830
422447
180687
757641
162200
26801
763527
896271
925252
821149
661522
578062
166891
429186
42028
790695
239
205958
179995
470008
209635
126291
896621
863190
190326
273503
80673
22170
325047
91372
175095
362757
712141
224163
17718
361363
364420
173994
625409
767391
919691
293348
867201
724448
11269
509727
382197
260612
319517
855157
178649
735104
370202
18844
166540
515739
104603
108761
994294
600118
505860
327886
397180
493594
348127
67528
569505
482159
987736
334872
523427
324704
668947
714187
183740
891599
368046
530044
260353
970522
765007
634101
724003
113172
620304
248087
916158
860635
786187
863917
289816
165247
466172
504465
274113
223289
69299
418471
212585
546623
709080
205023
885255
854181
254447
590246
530288
972726
225365
670200
194699
851253
776594
244771
153238
972892
772288
332113
186335
320820
45736
113375
921941
949036
293814
487532
656036
244254
120957
664935
261154
332900
174116
455329
212951
692266
236375
704057
390458
346624
33996
788008
555050
800550
727651
722991
304698
716277
435624
1180
217160
479619
503901
990764
758301
221149
428684
315314
841302
644446
858296
866013
654802
700456
842982
260700
379239
502102
308759
266151
591298
392565
444639
788211
478481
710855
638669
55023
820020
316776
158843
337542
392981
725758
879248
508577
487260
260921
647295
132216
182076
604825
601480
27463
392653
801863
488438
423962
601161
241826
797771
443386
44042
805295
701069
7681
403880
162272
728672
936747
919175
376209
163742
461331
762112
175283
907743
441360
773057
745761
346284
719046
437729
324375
56955
343982
339841
399681
298400
132102
204171
337820
856898
318943
951473
423341
187165
267519
899218
554502
203598
451233
56079
986816
950707
929944
96825
209333
880271
132166
719568
342411
706391
877135
790399
280916
793587
67105
43526
232699
80242
22964
844637
348643
188500
745045
157215
334596
692823
81824
231018
570033
207941
801584
496700
220489
148464
881520
122217
692580
164244
755489
501852
918851
882919
729968
987141
238339
128772
653427
806486
802653
167768
759042
949922
48500
6587
636618
227730
693073
401589
110418
987010
691211
254213
438184
779992
66725
467856
345167
360704
218664
34483
264555
691671
209820
501323
408676
711109
511561
613204
226790
956851
422990
977053
254608
968829
209376
251088
978
797667
502689
574512
848722
29613
968207
932251
829809
690780
917532
767062
520312
943455
971375
3381
226591
861530
548922
623166
930190
691055
651630
363449
54382
681298
769101
923266
278274
85969
239642
256036
916619
899959
748303
270655
687688
721384
759225
636474
417398
850243
591599
670141
100645
110908
835770
28305
675473
251262
873894
706792
50406
399532
516020
700442
144818
270317
917079
439156
788671
6119
132678
826363
92729
391201
369922
467802
189863
327181
38488
441254
120622
981356
671884
191013
698352
762257
648034
868779
427844
779421
8426
15984
246709
80735
366855
29559
38664
94887
119736
313214
888090
893010
341973
843385
675794
694975
762111
247210
108327
605020
166215
413451
876389
979704
52501
949780
674292
57294
132073
594926
908093
717932
45750
962481
508996
692819
278296
834891
546029
292528
636982
111646
855509
916670
566803
483048
274016
741945
49042
657693
31508
136229
601783
840680
322073
299140
336659
112437
115165
667635
597734
957051
807437
466985
578775
192267
529961
820140
645887
82242
720961
384858
269416
343884
916433
99822
395544
570999
744185
272838
309256
77530
628182
503734
899676
558339
453936
149919
11596
731474
78896
920478
890095
354233
881975
763603
874371
182756
208187
714121
103983
555183
263789
98895
639947
327813
660988
727389
55986
78716
755409
167155
153406
774481
880114
204663
58650
763404
892133
169579
282570
307976
219733
631236
379373
917766
968618
406621
845408
584686
504176
48440
276235
917663
275674
998524
298493
8321
795189
183026
277100
292899
155635
445904
636593
2615
861982
49345
275130
987683
905269
943605
298227
796998
784243
9945
937125
982612
287116
396310
566570
499475
123677
513730
537356
181879
740671
406135
476329
157825
116765
825670
272672
878564
62576
812326
238981
746117
584416
385264
777297
491415
913470
414746
306759
951197
942956
638987
334803
339842
98276
858152
456713
997223
51644
841458
309890
750527
323866
265454
474336
929564
90562
575809
961401
745516
352846
519955
785713
283010
895035
287018
402436
226443
568220
259719
448548
533756
952620
297467
200195
359202
479304
531572
225818
782424
69839
162310
657033
925331
777607
461905
358408
634708
796295
893583
283262
399177
547274
573479
923118
408647
227975
229906
876420
124538
237612
2874
674921
854335
607199
419275
324233
531642
81572
881432
945215
21009
542633
932405
751906
552553
822944
716234
398110
136625
243631
440456
830144
738950
997117
463012
346755
894657
575673
385994
170682
633919
405396
182320
407058
865971
940109
95038
813290
186793
30437
644526
809471
991502
297497
589152
258666
24543
272693
889740
430258
857670
770005
199685
495351
392939
8606
9314
325509
387000
744367
434668
896071
344325
675650
306109
743089
940040
587820
871575
914870
35365
235112
891589
243935
850918
570398
208664
319750
949151
937157
69228
115269
10964
278579
761337
869022
43805
982280
216264
771917
801909
919076
692807
731266
538406
386068
804479
887510
189502
653241
941532
460016
312827
167467
145976
741422
708532
888839
740589
422921
304066
903215
426202
734285
570629
741793
90012
823505
983489
769188
758253
560638
586044
810644
439797
638275
93250
596783
81037
770353
136077
187109
84983
390166
856665
319248
644444
439836
532966
838233
470365
695448
942380
435950
717110
946403
102950
782988
17560
850819
8837
891890
160226
426485
908937
575215
643687
543940
666753
466318
895781
433104
790165
636668
141561
229824
427468
221985
16759
979179
904527
977136
300298
457808
26699
279119
537082
661393
846120
878183
832928
260913
950519
333455
2431
951526
256988
216354
644990
146697
194266
558258
748354
278631
747352
321061
836971
482959
84661
367020
261130
453175
133099
860119
140351
414714
387731
945744
465448
327804
643847
415495
622208
408880
446077
735504
435778
877912
581871
591559
363559
302925
276750
506520
836190
671589
984477
20901
95482
260107
572019
913636
134793
356409
283817
275711
623374
572896
570509
875469
605355
283454
58892
654570
676706
365461
209480
733766
397943
689602
968393
183735
631639
323790
50803
507383
130362
323101
449641
659616
155408
775696
430541
354467
972279
834264
190730
865844
708396
509420
218182
742898
58260
708073
773168
180374
232310
509200
807399
951232
758938
446055
893171
594873
904535
441270
556302
76872
790570
756345
220709
79937
823702
554450
508201
475983
276904
849005
283072
380160
802226
940724
1666
606225
256878
761681
91364
221461
566507
206335
214629
907880
906977
445776
791607
27472
801829
896584
147814
855969
957742
90659
334706
472651
131715
932184
665178
213871
827246
893661
234010
778516
100589
505207
311040
571170
71663
96889
510069
370471
389823
795657
339612
31152
120493
713656
801741
189402
972412
513039
714484
208710
749081
840861
756192
460642
931361
707582
731951
758947
315329
85164
342912
850344
859739
29975
217755
623431
345186
631188
39087
91911
364831
340381
309292
780403
583549
951819
273421
864802
133360
751307
76011
918207
713195
843868
44898
646128
252435
345477
722823
556016
977373
967319
663038
239570
267315
289167
514678
531487
595577
644563
494358
711872
827310
251732
885578
770636
301012
718599
689808
913512
773124
678842
295840
449313
417840
947815
898424
104071
745353
377006
27959
584443
19591
15560
301851
189574
204804
551590
527157
725461
913129
500171
859325
744222
31383
164113
658549
244710
177580
801918
445584
17678
51446
378590
879151
532068
755759
568577
711675
193250
412553
706335
701153
851347
405800
304007
510599
70873
935725
811505
941361
310518
956774
303002
273685
288986
301212
485773
868812
408193
733365
539628
278004
794583
506706
605851
81119
629098
134348
526832
935078
149582
960871
860028
460007
583529
168122
428300
875609
361436
843200
143475
846855
335826
118852
167733
475999
64706
232341
648550
690867
505693
29805
461438
30234
852292
495842
98039
873084
701956
174972
629054
22262
570334
11578
581202
26828
431325
287731
781220
5682
544249
519510
803564
322468
698264
98444
8925
88589
13732
296839
311735
225227
615442
585491
574202
918595
327346
588485
239907
640704
720444
512399
461807
841515
965560
327780
455576
206437
898449
59105
398049
474199
738248
9372
627264
495829
852104
693967
812468
564396
747192
928645
388566
304137
382919
470945
713168
488347
375700
458414
944965
365292
482322
951128
519795
608714
228869
557749
158161
765089
539731
882097
47282
119847
719245
180508
307794
492338
323370
980506
538731
767303
534095
624726
688753
523139
379510
628449
282406
221201
812389
645164
283285
122659
772240
944621
734783
424029
32541
150671
473731
316518
591447
159513
236350
256228
851666
998736
602805
420716
429249
976407
45938
189399
124256
397248
829032
232337
918389
16957
224921
866331
559721
683824
339625
162095
660362
103228
848770
359734
359925
554402
140622
605392
898027
420088
404023
182571
616524
894072
943852
148833
572054
746236
406085
948434
702054
638378
232151
833890
197302
664823
34773
626861
212405
388448
437938
403688
234359
669882
169119
413176
213985
693951
569856
35517
48343
698543
346591
663111
984316
107071
253473
778823
940338
53528
312566
296768
371682
585387
731259
260345
983808
165592
645067
725850
629847
44169
292409
785931
903953
941712
108411
390738
991052
288474
533603
702622
270580
66463
258036
180888
129139
390989
89328
495591
549769
255963
490935
598892
251127
505558
526326
414822
761945
357976
266753
116630
707810
961738
967251
219509
38542
539577
733316
243695
117114
260543
173609
170199
502147
517783
383381
932623
389481
566464
919051
7989
857438
619979
584193
814845
714044
97921
791611
996955
998674
271846
151915
735759
658156
397870
603494
716190
393851
966484
259736
481070
497288
959143
883535
166895
559203
288553
137914
953579
550369
602387
743593
740497
798870
544655
342262
974251
473559
757378
659193
546584
291701
342014
138117
378090
913322
589972
165851
876648
633501
9140
293903
182307
496742
327893
359547
230140
876076
61730
467566
956350
624629
125069
827634
885010
532504
989794
357996
731440
865701
202873
839668
117724
372261
299818
737908
767351
347215
896448
647480
394638
424237
44404
72706
615667
471538
886610
885722
292357
759361
30779
785514
122496
441980
143271
887193
782148
498958
88163
783475
697263
248577
745814
635045
833553
57817
132133
518060
374070
113584
702894
22671
172723
80479
230349
18134
454469
877090
692303
574092
227206
548593
287591
633476
749192
324593
912807
673951
482706
702809
312635
944997
996770
903626
471594
98736
391336
706133
534135
831619
664763
75506
810471
413014
484356
449829
587226
666353
964975
756380
231410
474863
351807
731246
471246
241726
756901
351579
136770
616290
437282
606568
640353
592696
560237
685479
799636
57572
534607
427030
963394
138261
788108
410781
212730
213141
719154
177039
302201
173224
234595
74128
525164
946741
601842
872145
651199
281115
860119
972804
82958
975624
173491
879363
120444
545718
253247
822667
763255
347209
340441
956406
502080
982488
651171
145264
32035
447948
556389
77512
881025
561186
759227
28925
754073
856413
234543
214733
209963
701391
984908
987385
104205
685343
922064
864355
71663
331556
236565
254833
162991
28284
294720
507991
197122
227487
3209
855739
760246
4381
328230
991382
620064
361101
523473
507528
284145
478186
770841
737127
143226
545136
684073
425916
183419
178214
608615
87392
124649
745716
152576
66864
386459
686826
308050
679420
663833
632070
522176
429713
575315
869523
261235
943071
797071
149698
63924
835497
128091
370099
281708
641294
378603
800742
505522
883024
551411
196560
895875
19435
831372
819345
320441
91596
917562
206981
620878
202637
265841
425880
838950
540353
226846
612471
548767
225332
971916
823314
124836
909542
352107
483335
153995
801880
645746
38355
479114
328413
271115
91773
241428
503307
627346
376525
185831
791089
58337
654633
957520
277042
999259
823364
575504
559345
684737
284800
380241
434915
621563
388697
375196
998524
12922
12636
713228
257196
266931
633627
317494
366571
366205
830534
293395
977133
486411
998313
867104
945018
896060
312895
938490
909832
479380
221613
283256
370453
550739
885364
15923
923998
39192
48800
231621
879729
285906
904112
84502
230982
923457
58184
578390
122613
757189
139520
53097
482972
526811
870620
811026
91581
678986
606609
958615
925620
179784
290905
275842
16839
602836
440914
532931
627282
536612
606323
724039
599701
138086
929929
856384
917652
597907
186490
505387
304836
669491
848797
136932
434005
486818
576211
796670
14109
75148
34609
458802
672612
451953
203811
888062
276976
46379
930021
857153
353327
283411
609420
926298
411293
415338
137777
650734
673721
469754
364617
242610
30240
408176
120112
239684
314552
929137
173280
70392
612734
598758
533647
969716
523228
171015
70012
946157
139256
314713
40765
646860
593389
497987
916402
147531
954389
151102
400440
336195
522704
448624
32608
511637
21712
941286
761262
395672
997137
850767
745627
343372
669943
214003
625723
197347
782032
259572
101865
430135
590317
58884
747821
67552
230666
386854
835321
580183
771158
770864
726158
680882
690480
853842
837008
311847
389924
655420
66883
248849
186581
134678
157868
766861
886818
39818
143018
178351
919798
552446
613867
302121
597082
136185
214031
851387
991324
162781
946228
754937
56644
642800
283518
765616
811965
834469
58666
545459
487532
392648
109072
817937
554741
910831
433580
581818
793717
218668
298899
369643
134716
364963
45974
941032
375357
562525
689472
155001
70243
206297
773247
293068
650414
57735
830078
754901
637939
779925
291535
581229
404460
49221
410597
610967
547318
373065
319381
216933
637950
86752
395921
160069
559454
808510
376303
675252
496650
260813
560689
499039
985489
341481
783657
758184
685893
438225
75748
79968
953009
135743
937438
535960
15375
598426
529735
877623
893169
200639
345248
893228
425622
995010
258294
529661
958188
219804
244748
494380
189227
760019
124538
939555
667542
586320
740413
822722
533321
559985
648132
478731
856787
640236
83264
556279
828587
380284
716758
925810
873939
962230
309261
295983
350366
963873
399520
217513
380109
594530
762011
780597
407368
613212
668123
570999
237342
266757
510608
947102
75143
923622
494866
443568
671817
793264
7279
703518
191732
583327
464643
473472
354322
674035
747931
247725
822930
873529
252840
184765
321303
513649
844377
286648
650089
448173
743023
464841
790788
875974
463439
240549
688107
256984
84578
316774
316643
536982
611529
831997
90415
681892
966986
889487
745217
811498
971859
663914
837100
598573
169951
655928
616682
311276
811953
821460
328629
303850
988662
134313
820333
581974
132982
389598
153927
986996
558195
673784
708932
68455
231043
987910
899270
443674
53410
717514
168981
65640
799704
184951
218464
469332
737746
222884
694753
731543
939801
193061
652173
686578
392597
415923
326115
4979
360080
306185
81549
821033
670742
68013
387045
194126
472997
609390
341699
806346
63498
325917
210237
229988
89488
722743
628015
815310
539598
314619
99254
433225
61102
132697
628092
360199
681177
562537
604921
446539
255794
382747
840103
294982
154836
205584
952191
447139
853724
470521
661887
405961
877133
203493
599364
648693
134117
862308
474076
636567
239349
393474
820043
428466
373632
950365
471422
41373
739504
775803
233891
870537
502857
35263
752102
581763
443922
139536
534574
402054
530099
237774
914654
203994
745186
313295
98629
339532
708639
148630
401780
259031
488054
601018
42503
835523
364085
397450
629971
15856
560367
482026
440078
390648
617288
318357
337623
414060
237637
977967
503798
648268
377877
4463
677987
618169
771898
133809
86820
466652
926464
420452
765215
535757
812951
346568
136894
911224
186794
595864
78303
193144
304862
39426
237272
276810
711862
32130
513882
153552
312986
602949
590475
754917
406347
277213
566083
671949
379496
914580
238073
951655
208778
688063
601550
193959
386887
819243
298050
947399
994277
641147
328861
845800
714545
913949
42604
136004
659024
121715
218976
698710
319761
484971
334553
85967
868259
177706
651394
874302
807186
60072
994284
828613
126010
962267
423278
270372
570554
444786
766789
900605
497113
725568
355276
963090
470934
137830
799950
327825
150054
491781
559903
230377
660380
993450
934662
239313
626812
976244
403631
253457
949878
937364
353524
697420
934306
440570
591608
174257
44536
589015
635593
736501
331278
376871
514643
307329
778985
388083
352523
355397
95364
510925
486060
760870
27699
40133
322845
253802
388626
934272
215761
391319
968153
674715
825439
776796
723369
30558
239001
456114
562385
754563
443900
634160
641056
182149
846794
701323
351549
774341
413870
256548
289012
138395
347803
952215
906196
685327
311291
352365
118399
698049
957210
874155
109875
519199
764457
216017
24655
470437
445023
799258
146573
970420
860615
692544
85945
600947
22576
308031
561867
162729
367987
207604
593322
50761
57118
248012
14457
364460
364109
527239
929359
381361
14853
111790
977093
778061
108113
154846
913741
971835
746336
726207
519924
684701
807445
941327
216496
75280
660536
623878
399824
452762
699456
55650
207164
668580
923534
628128
85175
982178
63589
700439
205349
606442
405105
317695
165999
322389
602206
165784
356007
553409
368941
737975
934286
686340
485181
619112
752336
853277
448351
774232
978121
39676
729000
943825
362490
80486
56546
435064
851099
437342
9408
32116
27340
155556
591941
582327
928896
179266
958019
714471
649782
812124
235289
799582
995854
323391
769088
821652
207259
303188
825128
217111
594044
766139
29535
410608
752208
302430
177704
885829
42889
300431
822315
782752
794447
45026
780055
948196
20592
532816
780064
376945
2433
700737
229863
618147
233347
390722
644259
624088
574299
82705
818168
629136
888719
64552
19951
956186
117844
951152
624018
329821
747632
106148
737998
188693
106641
646579
178273
668456
122432
247290
983933
64859
548338
713012
328861
142945
489685
969733
445261
394932
36137
565376
935964
731246
190086
903665
858052
809600
991148
49684
388225
526887
555050
453630
41425
553799
702439
702892
435593
966366
86743
963190
326501
103516
812435
46264
39392
598367
415770
552911
129769
873639
818992
390276
726592
442406
165006
62076
973341
83294
485189
480990
810802
749574
377516
257702
970222
961639
931309
529477
464947
385409
984991
951112
297759
179182
246906
807538
38607
294984
256138
87432
419395
585752
52921
605918
152672
143697
399758
831361
881866
17257
519876
775050
746271
114473
615013
890262
294347
472695
520675
173339
779753
736989
310564
84307
457802
115932
762630
417473
591642
927473
297054
306660
767390
1015
981282
409489
419845
19922
263699
542944
892457
644886
388218
856266
622950
861647
638664
395902
915947
47621
33365
395284
662482
704556
83612
641405
364827
658899
566668
104994
216494
355234
234758
729309
1291
275553
391891
992446
208771
328234
596823
115346
806730
599599
679532
660916
145702
489990
522163
835005
428846
571286
344851
737243
114006
591586
702034
159423
966095
891810
767165
730151
557869
304966
163873
118114
764258
169867
835321
989463
102838
206341
118637
300440
477864
973909
261457
585262
139149
978429
87297
224812
93324
612902
288351
21936
920598
814502
664400
187846
764282
924291
40476
753389
682536
817840
698475
560456
836589
278957
571802
771542
970750
1279
531673
818444
656810
737688
160539
829593
994251
179443
393861
362061
937878
736508
342262
591970
797639
800875
144973
562639
459865
898594
85732
284938
47203
601722
789880
948831
701227
646818
749007
218777
662161
235772
820295
985824
741211
965162
553767
227237
416715
64020
486837
899433
67204
69998
253567
687191
530556
70567
802365
365523
546016
361877
139105
300207
667796
181971
272852
799795
189969
770468
920899
560429
859981
460205
431804
877062
742831
354596
494122
373342
618677
161570
96516
628195
658659
19906
450442
753983
572174
749704
821432
574381
177690
38802
797895
116307
893325
825407
294088
537569
467237
37151
653678
18701
508095
250928
944647
963765
505899
230683
733318
463959
614865
358224
151247
706101
228681
408707
405080
326734
684338
698825
835263
344049
164551
712950
905620
977392
935457
509446
943432
137139
539849
340454
35159
171614
922231
497869
479585
971922
717490
397017
953002
963858
261600
186197
263781
637399
515649
491135
183937
412009
419119
47823
225821
639276
404470
725284
820065
667467
376703
723210
306737
245501
562028
652619
488841
153004
210753
303942
113774
545394
248462
651869
771562
319321
148067
468572
250631
376740
763989
484613
587790
73935
30189
95476
483886
217699
233136
973230
947129
216091
21698
487917
265464
793138
317123
250624
916115
553412
769192
297797
709915
606103
756064
429869
303917
304314
745653
439064
693552
699121
188573
308129
213444
612413
402041
168506
587889
626394
841269
132635
420390
988814
145753
464332
603848
583085
618399
818867
549032
412753
659720
971084
158430
102926
370675
953063
969317
288519
277989
488972
80014
979805
944126
784817
456708
799664
369786
787849
445660
899615
283624
333026
72282
102903
162696
273845
127392
418243
832848
627718
149059
1664
796288
897889
764878
327318
309847
873360
526307
69224
200795
387809
877829
899623
36433
605673
646500
33648
878062
292070
390139
521629
411256
937545
948136
812614
94015
628612
212226
846848
727345
420908
98002
289462
868392
248650
357106
753018
547098
981987
170336
698928
423241
886786
662498
256630
60575
941298
95605
404785
901296
715909
189740
955337
727037
451450
87949
194960
314903
785961
960305
183284
918055
713942
529390
58428
913779
742284
85167
582964
435390
313041
712746
480046
920052
995420
416655
385950
98089
292277
568245
235877
43574
700764
886239
103581
728528
513095
324398
18376
452007
460048
180895
756163
150349
639846
380797
481363
223100
922343
364560
321230
427211
22912
374002
776870
711567
941612
260531
124095
726487
686193
968888
462155
509824
227811
766554
397419
202791
975725
273027
167775
472868
721566
81839
16753
218721
584391
947070
86614
969385
949416
846733
761481
161887
947154
962886
424106
309667
987061
441819
194341
996323
418495
440298
81211
6793
849558
986973
138511
206904
448225
612970
725775
853941
63693
307728
267417
568083
349014
93791
22925
401120
912095
603700
441706
389116
11079
500492
891986
952232
986069
40026
360260
567708
729910
827293
398093
668859
308719
648271
605532
73381
833937
410280
821811
654229
408999
502514
56998
365225
917880
164214
988301
96490
389082
660364
326460
182644
367816
551454
728674
110952
247277
475419
325722
782145
185718
250256
828761
640854
518971
763164
468251
789719
929240
679263
350107
970011
962866
627013
10739
667224
635344
187496
330267
984295
779795
661076
54806
19826
631924
21337
812443
398195
791462
431124
795808
550632
66373
817097
320469
80664
697982
284960
819741
907148
857470
495589
302939
767674
37010
416019
831883
272208
968823
467626
462348
817140
581367
121793
903876
166493
670473
703189
626722
709849
378659
165540
95956
436877
569856
271615
369571
958671
552802
331292
126279
334087
199516
121908
889443
394352
515195
83796
566414
421991
283139
401132
436548
304587
797638
672498
296275
425164
356744
28508
388553
757035
218915
662619
874497
827247
752374
679759
342185
808275
476711
650260
636723
141303
357473
412678
792145
155410
869902
62340
549864
19081
502902
301942
553211
117313
93996
581355
957457
289259
101080
65816
336198
169558
18324
23523
374103
102353
375898
451689
612144
55547
434680
918384
769845
989068
494263
815234
529605
757318
355961
828675
859706
733263
793048
997578
965201
266484
776450
849989
665017
665770
972302
46176
942604
318337
409509
551995
265974
754207
655092
342925
588970
73381
232429
363526
437870
143988
618292
169390
150723
279123
755832
308746
786770
494552
449720
708919
955780
723501
785331
193514
412146
524473
357843
13904
116789
745310
920886
785832
544917
424100
917612
693040
586537
33898
965548
169603
888524
596733
580139
376671
602039
840131
996992
542700
67257
374037
350379
851165
948716
547845
102957
119385
493689
725271
121789
293660
888139
115677
523029
173403
418640
752016
493670
263628
303269
563964
83272
579603
579418
797710
476910
314838
530008
281964
866708
877634
228956
330267
909214
292940
544299
906270
957409
262009
790155
686393
445052
526545
152770
206503
944352
764908
177234
856416
471712
851328
147585
271648
510773
600517
202992
273020
925863
85379
165055
84622
209925
117438
906097
68428
535871
619113
671968
853637
535437
935033
483845
978718
737459
462526
233214
562323
474418
747655
743301
904444
676718
214459
313911
991769
899455
181006
410282
135050
431518
927716
533610
476725
517407
312305
361019
722470
863611
785316
370953
838408
608144
761281
750201
763687
616666
366390
39014
15921
242542
745343
777657
89020
833483
83439
624908
337540
450862
926840
104806
873132
173825
726809
235355
782142
418746
765530
478615
731715
968147
129010
789102
288261
274509
966547
835656
813070
771575
870196
758531
489956
52357
415804
711641
708883
490820
293217
680396
299429
49198
36244
847485
617047
909457
340461
948693
409880
995830
675894
401673
961978
930965
518391
615004
748792
648777
490469
88558
130002
799997
777497
777356
27623
362002
178884
252215
401275
670031
387899
498655
413867
239277
53560
69593
308885
762372
423218
545726
71786
245052
114172
948566
131507
553264
626122
51483
415632
444586
638237
697351
331884
709498
658330
433662
917889
300098
390601
575055
154465
713405
833897
522483
185085
256284
453782
537546
86027
764709
957140
372982
591005
879893
239123
431767
66893
335552
241829
203840
548464
106236
806530
940040
605816
302824
605851
172111
743578
399104
504835
385163
41795
71089
318543
493767
917069
668440
39144
227365
823744
125500
87294
57068
62539
364577
77446
31467
88621
943910
341870
665204
568024
953739
142076
182186
472138
308765
141824
202420
347240
45857
848493
324292
249489
439856
368582
325533
646153
702573
451154
475169
409169
628946
258863
785626
930288
914243
790140
23480
737505
414815
619192
912137
951089
546589
908362
886385
450183
175623
138899
994594
198961
948484
460392
608811
159225
546155
879952
308011
624051
802428
47563
537347
915170
326396
418114
181437
880539
644701
391377
872068
554615
769625
696595
815307
641028
52194
418235
442152
321758
645946
395663
251122
432593
125095
478231
275446
444104
295127
583467
826582
835129
418450
183840
237211
236012
544428
414372
689040
22371
752933
443301
597253
804736
572424
920683
556113
378694
535433
839314
286242
59259
959391
316457
406971
592631
953950
444507
659962
40942
717129
383515
102469
756149
248337
740026
661156
958403
847487
579652
303643
777363
8195
539954
399060
665127
511357
637893
180901
515948
388428
528979
899064
580539
697173
178174
929316
949084
150968
4319
962418
56528
36889
574317
145034
394263
232124
245581
767322
475444
176657
944286
520666
509153
951221
64682
263608
812607
523632
756221
80360
322243
22434
112860
211139
25317
331098
52150
611079
674968
293916
297689
368747
185284
36443
33416
117386
350100
15402
59381
694781
840592
535243
807342
172319
684609
223695
377461
449159
557364
783515
532875
133359
613199
200268
276737
268587
321903
249448
312062
634043
519711
304022
504615
986262
573312
751753
76449
65843
705083
749455
542242
951869
472221
131307
766395
891091
387894
264274
4704
567464
630797
51648
258084
695304
633222
421195
384785
856895
701388
854867
501957
274577
162845
64727
189051
260745
494405
366850
734124
984116
342385
651534
494381
153451
425867
565056
926771
41417
827777
544926
538263
216520
77289
200427
40260
55165
741558
792513
158281
856194
734563
996460
231340
954060
406491
299520
889230
886925
129216
315791
921430
546590
589099
7679
234474
687046
380006
748903
351556
188511
617632
573735
91154
339636
896268
860974
85991
985275
723579
142666
208714
990580
374090
83517
707761
131117
386186
327574
898095
641648
358336
446724
352292
80504
661320
104074
749875
775440
735321
652749
668426
175518
831566
394556
505427
994499
554741
500935
275321
934735
836534
139531
970307
204001
83982
197727
445823
508739
332270
78741
367291
266973
874946
182335
578732
171269
125754
819956
204589
670329
288897
730566
396075
496458
166171
323648
702979
116681
231757
567662
152346
986562
123464
354172
200102
665758
293442
967471
398818
336739
131485
10950
182652
387894
559823
450448
668652
162308
694342
262737
490574
766435
977317
540130
174126
800124
58418
405573
425738
599591
598889
738400
637885
97493
171264
998353
681233
640421
283957
263745
243647
59583
359976
763878
877143
84995
37424
595002
966714
472818
821806
245836
875921
826092
811564
317651
185529
941563
912743
746685
146028
671246
395396
100926
551523
532269
827254
202593
28827
292843
263226
118480
331007
532805
395294
287057
479296
94222
192604
119934
846225
324682
778705
313917
213830
178744
835735
617981
358805
752400
688912
128789
918721
438142
553103
379992
778765
418244
794008
235212
242621
937374
251523
754026
354482
790934
158377
357617
19082
369233
322135
978190
156230
878582
891810
306697
390157
292017
302649
249515
748793
277788
609412
34611
95439
122026
930427
142492
450422
241212
303951
656393
544917
260088
534493
857772
501350
827667
764545
566513
967594
500584
857585
73395
278804
480139
71845
63398
20344
551471
184487
677939
98886
529012
522898
280477
347403
71031
845214
564721
508662
39503
857463
766238
149337
468502
326929
756357
843425
848126
560643
58897
148601
645027
639752
808176
64061
992064
627127
369470
948121
314177
641435
251938
910853
439394
341284
171197
945364
540889
804414
710498
856919
99248
322244
508261
413792
814565
863438
602733
885391
939043
581704
566747
451634
626349
485747
527633
134675
461293
737021
99409
205128
912093
706705
691930
892393
15185
376981
917252
456030
968621
988475
538712
639027
169758
146243
426921
459006
207029
512050
562851
585218
708421
23456
921097
376825
797934
204437
509880
399680
459900
936324
616979
471122
248144
915758
646204
52436
573256
979637
86708
305038
901734
885515
472999
6991
898978
41988
607136
525380
611514
419087
479754
618120
770477
604206
100152
226005
169029
582689
809651
900226
843756
939363
649509
85556
715375
287246
336025
740566
96043
176792
784013
462706
675378
819498
429673
630918
74895
654548
51858
870086
686178
25014
614257
717680
600396
394140
759768
797531
236341
796653
774570
750716
534606
80906
579088
158274
530045
657745
614447
602279
285223
370288
749720
321121
895861
844295
182514
57801
946602
213115
38796
103421
801024
349813
303297
780208
988506
72878
880110
211815
182596
291447
133704
778297
760516
970999
583454
362262
771080
1045
157880
556859
389254
497203
129182
699976
975937
61668
19514
493614
461406
129793
582828
254197
338697
304754
28986
216447
900586
183555
431186
414800
633912
747465
711505
448840
773841
344261
459978
636223
754408
412351
794419
970517
495006
207910
612924
310556
778061
681587
636110
418157
340126
699308
923585
229755
9427
445749
413564
780635
219433
70533
183642
936122
634013
982958
527508
940309
297123
29571
532588
137122
605482
169496
292664
749564
438111
274125
924140
986212
87765
146408
882866
662206
404811
377193
452611
278003
801978
804155
542786
385790
805171
669911
985085
665058
787032
330181
291174
420776
669287
598751
491417
378020
639383
594938
740240
401752
18009
195308
202364
929059
233991
732127
519418
885236
489642
736146
118835
465371
867440
865120
69284
573679
692482
283747
649964
413224
59140
940035
443352
720221
761310
470945
427703
770242
513363
756629
270453
777692
257616
354069
926389
866517
31995
165083
895145
276144
857956
532098
919355
425958
988803
154096
96366
823150
863771
57267
795154
157403
968047
710445
27315
125021
763481
937181
868266
349942
753484
695022
218756
408631
614304
496276
124530
655588
836091
419950
39172
546448
419019
432584
528998
997007
532953
137258
623969
690120
737190
68266
645726
683582
510367
365012
290232
44030
230608
905985
845306
153706
296198
196583
876021
13779
502136
238135
288561
619003
783364
863299
157354
419861
530249
435267
730366
927383
854908
553257
583132
178167
568714
505572
994769
667622
118356
743401
913785
7004
301366
919666
408587
987721
645107
414314
510933
689416
370295
182939
936217
762706
497343
815432
896923
300561
892425
959431
237738
746704
284891
280668
739038
386073
727637
334447
559185
858782
807350
314159
996106
570475
855547
91639
618014
578693
769068
464928
829872
61703
448036
528627
818056
681366
777600
126550
116252
537361
835985
638282
719492
513239
114280
136844
214812
974853
53353
917900
490711
372690
605844
613643
53220
289447
342467
210752
967688
75558
930595
612664
433368
564310
206817
264370
371101
253324
161250
715118
509459
234010
840656
154396
990368
835053
253651
635345
36164
353478
933408
713826
822985
515986
132729
846107
465283
345471
552094
591000
716446
640754
998109
482692
664628
16785
455890
399532
741396
258499
429755
870515
671854
281749
207806
325054
454493
984752
820586
260293
471230
749654
843136
432246
338354
222802
737781
354022
309222
387027
796635
187687
943005
552464
33363
428140
672645
857603
537011
998353
941831
662427
162170
838907
374253
690950
66078
321045
639303
725478
281432
312216
235700
134574
694763
221151
190856
464288
898500
647049
899693
859602
158122
130517
833430
838930
40648
942774
446757
138800
833860
934690
880270
172618
959939
800603
346642
646692
874125
979083
103821
723839
844656
880149
182312
702623
985215
170452
819915
551123
741725
865628
427836
545827
714012
921969
542228
615779
148942
210414
219524
506181
872662
922996
379399
280088
362042
139122
529203
264134
86721
284124
420842
616405
549885
747440
605053
410907
138046
149581
975162
864636
219223
956801
876174
45306
506580
423770
983421
801546
870165
497318
480339
678413
273109
10667
539125
655894
950862
276044
503020
359516
317238
698754
104957
732847
343787
53504
213740
789697
96686
787836
77008
750765
394628
150844
786119
215940
735349
696497
907928
650093
366326
279841
832146
160319
266514
20321
297740
983333
817529
558050
822549
467037
781246
767437
35913
603326
271982
674334
91801
579872
869891
243232
345390
179797
581104
795867
628623
898076
503195
294163
537252
69862
972332
146693
933855
692201
444834
909845
299618
843702
228227
290137
746910
487302
309561
652283
438019
306195
197898
135012
670519
724584
846197
850380
854751
854118
573467
714497
659406
231934
819409
569469
974843
525137
660420
187919
945282
282149
364660
843485
730225
955800
476478
87651
51831
904005
77454
885618
36103
909769
562311
761044
425517
112672
798612
54147
75593
924442
501643
420760
346363
863513
464036
434119
675510
68572
778058
213300
243325
49881
379007
437435
427956
50824
685897
933555
744467
61986
412449
117513
895798
459019
781797
454310
821830
44478
721219
645169
38500
83280
228020
627862
354644
408179
280958
248603
722346
755446
464340
243487
880568
864460
319762
584863
981683
958002
778210
263963
236576
733376
148029
980428
782348
549040
22056
424953
144092
273894
559418
501719
664119
24387
336217
422020
28916
31767
939808
718567
415594
592986
450501
820765
66426
188445
427464
951042
508706
934020
425488
566993
842787
780716
527851
897155
779156
336013
248289
635762
375160
461263
386705
100479
244180
740685
475832
257220
348416
199415
328621
152259
342679
375162
259491
991332
94885
554308
8690
934090
953392
922219
625384
745696
293170
129249
536951
399900
842557
217236
464054
653726
571697
22868
290965
546495
323053
191959
125565
880508
267400
603603
297250
80566
905589
482550
543804
921792
71259
188565
410132
545030
719659
47716
938053
212265
699415
447988
39212
557376
878564
936545
301278
829167
300937
602484
259881
353614
651161
48596
817268
88664
923014
537094
512397
518838
233459
146103
936087
257192
205236
267918
676751
769787
436672
237453
988232
908134
317942
802004
622178
893115
799072
312956
961966
341197
833755
787212
414059
60424
434295
559828
547236
184908
265235
330048
88615
270455
168905
381067
686257
470392
954721
942855
299599
350683
814230
507690
828035
811130
345260
647443
32743
117053
848526
681904
756788
240642
368462
301676
218640
249846
313767
574788
834118
188144
854791
714248
224010
352583
518485
435285
917115
684655
419891
795515
351962
245672
397837
66279
870762
836760
798556
125
770354
424192
152045
37071
164128
374567
563216
992388
830256
387478
132758
873838
235806
173859
207384
910120
566727
329420
375404
209958
58986
296493
159750
803501
251704
697805
937785
643625
913727
831539
931617
570478
752496
643200
728446
315488
566252
591696
793682
908021
469079
468878
698153
889335
929028
647313
943589
246273
183922
730236
612921
383840
814246
335830
467871
549728
594963
414600
502044
639515
29151
528361
328714
274737
888357
180349
98634
44471
562856
187573
125796
777858
531690
944093
864655
830107
23564
856395
755477
383338
571166
157770
807076
61552
403646
573882
673562
585769
21002
514831
626531
115585
408046
919636
909563
840084
334050
596187
251617
869814
606066
506488
168475
828391
415154
960152
780499
706023
414882
698915
301974
357892
412837
937203
62829
927612
845698
141821
173564
595288
477080
497708
287269
488727
412304
489487
822682
445039
156376
234518
636745
599287
574969
363043
376790
714030
321592
850310
375768
525708
511179
716599
754689
422615
700914
933500
496917
818711
638294
379199
476183
433475
187412
211845
349709
937820
574400
50816
23374
301965
609557
749743
348676
42061
244536
477297
378404
172248
743086
852462
922618
808442
786682
565169
689621
255536
64224
361887
683142
950746
912678
867850
297381
114412
845039
527520
509266
766410
902942
651294
109135
784137
964436
587540
421547
523833
769654
731279
245795
10788
344820
960323
258823
192976
892745
259791
590369
499613
407945
623505
575863
694778
409542
61853
137787
107432
994822
180980
525228
729725
392616
859218
870194
168521
116038
644431
799820
965477
177884
308473
257319
585027
958485
914723
901146
386628
976551
763585
644642
72986
427653
889749
169088
455245
214373
309248
437440
873993
429313
905663
264814
911015
285905
502017
347936
76850
838196
160122
497466
429983
335234
609441
74544
590070
541698
580909
280547
649325
553147
806515
609730
496322
731185
583506
80047
13950
728772
491403
770277
99574
129943
774850
789135
118323
109222
233248
525361
157300
411176
224561
923146
213573
316234
195465
528593
112949
241561
197883
807029
859594
801204
376458
661314
39164
375001
572903
629679
417629
439945
608754
548193
196491
5855
166535
987703
105733
989893
433035
216333
414043
876470
731792
856018
427198
973848
317323
762787
616078
241438
835260
371193
807666
120268
921776
368482
119021
550819
492760
215035
28331
857975
611691
188920
423637
408245
387595
336130
44800
629288
518958
158560
64611
697143
210528
882782
963871
953888
444700
356270
410241
133131
268798
178316
433937
655949
343567
822187
232711
352166
758846
633287
665466
828125
88703
395334
653137
285861
480993
778183
553747
183590
401549
417859
40588
57386
766773
861936
245204
249444
866913
527452
379502
757981
584648
624317
330103
215853
208890
40395
701445
274694
626951
651227
371258
39264
331401
205090
103171
938093
585157
671092
399930
269139
51420
441756
773863
724965
375111
566535
786924
637550
357187
671869
430837
422778
850947
98233
122471
350993
314091
490603
922173
710010
308146
350059
592606
619672
642016
147064
926207
55270
974974
635680
17416
565903
145340
983373
298149
938236
880705
813035
383153
777752
168478
640610
440032
341042
412819
412165
292619
708478
778649
40419
167428
368229
510634
637697
751437
741743
368367
645168
465135
357702
322173
538801
784307
572828
154499
336552
384992
383768
774274
742449
603600
770210
591335
765486
429339
426335
943536
432887
576331
530848
996325
307918
277965
279096
561003
600092
903590
942291
93651
988756
779449
940199
298969
656161
18023
333955
852568
614993
261277
709222
637135
824227
931738
146843
923381
700140
654320
982357
832879
646558
813048
610068
250120
921130
907921
875684
632323
89031
394030
905976
651540
564087
351054
449159
734573
610394
321530
109764
706781
777321
172742
363078
793480
878115
885354
486562
724202
402068
478616
955475
671159
880985
344705
540633
209702
93720
582436
241073
630428
803435
251707
133969
254786
527778
448356
339714
732605
942710
637950
349927
707022
246207
887727
423807
301867
131398
516291
429638
151444
512399
143313
515791
513679
808608
961380
992396
526550
305239
571403
704992
472885
14616
655530
512360
531307
122629
168701
98334
105303
741870
880822
635777
585081
923260
97871
986627
684837
557711
832938
190497
518299
325026
508595
302265
700987
697279
277704
643967
775294
261145
143035
85637
340879
651439
583763
484895
752617
186993
42229
316088
788317
550571
992288
791765
866199
963973
615621
218060
964039
722114
603412
323367
443248
434804
15361
346178
156997
761291
306386
267167
356794
910186
394220
672878
441780
301758
1350
212042
31242
113691
970799
146451
530364
684297
282854
947390
567252
638854
607105
648785
475294
732858
310564
562152
769704
128701
402436
649014
969064
517408
95883
252702
920239
446996
12306
888282
653967
364901
290007
318624
733573
329119
515357
493582
366266
551392
84615
633370
406728
204014
412792
278381
460559
676137
300847
17411
980219
436721
469431
753082
500926
272540
600350
766163
652848
95867
301602
759878
645154
38251
984669
454841
652640
350193
46775
187267
818714
960617
618430
796074
400824
800802
284878
104245
130314
407797
582373
657025
808263
166579
138005
848045
125191
52168
282692
395875
252448
953386
106522
499251
634289
85456
548667
330344
244972
460327
691776
550966
258546
370091
825063
210081
875905
494259
67108
32034
996474
355960
986816
746403
224127
106931
274752
909197
732327
973092
580002
739375
205968
720233
627164
182130
938158
597293
123137
722386
967474
235557
781455
954079
555674
432420
293212
252443
325477
357663
225686
22203
852622
89760
189980
973488
891466
348390
364750
270471
564415
1554
678507
975530
420471
947493
564090
108659
412024
131662
492983
617123
425574
75311
894674
167313
600537
25922
939546
451214
776098
308246
467398
818501
670599
978635
423953
771299
780181
843747
502101
555351
712710
426363
143684
322254
730266
604715
724483
437039
477082
20153
872393
101692
982361
254639
9074
623027
723206
807259
866502
457757
14626
524345
56957
5090
668959
442266
146373
394356
872558
819362
358420
979487
217036
964820
246625
354927
775382
348678
514219
329838
192810
582097
121388
808353
67378
359697
227291
681757
80084
603115
216882
282164
351861
295417
256290
486314
199776
295397
844821
215304
750525
62018
999813
872856
879369
963480
162047
9250
379700
84127
301029
962110
648851
543209
759064
281169
411244
501128
13811
577048
252065
584813
786395
255962
470417
405088
942543
224768
474054
493116
711150
510297
261963
190250
797434
915241
624186
645516
330988
123287
261892
141365
553814
470723
488961
13024
745760
63317
947298
693850
588128
543790
559663
612712
574491
83131
815534
15094
223912
7094
39961
309285
488477
315788
571232
172881
100197
846392
455218
445789
385812
455016
738695
644563
735851
652550
333371
972618
750694
250192
855125
203263
594181
41564
583583
131861
338501
155775
560422
451586
989648
743544
249325
646428
671327
534092
928111
257161
201389
478106
31226
695087
189199
180965
839962
577641
279122
714853
69363
761204
903632
433448
178373
605571
200380
760077
540201
101608
306710
21297
354505
222679
28308
591969
474760
192305
365395
563224
715677
877580
599767
310237
363589
814216
880849
705563
674490
272758
367167
79611
820910
753158
319653
116955
327576
845057
700946
591565
834838
988766
863982
404754
690051
441740
655529
283236
28999
695179
136870
894272
548736
692550
798808
153335
259984
91381
133829
380808
588572
420837
291515
196113
533927
206680
640467
126964
508937
735630
608730
6347
881402
365675
465580
931959
893601
681821
570147
463888
290811
794671
697159
485229
317169
145855
328889
731102
170223
105468
483984
436257
601579
142965
814537
463770
779018
969381
937596
554879
300331
921750
306042
445231
983638
398899
984148
57695
620791
57283
373558
8482
579352
783801
357302
342486
841285
934214
572443
597343
251268
283820
426229
504299
585896
569098
360371
458380
160909
888511
708698
967350
973083
69229
568179
216445
634238
147785
884104
54160
269304
593130
681292
166525
726682
196227
318691
250631
592583
707177
666289
214605
525506
233560
782542
84754
863686
99941
376223
142823
896906
221029
135842
67221
15481
566594
106665
907407
242425
107658
303057
918584
149514
876558
245042
566751
867648
919634
523908
981757
962588
32553
138821
612376
659182
56946
571619
40817
323130
723769
719842
640632
403492
49753
699623
800370
918753
790884
22068
949636
671392
24253
590865
872297
123050
668678
601094
197836
459265
118951
534109
228105
49710
692671
41295
349819
472968
757829
782142
512104
70001
750958
57066
179438
848262
986098
571460
512243
427129
393293
600859
939562
24150
855184
131502
608663
270100
33910
92877
996478
388025
242210
669776
50824
727030
322468
331978
927417
395651
845939
92418
434428
885323
432757
835291
303020
997163
257418
418495
961306
762652
897977
476046
500584
624100
947667
618862
42638
987585
240252
680307
793157
877550
46881
408879
75072
347031
251388
907295
75351
791244
832537
369796
709149
250485
682037
997558
225434
750423
545040
276149
794911
260336
935001
350906
618962
8478
262566
802181
382714
394631
653842
724410
981229
3748
719261
583136
31222
470625
838999
711063
878315
208476
506146
922089
27751
113093
451507
317469
393035
962294
964349
787241
410588
210020
10562
692618
743960
568448
242880
191174
973053
361645
499213
682313
709148
225650
307409
629372
840778
452848
920448
627153
175656
42038
713153
782245
427341
646422
1336
689187
272357
797816
425204
935134
338766
127162
350228
869739
187338
901720
283805
141191
480526
370546
290996
30363
521954
336585
299470
260649
406267
70895
422993
675438
725326
128289
36035
781009
476819
398240
254472
899253
603256
956891
311739
121461
567262
416982
764563
199093
137863
425972
923101
288932
611836
314631
933471
977505
724318
502770
711291
80305
875290
726637
846359
62754
676403
816908
576359
484221
578885
941937
816624
391819
871562
638575
288493
372057
207358
166679
337829
553719
685336
358464
289200
559158
677145
305102
887962
217252
136492
210481
104761
417095
646019
395459
269467
116215
54807
482760
739186
103949
455281
419138
610011
887605
708261
23043
239941
746747
971285
785886
8936
857379
82752
498573
251591
523066
17310
109284
716280
364398
578810
766946
110747
507613
397996
625937
251005
412723
426946
557711
661305
803619
535873
525204
171023
23281
773535
99772
787743
851796
707407
646869
307657
431451
143232
183224
490403
772409
577509
287815
205471
248479
291442
973419
865029
995410
313292
929009
382596
831423
10569
647410
869374
384945
674908
824471
850241
618625
534395
729042
113845
911217
313020
388294
545139
346687
874273
641219
982655
923779
172136
458663
406945
946459
3190
365228
815878
897897
725708
800282
140735
33497
739359
712246
13725
38780
437067
595375
106880
906046
717944
850237
164619
354812
793875
267764
658123
654963
487118
114108
474241
42648
751941
866260
516380
281806
405197
602400
410169
388051
323534
292595
321715
240786
397325
970047
737225
95696
291556
102596
501063
238217
140653
278194
948684
374429
649233
235803
237009
540437
614400
149704
192951
685332
687555
854617
202252
192463
911547
565650
944274
187005
134909
801841
523126
682814
291773
749353
973164
64261
679326
519034
925117
113375
400930
877664
356492
195571
792236
707013
48339
419395
465272
523752
714634
749398
122953
671209
459245
511770
43024
18475
798877
175743
108770
213855
457920
321780
493992
735252
646772
173929
212068
7752
28657
772511
702275
893374
311125
3153
877158
942552
690507
714494
15883
562077
874147
425866
781123
760645
840349
501113
346218
4490
796092
575076
513309
809109
732914
27264
435106
601479
250003
348228
172750
494332
500125
912460
524557
733895
309778
503068
180509
470361
232378
881451
449230
502742
828022
523638
335939
478441
748584
808688
321434
34759
844190
564864
196813
698880
230805
904476
562978
968450
859363
81368
774778
272673
280604
155052
239052
295489
461241
44544
455272
452998
442664
350729
724719
17297
478300
784294
456456
542057
622217
14604
422652
111789
159385
89514
947822
504702
130288
847591
16208
603717
689498
301563
541270
846681
147079
914195
411703
688462
726595
242590
949824
223154
5176
866995
870854
584141
290100
709000
594854
527695
179714
419443
312862
253503
262377
448014
231966
454063
478397
286236
202489
434444
895761
120198
93794
112903
95672
785347
400064
374003
340819
170239
119838
310172
555488
741316
69016
393731
764686
995020
4931
44073
606703
552227
534706
648316
131876
94566
633573
739304
805608
355424
617400
569247
890453
605702
589046
409015
911945
246476
830388
740816
645349
751064
647975
808699
747436
968525
442866
436545
83137
758636
284309
112585
44338
583786
395233
188810
394657
613571
377624
457150
318807
534817
180042
460959
351333
870292
677794
226970
450489
155196
804378
278986
425029
12663
406328
231463
399569
984749
452802
670156
176877
660864
702902
290836
547984
899426
729598
947168
404051
12790
724140
367587
921516
454319
212924
556197
275905
487370
628805
288004
121762
790022
298527
608476
224217
156927
846751
975784
139692
744216
686887
117180
212783
332959
859681
709934
239417
777286
169398
527111
741332
668094
586078
703872
878876
961965
847575
238065
461501
326269
606824
987903
156599
998156
230357
607370
255135
106989
86242
996506
654193
731814
499626
444587
760910
41101
245244
295264
515811
200992
170827
534316
464384
643061
957701
121029
607729
366627
45112
531650
542582
691722
735136
25725
926520
770785
877458
615720
801768
805284
282066
32934
833724
566459
763664
489272
600243
422250
615437
9365
988063
284296
446274
199415
568766
811008
144382
297138
877929
881273
214122
352004
755902
567044
538446
953287
781348
423747
480322
752580
479154
442787
706230
661195
277448
443455
891422
142865
104536
770630
575233
430009
981396
671743
956958
473879
973613
740936
975190
202692
446632
492646
194843
397231
945411
481596
397815
618133
742741
303727
82033
126649
828711
496840
760111
165130
762263
936940
746918
178263
283629
478645
861564
449456
396857
292565
702224
355189
803469
437413
992612
984306
416374
508187
537671
772855
775817
436764
667612
930824
909615
138138
747966
947688
323316
289986
245417
261256
310561
841846
340634
12072
892643
282030
804801
299167
920711
845059
590317
776006
921954
797967
526402
675085
493058
578849
748253
662544
220045
240024
604122
654947
775746
268101
787632
400606
867874
423199
491407
416243
542466
909488
84964
419745
159795
70480
675458
832572
123140
516222
743220
199652
236886
889142
549496
928946
3303
424173
921036
500107
728627
379716
11205
492406
421127
227610
895134
122314
956776
478634
979551
132656
829922
252605
712605
542970
93382
141077
324922
307037
84844
359603
253204
905861
263638
530553
401863
516037
419603
766237
329159
946517
730288
314360
731112
407796
581836
687420
858638
146268
106927
636949
111106
843066
204000
718622
997001
463085
866993
974212
715736
106265
675842
452743
966841
505754
783567
962392
619264
589567
112547
484448
725569
619879
797463
344863
988615
637857
127991
593287
837347
858922
842875
919244
467627
477493
820499
354364
623762
872312
75695
812995
270918
880594
675536
512033
431740
122071
410435
241737
542693
514507
816716
856887
30938
246044
588016
100102
368553
129894
276735
192994
283867
331438
278455
388403
59670
503672
838593
152508
848801
800511
44110
300152
185004
958231
768068
897151
956102
609271
301817
382955
679220
872566
74321
767321
751771
159995
358346
690440
252275
618495
137362
12682
38651
907123
474445
820959
27016
434550
195369
82285
131745
644693
635086
7329
548394
383676
459795
793735
224604
495093
892089
831319
920664
827620
613624
387077
522212
732992
763567
219233
902347
97378
845445
36848
781393
586834
399369
982278
422734
217187
238330
161282
593973
910167
727403
132063
282203
856503
866562
262939
714668
692232
293597
134950
702220
619628
939445
600681
158156
756464
662585
112566
185558
679180
93032
931027
546203
133201
505593
826017
575649
28284
701500
472099
272195
138588
444218
937373
854455
3639
711987
6145
550783
150295
483024
978972
107187
531066
682035
733055
480845
934680
698592
458197
655578
409457
893405
62529
872292
751843
925510
371999
778461
803669
517864
784790
836783
834355
93208
224701
549982
20802
212466
926594
952964
256645
194030
622226
472104
21189
928628
986536
827689
777703
442899
855041
105340
440009
540526
336061
103587
461902
889715
814241
266290
752732
315831
815592
219540
334161
386033
562026
50979
172994
1200
953969
819695
399782
295828
167954
861451
285409
487804
265298
671794
883675
235248
564684
57935
407055
312454
553035
996933
335503
534342
228196
478193
400871
532150
216910
467346
500882
810065
672061
381289
472877
360817
522658
363487
718403
278374
152510
104315
969633
22450
504261
886763
198008
392564
152676
373263
862733
569230
845324
464378
368736
872420
307875
905265
722481
825770
518200
888905
416376
757604
451739
337575
694602
423752
68233
248490
413104
837575
730868
752635
268773
430641
528082
885936
531129
427584
503422
437067
264355
615335
75640
404202
505632
301094
753832
140884
253690
910882
140674
840413
155309
75036
502827
648252
212481
961442
682763
5285
744986
462139
429579
135485
359934
48506
86672
62573
733916
472410
553133
708830
22651
289042
162516
221541
976426
142587
802937
845458
271959
709373
359391
573718
350149
325855
465059
769895
458461
473983
645469
578639
610002
194260
727011
269468
431158
746244
515963
673960
816429
511649
72614
92569
835413
840387
658216
68239
250598
189614
853270
888048
772856
163221
945937
875822
953704
329244
502634
664641
770273
672489
998312
604393
218718
249608
575057
803716
264420
591908
845795
812133
480275
356995
815858
407684
849351
976385
771293
663774
976761
49746
16996
292191
262151
639536
342746
717596
954990
850720
739036
329558
193197
989368
466361
308945
18584
406394
66979
44572
18758
787707
695932
366139
608947
820631
229790
996098
397806
135481
908592
506579
954505
946376
306032
900737
847408
331280
326611
325414
468757
528923
565214
680613
345715
868746
616103
629992
390618
96219
448333
439461
849590
53028
535773
774564
628895
621974
223976
904848
431599
566929
232726
375779
360543
493283
430950
588978
570334
278985
819154
937111
758790
485662
232115
608756
605263
44142
761682
810447
151393
103792
162437
585425
752010
705445
953720
752483
789047
636575
944026
603511
93590
651112
774568
707885
266361
47862
714931
377108
667400
503314
352021
732950
657472
748442
224184
460000
180073
550168
586273
760721
844464
197778
637575
225710
417632
913518
65917
719530
87463
210204
336599
937512
78485
107003
101552
377596
941933
837397
466943
124840
345537
498505
788964
178193
159225
139040
529925
245118
155230
707933
794801
591147
210903
744664
373614
228816
225400
393179
518661
918878
799273
247134
763560
377528
353519
976533
318526
230996
484297
920279
62110
957790
622603
317794
367152
971174
955070
837141
799926
345275
158728
951956
126391
365841
208082
267364
217339
699282
181100
920165
457354
417898
112935
29825
788380
100966
836631
651138
781275
814176
582
386533
715568
18947
917297
506574
929025
680825
95494
745403
255606
619618
680586
777352
792025
227817
247373
105587
129099
601894
218146
122157
679576
440997
742628
851035
666131
739672
260968
580936
667062
829611
597453
87428
727125
426931
377337
554104
673738
421373
859999
625883
364558
641153
142275
409409
936543
532809
380278
223640
15752
538405
44949
729097
465953
218005
573846
730893
757041
210061
806330
595701
182037
110977
71597
345004
28486
917387
911011
404645
722048
539103
714235
518405
889848
14450
279411
822824
84201
519848
195772
583779
49983
852719
867015
830152
116067
177907
78314
697705
632251
456072
636502
179963
28714
527950
927936
480820
908120
12025
524383
134659
729976
923160
439960
603876
503824
648490
279423
721420
910092
706539
714639
270652
911604
611094
792247
494576
241466
759883
830299
771615
607481
512719
823877
831948
261342
199087
65201
576000
953901
639767
434450
243631
159828
843626
783922
792450
549098
788190
691172
967200
202047
721400
819052
97003
16836
982840
455100
229247
774495
487531
509622
544411
868897
341924
386696
382151
419966
993073
541223
189837
168535
583890
793373
60022
423459
745611
338177
932111
594625
475321
763278
419251
120340
819490
371608
843584
433153
668977
966592
671712
584399
9188
842916
334704
543464
373418
810115
842773
56729
905329
469650
753500
501938
534577
342119
959655
423676
244774
161875
645749
675798
971852
343231
827474
270106
259759
338777
146498
597381
578083
764617
610449
792906
126907
476900
523742
383600
712978
980342
167083
423691
692004
603850
133876
458397
766474
870638
724578
668332
475167
72790
798925
874876
581165
226692
476008
945878
789112
584112
43931
896298
388055
768869
405395
126783
710887
566601
286491
265284
897556
613614
965864
1101
795584
780848
358691
411618
348954
2719
93781
19561
473993
342741
706072
715182
714123
272490
469246
871590
403683
592096
355576
708978
939618
122169
44462
730414
55049
775631
339503
980858
649161
519960
233680
477941
863622
677879
517254
721040
587395
693940
740143
799224
89275
366262
817342
537741
963220
45702
677182
964520
742818
414274
681292
932137
796756
439436
394563
822945
84190
226474
417480
891676
558091
995156
420224
526774
746889
364589
786121
45293
621681
662313
660423
335552
155112
388776
408852
474276
932869
21173
941442
422268
768295
24719
909748
688423
284197
370121
938812
696444
869946
671970
627346
814339
611426
393368
690389
753777
483332
830930
600856
399231
264865
514010
829860
68618
701890
348622
241639
707030
565759
965715
214541
811720
409878
410922
598523
269386
353840
59151
403063
400262
571767
763427
241882
991659
831328
401702
597217
567927
298228
250760
974920
796581
545804
730364
733629
483478
11506
982890
798857
594470
645777
601505
937448
151919
331814
923865
456199
720257
196027
535417
413336
150626
905097
86262
923950
135878
671502
675750
441943
389982
635065
213829
760504
665442
50221
514383
391918
372113
149150
909104
698473
504650
616120
805082
292398
553083
791447
579829
289634
572033
293273
526804
584918
350187
291441
415885
443229
14901
463060
735388
951758
138008
719050
269107
587321
661911
856084
89581
584579
66698
177321
715933
379906
958092
94753
183199
80090
227491
206653
252662
985941
166095
824334
721989
925901
98375
98399
703137
812345
916267
874190
290888
146616
824629
823484
195055
857422
849678
435400
53960
626507
68529
419467
278222
517248
655497
586357
456082
716259
886791
710669
173
655538
191866
354420
203690
974431
803153
799920
530588
804654
843170
490836
972878
847092
920318
951418
284294
633271
312425
645463
283414
747991
879089
3893
848640
647676
623621
793667
726301
445344
268203
289130
434391
306399
140729
697573
539692
878335
427031
950450
152297
544875
363370
922526
419542
439527
614374
702939
218054
3953
985057
799204
992741
793733
146791
648879
279408
878524
833374
162505
347928
406227
912229
339375
4513
635983
83897
549658
173534
757593
784005
65831
532437
206380
208433
281751
800609
75252
793535
944338
28190
754938
717939
65258
656890
447345
3507
155746
794248
174987
486244
572656
703239
613874
994518
269806
529391
626196
342878
158357
918068
180683
265092
584630
986598
809948
269786
707770
91528
582382
704804
282280
90202
791512
390897
484049
646360
600875
32233
60951
915553
890084
851090
252739
718568
322507
263689
168673
114461
876684
862097
880504
298344
29424
859386
466727
863112
151021
728006
768952
777976
693820
912000
516313
952484
815470
988973
199782
386460
562349
276947
615025
102289
546743
580994
875685
502597
23720
543969
355825
806758
60613
506155
851258
565436
495373
121725
745344
128688
984202
513456
221194
329142
940777
288765
219145
51122
861888
566744
616736
54277
831816
992094
440802
984360
48367
981962
840989
639524
886410
661925
786608
83597
624769
637592
345025
414635
962395
968830
358241
153452
75353
141318
991910
209581
848266
223066
161279
929095
889714
520554
152745
344252
729692
633148
401292
206910
791879
60032
767029
547112
209790
486707
538773
724465
172271
231783
146515
194180
475737
319213
409592
822046
661644
437090
666139
44174
375629
395837
707586
722599
684870
534052
600469
592243
971189
90068
258012
662278
232860
786313
449038
509494
937540
734993
965499
525489
538001
109980
126750
26647
648001
114348
634172
302059
107257
497015
378821
13585
377167
103699
667321
403541
998661
543066
894658
169014
883570
230929
916213
772744
415887
562390
850698
560649
508114
922303
884221
924338
809419
243260
6160
582259
733029
555364
274382
16782
439297
771266
333496
271102
702738
319561
427636
186643
579512
836808
796171
436895
430532
530202
585593
73177
81171
449968
620758
854682
313236
462365
41145
686316
496068
106530
219935
139599
538478
538437
860437
250719
418463
923587
541601
34386
164719
572190
597775
827484
527709
70391
587463
681514
726204
710053
820591
974728
756026
736875
854289
204114
420511
823467
476637
380592
276952
404488
567206
103035
689170
883703
262744
378110
276659
24480
98353
74822
392517
947525
690489
660702
257954
220645
705488
818675
446906
465021
420169
259280
465198
529090
719647
214686
786385
138890
725520
601291
587811
723928
690495
510763
696544
132168
780609
484560
7418
364003
55502
97972
657023
106812
163862
904444
604594
183343
966609
339755
715980
166464
447665
169277
465594
87429
618225
117311
76732
802432
201398
353271
912447
951353
409453
423435
881549
980493
916040
566308
680302
979749
249840
55947
48250
153037
93640
124289
1861
680121
591601
644609
571689
566681
846500
335636
226962
243355
946517
756296
713440
385334
72601
903235
16264
398761
372965
972543
835867
468601
49661
792753
94961
262833
295406
274160
182796
619586
944077
391393
432531
126885
496471
519677
187737
343728
393654
853643
949697
387564
117010
318596
967953
628674
447701
821442
699525
83000
469559
656566
738091
794541
586052
869356
39746
761120
193123
717153
465100
95359
318072
418846
323624
863952
471823
120580
30952
435227
575703
590532
338246
432220
73689
888594
862929
414237
398849
261676
688773
88807
680938
55541
539015
902651
602285
348890
449284
118606
340118
216625
252437
634930
380316
132237
371774
1459
98199
491229
733591
907902
383899
962146
952100
995383
700541
387080
337558
359170
608139
876259
26308
292480
916712
894050
386479
498077
44970
974951
762803
212103
709774
153654
835132
189043
367841
976416
760787
533754
292691
302990
884180
220323
800752
311969
228834
742721
742531
185557
934431
269214
118418
192719
179825
21125
827627
315643
583214
765603
300864
574322
719941
173095
372331
46134
549584
156616
352540
714552
938979
151607
428750
890348
203976
334909
584553
682695
53595
534704
620179
732452
442323
784956
890167
751219
986159
667640
244798
719067
793543
953747
299630
582441
984782
635928
437768
352922
896606
747692
747835
479164
917669
72289
331499
335324
199964
931845
585396
216104
731695
195038
833271
991665
137729
449326
856478
181007
309713
970848
389866
843141
514971
40154
166746
798073
363254
609189
255192
923789
243576
267570
203603
176461
189872
630982
3601
850228
183689
583003
643870
470271
114514
915241
717649
392973
18458
645146
928337
348139
191384
548235
130488
417625
844135
439797
961066
227117
537639
263427
957521
16484
711150
25033
260997
379707
178769
592918
573767
193934
501524
111753
302777
818819
698149
458703
177029
913338
295696
73166
934156
969455
89505
766154
331737
845260
914192
994502
608666
675510
261435
292620
166329
521091
673881
383488
235421
479160
451570
35407
380574
50308
36673
580529
380181
95436
604953
457750
265790
96646
189256
320066
417544
740113
234507
456805
111119
513031
533924
974326
905581
232983
70683
57179
778330
954765
661122
146029
157203
75226
976386
425053
779650
515847
436157
542028
272300
593493
448507
898996
818093
990381
555324
653108
899462
159821
290859
546623
953568
115606
364411
792232
256955
376286
131231
113355
19212
67044
39451
31134
446531
254473
541201
99926
974592
191991
146359
587066
940252
648706
521274
281656
587324
614458
978802
242159
219971
318181
468438
870698
141172
445820
339883
823858
286737
954841
935196
917658
411857
569136
401274
74000
971481
254424
410184
318052
745825
361816
823305
578300
247861
453623
854726
952932
896763
202498
638048
168846
162346
184950
361145
277341
661953
878158
213208
165904
310639
923311
219665
157533
358594
307037
324771
639184
552767
576091
10168
418729
508187
600668
203840
333222
431575
779072
462628
402973
621629
983121
744646
759412
274653
621144
682892
188004
813189
215535
281320
768336
74890
592458
945930
248362
469421
967737
902668
116256
437562
151524
941427
799213
509965
890702
654036
590602
502945
990814
712476
912479
632329
405477
755073
287688
909954
121222
552743
434472
381883
65743
438288
673229
266177
672806
104319
740891
392530
19996
160405
658898
297358
289981
940526
733157
128487
589079
572480
603527
87951
147691
913528
576384
355267
421389
889466
831093
617601
127182
746591
52392
620226
358446
975711
711177
377598
945554
803390
126200
819268
815349
882440
165785
582674
860463
821302
662488
896389
345554
159742
417399
44891
391357
26014
309321
297469
925440
461857
690644
366109
933822
696104
936666
606572
598261
344408
795702
255614
61096
320047
965130
819531
980195
881953
61883
206710
517947
891136
980365
564344
834406
62299
56370
847753
3973
141543
741522
283485
221336
803874
270594
830857
531187
59767
228444
167329
86226
16563
656278
997082
504380
931086
674847
957171
628743
202263
54013
967890
877552
769298
226863
327500
415714
168453
538684
421710
516241
614717
167738
933352
236327
688459
306598
563354
497922
965091
994049
650273
523916
359031
582937
197397
16637
462139
19441
884361
709990
88933
586619
212858
493242
317794
281234
668591
255265
62196
170132
117898
276896
778754
248972
966809
928598
611319
472338
917214
500542
62630
993826
940030
746904
760737
261305
948492
679394
919384
94483
953638
128022
448452
828878
76582
505436
654944
769028
407682
262986
702119
664978
23933
917184
530701
941253
639666
567750
684330
765751
213896
352248
35387
13800
666218
682132
781064
847205
1284
887343
345542
795194
123647
199941
273055
328463
380166
154793
536263
654566
871881
738351
885821
752686
275660
833803
299542
261233
129221
875873
390679
694933
282551
230104
984151
923947
626388
345904
514666
938928
605569
909666
470573
749306
581044
711429
198292
934321
700624
219317
935829
461250
834039
346867
249821
917868
502874
848792
429300
337802
606078
654622
457803
529994
28269
932559
781551
458287
696092
70442
46486
988447
597513
226180
595390
258163
833525
852491
715377
135449
15482
859524
103109
543111
638913
168013
713015
800523
130594
980385
839043
877799
826848
410484
410932
805629
56272
644920
801443
347642
60600
325920
817661
627291
469270
640964
597096
487840
673277
532793
936936
901510
978748
997060
967086
15918
913479
217813
262472
98016
18812
552859
332481
430412
999276
14212
149315
935630
134693
558244
111701
339255
577264
557521
36075
882763
779511
286204
730817
660733
212055
109799
844140
126080
231000
918531
79269
517171
39831
846609
432108
544932
579925
577007
328584
400729
511660
93417
31186
714946
772267
971851
745738
337453
982827
152564
9215
440952
411504
505585
76309
244677
909538
12439
778160
160809
621376
549931
198143
975788
176866
473518
569526
70863
98959
620795
723688
121084
114484
297970
312586
317466
685402
778210
609979
391252
197360
873932
168192
450479
754435
206294
675539
815006
738897
550716
252509
118628
539805
549036
611470
441724
129182
408021
284142
379407
999914
182578
786624
190979
818537
944494
872726
913446
103030
142176
116018
268536
205393
951407
401905
486585
842187
670118
410039
321210
60384
337504
281528
396253
695328
618706
384796
122902
326077
514173
233418
134557
843670
219070
331849
555076
960383
543412
759228
237051
693231
717437
39739
231630
246194
225784
120519
200280
775459
583617
282050
29607
644084
62281
451000
67808
137929
751398
286945
734493
37050
349976
872725
679265
458149
501669
458027
399159
814340
605711
509456
121109
120809
36507
478722
689493
654162
46192
215356
7248
143680
1072
437596
355631
253831
539993
567118
259102
453988
172392
474369
85765
512607
617977
467581
555893
124616
138315
506303
301669
311889
436841
981472
930731
296362
633743
133853
569477
716257
269387
405740
127696
129097
638130
602846
724869
872258
526460
291281
803086
148820
791580
765702
968386
404449
294675
802024
725317
873414
703742
270721
632595
491947
994133
881565
685953
877092
532976
628174
852153
650864
971112
21055
822589
912057
810255
139351
908964
805253
705318
343370
968880
117898
754134
877318
221925
821331
418914
235011
532062
447381
481805
76427
784153
452470
376276
849364
992976
785398
846431
791914
681780
241189
266267
705757
16429
745846
580469
727099
957414
999435
24453
920903
310184
514607
986972
247985
87642
520454
601066
543446
454978
665320
282635
566215
304035
161601
627445
717232
750772
60085
656904
276375
940617
269773
165549
35385
680771
679534
262376
93188
809675
827226
536400
431534
475223
618415
885758
179756
521429
394285
335779
55528
678044
724248
207597
783161
526962
960314
800717
267316
23107
529777
364678
364429
14230
13525
266854
91926
155531
276974
526897
909368
459780
680950
67718
304263
115134
935907
489848
910524
294811
283649
198558
704303
133450
959368
5858
192298
895248
717797
615341
527143
188031
464765
568351
659151
951928
20280
122
773544
161271
318094
561133
640116
545495
609590
708546
64326
798431
278670
344644
853747
544621
726429
820229
17153
118707
629935
557115
384799
758948
223885
426173
3069
194306
310743
601100
694303
538606
72397
861415
917255
651977
79104
800159
697889
440145
795461
730839
578140
269671
339478
482248
244814
738530
148483
609369
706210
457574
590806
705584
970127
142177
614152
830754
474652
416539
415691
656057
849195
219621
338870
81245
883503
497413
427140
752767
884914
415141
575546
546910
788706
991047
480
935713
318039
498595
47020
461843
521455
50797
451198
714350
679689
730940
881734
846631
415789
958412
896293
895711
165290
123947
733297
807463
201023
460408
338336
48292
94111
26698
371173
226654
774780
34178
531243
45025
600123
257144
623744
392517
37370
981279
137203
895742
396997
629388
445782
877651
150613
251745
53097
89652
627887
942779
215550
932700
341115
526389
797123
331443
234479
406268
947200
191218
897427
679791
809164
839285
350413
118431
112294
509259
994804
99206
676005
472444
891592
673977
116384
618090
360290
19024
852729
445423
37647
212080
225720
264553
965236
149334
253277
913222
63490
159673
930962
245241
415459
523738
945967
17680
516239
614805
279796
115757
711721
307526
602004
899207
855377
974660
544157
773817
54119
736751
620582
702686
903638
722907
902127
455195
696286
670197
662481
209287
783659
585735
982263
985117
331781
236848
13224
736708
175193
735493
667167
937767
626608
738668
963750
577517
615071
776459
560731
856070
573360
863022
128228
106723
669969
994599
155257
663255
525323
817149
167082
342768
263218
552671
776919
831547
548081
191907
113539
131089
87903
651900
577785
896394
235151
383001
219118
984267
345010
818792
540645
936906
159311
792268
529069
996900
656266
408493
15799
546829
982758
309681
978257
695514
612576
981388
436841
224607
68961
17245
900800
559009
375430
399554
49261
332358
252130
564106
767762
244292
527465
778364
739967
217657
674645
949381
886255
805143
796686
391903
978007
41958
287678
580079
810671
830710
348888
494988
593402
294234
146240
804194
407096
631313
148245
440530
125806
775600
902097
306224
750677
377396
124351
159055
20988
728396
265812
767867
109484
289949
653160
523390
500536
500567
932227
578483
102251
651513
96879
387353
910107
582171
735319
818111
744337
14057
815194
140863
856257
422280
299601
446971
292154
940819
39721
24654
82616
445266
349489
515026
723016
359483
972175
233454
494327
747790
481485
326968
715078
161770
707215
641168
379970
809727
123790
565674
833923
845831
634926
444057
810408
907422
740661
715569
311075
60249
82825
246863
858652
915039
428973
568507
149434
685426
189733
177840
726694
781611
628774
597212
809283
605843
289593
908994
744015
950567
194101
591186
394934
337084
914939
667545
446159
675753
748697
746901
825623
406851
89520
403125
182926
825829
786367
91053
830286
932727
737602
391062
594712
536743
986996
439358
665097
118125
319627
839604
823331
6281
839324
129335
809414
438150
933357
554789
751428
84151
260675
612394
489667
57171
823866
828652
374031
897629
219753
154194
825117
97806
208953
770949
609703
37870
300670
138865
156513
29716
347930
824248
207603
965329
989026
623702
198047
897945
851355
793222
178472
784568
969835
721510
673770
282469
661696
765326
908773
397726
306472
673481
856311
715770
891223
531995
959367
721824
559591
131991
550189
17807
92442
940728
529458
829257
674583
397629
111019
654313
999416
613324
467833
445673
518319
883238
460383
323615
412156
727418
788997
699915
205015
47469
604827
538353
8619
375103
377265
334366
74358
775160
766218
348559
881001
453281
201661
842370
299379
11196
684667
214920
59648
624398
229021
232559
325876
45164
289163
502038
627248
42589
933386
352001
591952
789049
767602
751196
244564
664809
603995
218119
458188
921608
423968
66336
728730
531009
384938
966618
98679
579011
257584
44978
367707
919854
611190
56232
454273
9272
278261
990233
202577
336293
647891
995518
238931
919531
494459
277657
573534
996890
539297
619134
30956
922456
23363
832910
208293
619205
229973
424680
701392
764377
658667
557214
40834
590895
220397
522300
493472
273765
668655
753970
876091
168669
3221
764341
313977
325493
263552
36698
439055
778343
853009
734449
161535
330996
321106
100894
972050
878584
705305
130956
329506
148386
131190
134037
855049
155268
658447
236683
438612
846451
924758
716884
214733
239268
359922
714078
511399
528412
276715
412901
433225
147374
272046
886433
496145
791928
734235
408670
803347
289306
621740
719751
593286
715352
652200
799933
718745
744830
292954
23920
708193
502675
338150
33451
490898
660065
871299
384880
849930
921176
90931
723654
255176
923076
349163
676118
410072
783920
79662
110768
588112
512698
158018
370375
959999
166328
171233
191414
659309
727748
64828
621830
204365
661365
957948
815337
663838
385252
157166
185074
218042
751481
813331
473442
708329
277748
342392
878525
166898
165808
721307
823938
604743
962743
464713
792616
737334
632635
801690
230210
779568
918672
750928
518600
386963
966682
355493
940148
803136
241789
876541
579292
205382
957357
594575
647812
551171
781366
88359
840997
23627
279317
136866
975763
886360
743714
500726
958822
813802
771340
524972
242082
527268
640917
857570
253550
154633
637140
730651
894566
842416
626143
257230
920837
621978
582634
549162
466376
306608
945224
866359
753804
946785
862436
978576
524253
741255
98811
286718
995861
321359
731701
637625
449488
174671
683825
782911
466976
278895
919580
744509
151252
794363
82579
513951
466967
708299
253450
376171
268938
839680
947710
479531
539417
376837
265995
307563
237007
977219
979336
402150
32210
145166
796407
439575
729828
246200
521852
14671
513976
511962
930105
355185
678882
390734
459181
144237
359816
87173
69833
488016
549503
370170
507079
75399
213205
380716
763589
3233
979948
594474
829076
454134
902155
349087
205312
317789
714099
993847
38689
248887
103761
765512
132365
859846
46273
321808
696460
982479
838058
120648
752483
214005
267578
739791
362359
865958
452647
647289
166092
642782
693538
791527
618579
408259
477364
5691
849455
378273
25792
596745
966757
469087
246986
881146
401776
288125
860075
714412
365553
9955
23021
831705
885666
462733
638272
147599
711052
486808
124269
586515
746074
220496
189490
395391
400635
148873
905454
582842
611678
139954
133950
604560
604395
360391
465881
693404
863679
336169
708446
209601
580929
402678
479535
653396
800712
907517
881586
777167
245995
688241
244872
809804
617418
350431
636109
785691
44771
831799
115035
518115
448531
456694
924141
536157
807483
947213
929137
423736
736953
46724
7268
787116
972285
769374
618572
205126
595095
636654
954405
384093
551783
791364
81590
645721
474615
292353
142346
371069
743463
370427
378825
831472
760005
20596
236820
892400
981966
319042
901700
232284
794861
367850
70791
786577
204662
417980
343250
19806
925292
749772
660470
914190
736106
165873
414892
72933
720190
909395
987800
937625
956825
651921
630407
160905
731812
108636
43414
346329
35323
190858
822562
567095
957442
300614
127009
51955
434530
343487
205512
860544
916843
181240
967310
258509
753549
116812
616718
975251
514252
523730
81743
719429
711413
714650
510256
849261
46293
528089
192724
474103
326008
778500
697456
440919
667620
388420
409811
234199
730058
741534
139382
194888
441584
285254
68649
536985
441444
912004
580819
15621
219509
561256
163000
317925
317290
684941
203759
813939
825265
363590
102127
700546
609254
28682
279555
21226
518567
887176
175721
544996
16988
862718
662257
18000
387205
453537
393538
317025
744518
270173
358765
731831
284293
852957
872297
43205
611711
569388
24972
710386
84078
751655
29969
494746
503999
318106
364452
406408
370726
311092
27128
155674
847160
93328
120681
875440
473410
433275
22465
189268
865563
981844
204582
508765
259335
765271
29050
946886
978747
780694
481410
468829
92446
795699
561330
221202
519991
829522
445489
114707
595450
361554
924377
561958
277454
807519
46934
362003
991060
80777
385640
276331
611896
404205
288107
385839
840291
794545
93944
110357
523505
523370
28060
912349
913194
825298
541548
692111
529623
750840
526249
860101
541891
655854
399608
322351
896160
615066
664421
931646
503411
554339
559115
796120
697763
308748
649341
347075
10554
427717
867778
229039
794845
326441
857632
619611
343884
171479
434103
596215
181901
88388
736352
804617
328856
250064
400750
227864
131660
796552
659492
721840
132848
424244
629677
830535
32158
418743
676625
193473
619469
277562
33951
192269
809047
763952
959055
276324
370251
40259
821735
226349
753261
800176
338059
351685
430159
661132
358194
90315
261508
458250
107059
871912
5645
597416
87036
723508
482625
156161
178487
496080
821244
501145
263879
767843
389972
267696
157378
8663
184244
152771
220632
999372
763966
690317
696345
216792
486506
385695
184557
90296
831546
916124
989047
40152
846601
10443
706438
787346
203768
881156
68568
167333
952916
966542
274690
499123
30308
671533
82192
237917
220019
267781
583360
171967
261118
211252
585724
929229
662787
828975
904781
960744
418067
438334
677506
659190
440669
251967
847929
582139
467545
985249
812293
53909
924251
19361
350794
451785
456114
61436
185880
319273
537322
911368
440243
399386
612928
887239
603686
219390
191056
456484
950869
629101
670853
912504
639110
927728
799941
912099
115
669184
374392
738371
669360
658678
774280
147442
873189
869087
984204
562872
448008
916821
948560
11281
306282
154421
488551
636873
631194
699526
566621
108498
381457
59629
16833
79641
23090
157423
893358
662647
141981
222338
777878
616166
580326
28912
750656
664947
246221
549501
284522
676670
627810
979347
721361
536178
929914
778278
261095
621777
241693
579713
289390
637184
22181
313174
829629
135960
625853
12134
13697
188090
318765
935773
924423
360263
281899
244018
758884
970414
916877
49504
240231
573223
734895
853709
606666
137424
468239
875605
609401
602632
891367
223373
380627
933868
748332
704719
694191
122191
38183
514395
14898
250648
31526
272464
774003
22556
306770
453272
375250
215154
461597
762502
364803
73043
268945
20336
531434
519201
357523
386945
847186
552571
513443
269530
355953
891856
129468
896868
970007
448662
371168
868373
710772
420411
138497
808250
141520
625000
447301
767644
151670
661612
942554
913436
54645
313351
818678
86232
280775
863294
23948
618449
368811
293143
155458
309797
498910
464024
487547
417449
973494
495615
110745
378915
351809
343922
560115
398324
311227
274244
769508
552112
13155
227799
155919
835453
547056
170289
73802
207690
995130
473102
17710
263746
612998
204793
136655
38568
788733
716094
525273
86167
749448
480450
639114
972970
240473
804778
235249
725051
18772
797037
115526
744791
477676
470175
492523
806167
861562
272107
541877
753498
110185
794019
994930
536230
378927
283654
224537
850829
25099
105057
606850
945752
376756
192074
188399
583049
195261
920312
825453
328366
167678
60555
525954
773396
329813
419831
887746
132958
714205
713353
680912
309125
972965
956885
774804
43759
299739
666426
423345
409047
197618
359840
622757
398884
139315
665804
352505
778611
657224
368167
519539
128339
634717
977997
574351
671471
957146
923570
809407
956624
722275
73963
188904
278055
417757
85427
534267
391162
63550
577689
291793
617356
926893
211278
193600
539625
938648
56612
546125
670133
167232
12258
473843
782939
617957
157798
126725
799317
983691
510108
920193
595348
824379
107846
469226
463741
947515
737074
184197
350233
423268
146131
663638
238227
551628
953407
194401
164488
447022
835415
536217
65081
498744
346821
796302
39168
797195
769276
505162
716978
591605
759073
380679
26236
812177
245710
815570
745741
806295
55453
88755
462156
437379
773663
533322
275480
303073
991142
190490
665536
479345
506339
565847
702920
927658
848619
116630
308117
689084
27661
336797
704831
784404
192457
462466
352956
195341
132128
702497
654914
150553
546762
997246
92962
770838
801175
200346
70142
217040
909308
923401
814876
76236
776608
851763
3431
209229
256648
213870
226020
815662
457635
928616
436730
322602
348023
194577
894758
878709
47971
433285
20053
964101
717425
695487
225473
757703
439076
458394
801368
149431
390014
489643
422891
931762
881467
990396
889848
683063
403647
722123
324661
535785
338311
79508
351159
334167
863174
531165
546058
477108
954279
549799
836770
991774
887534
612018
535815
778994
314210
105197
567614
890303
962089
836566
368495
916126
441111
173590
106977
990437
927830
233270
761646
446249
361877
678750
403270
542237
829940
819427
635911
881528
138213
940819
48911
288066
143222
867482
271859
981992
507605
639839
183349
394824
479616
338381
103559
622177
290748
69201
573363
961141
587524
10241
391028
510607
650401
690264
277307
102486
847160
418784
769990
853083
75804
4398
407418
924772
889787
509429
698085
627805
854526
236949
223238
49439
616803
67025
636239
693250
403336
678356
347064
618837
325247
411904
573615
608034
109084
555119
289288
233678
286616
857804
740764
192024
690195
333573
727676
356886
588257
574097
381742
603763
433780
372868
921912
902720
136469
238264
175033
154305
963308
353808
54337
871075
358312
754439
974326
854240
792362
276520
518811
866718
121994
304255
546853
201089
933242
81042
611513
466648
165474
40732
122550
100659
891568
107539
239483
898141
817421
327751
337539
591963
96056
231999
41945
596559
315237
451195
936410
83462
992575
350141
764948
139481
746689
465303
790879
181680
612197
265898
903182
497410
411773
99008
900755
911631
99188
197959
965578
118671
270776
133465
129856
816506
190300
533080
587394
897553
404838
223969
822224
737041
634186
785435
228606
666063
477546
341554
390304
719368
531738
548259
622642
92203
265216
130748
117754
450893
222780
921087
311744
731693
921172
872387
853835
883036
931507
182194
347022
455937
190266
801893
632108
823675
147987
50118
980223
522559
813387
470250
96708
313596
375663
548235
63891
825445
205046
302305
366455
180310
948618
812183
243495
305336
930440
727873
625697
957820
836435
504448
491449
317405
647340
777796
91848
564835
99829
43360
527866
192106
118950
558952
75544
62338
651797
907635
23029
151564
266521
704731
775012
762868
719714
762078
512882
271801
656813
838610
877801
974863
643233
919244
497730
638758
452235
34425
941254
279413
345970
19284
120416
856061
918536
633283
964888
765258
723913
778946
173737
840596
44362
865672
476504
406642
176580
776796
414271
386633
15096
729139
209787
524393
262937
625353
739865
597585
826665
962281
127147
938658
62224
513076
643470
950036
330963
841471
729932
379592
603290
197545
719586
744394
116696
217528
382493
988876
410705
957666
871220
84378
377712
677749
279465
241505
252697
335901
110613
116462
178636
593851
242154
980772
269233
684362
25342
449191
461249
974080
171419
640106
326009
931004
524448
667174
462854
778922
189383
435493
575743
71197
594255
745363
251665
957182
510188
48615
807381
747906
647424
78710
135499
350576
220396
336969
535604
88376
982535
633244
774635
86863
300347
795293
603078
399701
481214
279390
565576
558408
574113
442262
97241
853430
997603
497811
111532
322976
509680
551254
15301
788281
371524
283764
767397
560917
139953
884554
83874
247614
808149
971923
293472
160322
142728
533274
66015
361472
80448
926938
943637
405467
631147
563592
965840
456877
120927
462863
13157
444741
228406
228791
638553
934206
134305
377427
357307
109110
391767
92888
923383
49381
326783
867482
371641
643093
870822
45969
598811
723654
601924
683466
789491
476616
668823
478242
835774
659485
231707
75667
383078
235841
194316
766433
807382
423286
53361
278661
184829
35311
653797
786829
976303
280140
40184
496351
314760
530770
870657
184217
413153
434999
835885
771712
922198
413367
507557
708729
192609
411690
374157
565595
230251
803796
470020
199465
488373
477033
791793
64932
844698
838362
440600
332575
556358
527143
768774
777680
958810
800774
545814
220242
420670
657737
45268
316436
161741
634989
721012
25901
941370
471478
380274
687877
477952
581696
595415
20846
527656
399624
937920
681412
967525
740255
40829
929693
972550
510876
962506
364674
803758
868003
928105
306470
95999
108196
172334
731699
118617
692870
820145
822519
466858
368015
54528
586130
808633
716867
795889
997606
303824
250371
180230
475114
408458
163349
242755
84604
741672
827885
248249
331708
810014
770819
948790
466840
208842
898144
730660
364624
160665
647464
159191
983305
865552
329428
126556
44724
472102
429861
874140
133378
546597
876012
524766
347611
278469
641563
746646
548224
826591
606870
333519
906079
953668
204426
534387
87692
298879
468043
719961
506852
383927
834135
106349
739833
764619
528508
187562
134060
57047
296959
288473
739634
455200
518382
70722
492714
373469
943420
628875
90891
619335
767710
393021
390831
802159
340491
115238
313705
979700
321371
283698
740365
595846
596617
789830
989329
881461
118590
486811
309025
781375
985570
943839
411023
544641
136287
679030
651454
401496
870662
450340
176828
977806
786429
290679
488722
263299
933336
232824
874561
405579
133224
275222
193708
293818
309608
329040
654990
880219
812715
985064
490530
763093
992403
294895
152098
785471
108248
402528
367505
617993
104406
284679
746696
647794
901863
376443
862057
120941
339192
59370
698015
461768
851957
322832
102875
193446
42502
345257
6430
996032
949925
956888
145627
461731
412953
939654
872407
26120
772195
11335
571557
878113
731007
55837
761311
370727
368495
792987
24382
273282
21245
526902
696649
695419
688789
560742
470173
501759
814176
672391
973492
416461
178102
318711
592521
39991
35947
27387
138730
396771
234896
860200
554537
122402
563239
175157
365926
33285
479971
867415
466942
544403
97822
752357
974744
657137
256461
638660
8705
690385
926823
664124
118080
618448
725686
547393
163165
93034
142805
834473
461013
410094
15246
362484
455534
237499
476163
121703
100090
373352
48901
988519
934286
437554
226827
262049
331542
742693
394621
74061
880942
193062
216314
518220
1151
230600
901273
301119
330747
788782
225925
842107
795483
205667
382077
205503
58905
503484
936689
113010
282188
374324
872672
62080
757655
696866
439660
511800
691377
406383
115961
469284
242122
527383
322609
373348
563461
39580
112397
330144
977243
889824
751321
859786
634908
318147
137151
630293
293120
885034
657848
991865
217124
215785
436801
628425
696979
897298
713498
28603
408199
96038
542729
229126
927540
900863
318047
443659
764694
939983
441235
225405
562428
970714
95036
330392
527257
471003
458620
420528
250620
394510
922093
253425
398152
694080
737666
823977
927487
167934
961591
472814
538970
155626
358385
945135
133042
218157
954354
489360
561350
699254
572127
357305
263234
542982
282426
735160
644253
606382
236341
171398
369823
848673
959931
185852
70630
407203
174353
187407
711911
796129
479254
171943
905335
731060
782343
831972
626310
776303
191037
667856
911636
759459
984307
831424
888846
446104
262242
266432
228611
277102
136212
342896
451791
367441
305961
991856
506879
574591
919421
412845
943170
175484
510787
151001
19217
550333
455548
995601
216337
979142
390556
480015
795972
875045
1372
150495
215821
676353
999162
105627
898911
761107
35516
606675
131526
364326
909566
749803
901084
328953
783381
142149
1928
104419
927960
2625
850709
981885
618393
125706
197692
854374
80197
166637
377124
998842
418379
992321
75410
67097
484413
978565
412489
585063
805770
853154
267576
483571
636950
551742
478494
882606
168960
821330
12103
933454
377823
690406
91432
707425
436461
250181
371242
396898
183752
971414
848086
33698
844752
44845
80274
871714
958585
558557
760292
645678
699354
367701
638617
319026
261503
67682
184868
555405
329337
945200
635591
844656
59666
140261
261838
469787
177189
361058
310284
632413
274670
865894
111077
840128
712932
119786
667346
830527
484487
585306
821884
931468
340313
819524
37170
38857
43525
72979
861106
41853
124821
787917
980771
966244
161789
45416
690036
986400
445570
170432
323401
943460
63352
522625
776729
223513
68073
510069
33514
478995
450984
764661
604933
93311
56601
891224
656858
936014
395664
644483
188728
613598
374096
490853
445742
447661
280550
999338
980941
932586
588758
358295
698470
692037
652915
831001
63852
28634
657652
974377
857504
336739
610774
680787
403941
569174
946109
829920
917103
511296
72649
215866
414189
957338
290467
513853
816440
603922
807940
425559
640662
320847
846136
545216
69003
628597
723330
956177
646809
889735
737923
109187
526021
645773
27480
113961
410706
743255
952994
941284
592488
455916
168051
124305
670580
33620
178240
216543
116220
413045
679263
612285
601709
886349
958280
702680
108561
744785
693701
479977
623019
790195
514927
458373
743624
616434
955894
809424
710477
373153
379461
874716
402138
396281
945954
947343
662812
521961
230844
16090
277633
893231
244298
128562
909650
558111
197523
86593
757574
6372
666470
790413
853252
65022
877237
330467
780017
145250
612446
553407
222125
471542
916683
241873
521646
915338
890770
629974
722543
362600
544805
969735
60354
302566
894445
732898
35804
749978
342025
192775
328215
530955
376435
825347
875140
365589
783591
833382
631762
292232
772401
64314
547438
580990
890665
368214
944437
596693
800010
84287
97199
886221
469670
676654
651490
10156
938137
780014
465281
477881
141675
770828
324695
563565
57132
280634
686247
197831
729011
745400
739637
699057
669161
314282
326379
671441
899560
118865
513546
719809
861106
862899
490887
558569
136451
663994
658539
803756
974790
253812
614023
386503
270866
276007
927371
523478
474154
959213
197839
314455
21130
852157
283691
993079
811716
695324
645767
943310
718313
711306
948966
754045
107466
36850
152171
724546
497259
599507
243062
116841
825773
516938
873237
813093
445187
355379
413891
239842
52715
512823
760906
666481
186275
28180
20313
104325
683919
542569
368491
599423
648971
877682
660175
691401
398145
915765
243579
283576
657830
400990
667573
981498
520855
760372
733836
511856
135953
348915
406548
330200
338286
962046
982727
801594
869661
933030
84105
317591
643028
77987
92310
269471
407032
255769
77585
682747
853647
959891
56004
234102
866838
297240
135936
219043
815542
794332
288629
357622
272076
393683
986232
914544
540826
810037
730652
773572
458851
585790
374127
665556
62842
846293
15652
95151
873016
925450
547771
81392
990315
670349
825198
84698
969088
10449
487200
904948
28060
305186
773259
73608
438099
538191
351745
64121
476457
744862
817128
156291
435621
410308
496931
927274
661157
893828
629048
812710
288240
867191
549242
172835
113757
338806
236423
221853
826064
256458
899942
90052
384664
369630
210323
796431
327897
770926
745488
191425
606098
505135
385039
118303
630636
656239
237341
399206
663299
141878
461243
315399
464757
689465
135159
559120
764058
331583
617465
262705
997249
205638
445517
989286
518656
921661
715010
147642
860002
793693
502772
1198
113424
384913
692899
618340
279542
254880
628047
511595
351036
596260
830711
712134
317411
468205
279683
41972
755761
23865
77153
328472
703918
392000
261701
317054
674695
156502
996979
436595
195964
457888
190031
111302
493999
291933
230426
651727
741783
411267
425238
91257
677476
741629
476032
901981
432961
947584
40610
165512
422435
369681
213809
693102
174875
193523
656666
853130
662718
227175
870732
299243
160296
479909
293121
861617
611134
290805
58811
581404
63147
449962
318049
787061
135248
331158
176851
828302
903493
283773
233859
950758
430571
953588
338512
648374
705611
73690
327520
883325
46476
482614
146146
449372
430937
128345
146486
843661
730225
538325
87568
921282
804701
166048
724114
91208
332520
638120
620779
449718
864255
711157
32184
577919
213687
360879
660487
900546
231481
867453
826750
140515
447915
990386
305210
849387
823484
10372
922200
494506
823549
605620
95082
715068
703520
424218
460410
100902
385629
600039
618417
616881
965981
825420
424887
673799
38593
148545
62739
158042
625001
751352
159259
599083
172433
800900
659486
845859
461277
764379
851200
941808
469121
900030
418598
336037
404936
314289
863782
514978
584028
909233
850394
671405
478423
952532
468637
559605
604164
563924
137337
788756
340284
92363
377592
622191
388660
469870
176736
91214
246891
907142
36698
918599
536288
532983
240823
121329
139656
779655
751656
2608
33979
235795
166696
697175
919337
704539
857362
315979
785393
251361
323255
768470
738856
773862
681368
848239
843684
517713
648268
187915
49125
638929
732715
255268
862853
116933
382775
378933
71073
832657
231197
20973
36407
741789
643785
576904
571103
243303
383722
462740
695712
932039
484486
70022
944703
265912
349766
104151
644215
232657
739374
937864
698034
372993
943353
427558
546051
190545
434609
885864
751118
468128
136217
8422
839726
39214
174898
253986
634651
759962
653578
887376
698173
326119
706924
596906
380429
153
857426
532180
329683
584338
817526
705621
994223
568049
50905
391529
84865
895768
292253
791026
550652
33652
776716
815610
685487
239269
720269
544662
676219
167251
940171
761057
715386
644956
883268
187827
716959
962889
155823
837210
336614
27448
183940
411989
124220
694114
459753
795987
371928
831738
474045
444094
850532
826413
561563
763704
608928
215055
976396
805988
267883
791755
752143
81674
296613
820266
330373
694288
8959
23887
846953
671460
469193
248969
523084
731405
739082
574104
90537
291927
105382
647329
804735
648200
301805
814543
66293
126941
769603
787170
748570
958708
255456
871600
420182
746339
909860
299105
593894
605065
127927
402862
38935
992305
772019
453435
633931
943849
851792
96248
842088
826193
116971
315226
834284
222357
894498
500280
421586
543795
959090
793566
500153
877104
527077
633536
559736
667674
350069
593402
736089
937478
344215
914355
736826
446212
650654
996020
633665
314705
480092
215344
507919
840401
810919
131990
115759
121328
444224
209373
947723
716593
876689
292033
715226
875534
539170
248345
282253
984824
110612
121338
761843
23234
914013
39044
370876
136064
711659
874664
518290
972183
662685
10576
811134
922247
488716
987675
873975
696834
489894
108163
906476
672885
538745
133557
80048
254149
268061
493676
858499
956666
383203
49094
474543
991396
790206
298473
868161
945905
153158
177967
88461
432368
800602
713088
294742
475790
720122
355223
631397
350726
223558
439375
424784
605167
441820
415037
494149
782860
143399
600401
960035
30322
643018
17023
48207
70162
405424
524578
738486
915059
849581
135482
15973
857142
488171
191216
433197
408205
442442
973054
125899
632199
250442
589188
541529
105358
122597
205489
966949
488664
307799
485138
532902
280349
966181
205069
361979
214639
680287
637907
651576
538264
927085
525681
572095
353872
614223
155955
718441
579253
385531
732304
823351
407173
743474
516089
67284
551401
429479
845404
538462
29591
659018
702228
850849
887531
280039
131832
837717
73846
666842
654854
729854
61048
44401
222676
812789
24381
403473
866384
990424
829761
650723
450237
239591
445975
413669
330761
728403
734766
388443
567546
34586
606610
892728
939077
761554
248512
782107
81292
395507
378865
59618
748371
212160
447671
94584
908399
475422
367897
315414
224727
671290
895347
774136
273446
689791
579003
752322
877075
295657
609472
756803
424842
674628
17662
884342
876074
684369
91592
637486
147955
22655
996269
732523
63170
566350
347826
644760
506244
260594
169502
963368
18546
124122
851652
885313
26131
462911
519652
425508
217613
114972
961224
205489
183565
429951
599793
992544
121407
153204
690697
829296
586819
129716
92441
707200
527677
239013
341876
124430
77653
310168
414856
946487
306486
634707
353272
508008
871011
140502
175450
289543
751234
810324
228901
521288
297130
539317
349964
513295
302616
926138
615184
44872
42339
575699
6436
527700
594706
658624
505844
799917
627430
656516
419519
150712
630022
220645
505254
171818
823387
94985
678671
455601
418119
970343
781892
745999
543527
450718
513760
257996
671354
246404
690450
223386
381751
671974
483768
599040
451280
291778
84500
743553
577970
997800
961147
429552
189503
401175
243565
622620
397501
114215
950095
705754
361109
134046
113935
20691
616722
691967
432041
172785
467981
892207
340115
843922
615897
940352
459091
934954
671881
649954
522245
806599
434618
393212
185322
524938
506826
629104
933501
951749
241829
626295
367138
429854
860536
454744
490068
162823
541777
787469
859594
730126
725939
509241
489516
47544
60157
597917
947178
437079
129972
489087
555177
904206
718388
805760
619921
794073
110272
31460
357034
471634
777541
531943
714026
15336
766552
808685
87760
598369
367504
912974
744779
611436
590174
996181
407333
423585
251951
674325
372928
645017
837983
977016
208278
522705
452742
291752
506575
716368
491704
585964
442900
527851
58692
457093
404841
634013
698401
828122
734092
513843
177786
562246
178500
133031
716599
397495
161764
869002
859588
47481
487824
327496
215375
440520
441867
657671
557233
767677
979627
789797
425158
158523
558513
94605
90846
305189
865308
806741
555994
240207
98756
979643
881575
165848
799615
627758
568764
318228
615763
327194
452920
362628
570580
914251
489912
824500
87824
405965
81454
435777
352694
574592
999169
147462
307108
622352
880304
895485
200246
184915
412271
139204
542821
501494
819205
87642
769769
448755
951358
411340
839918
226037
591654
150756
164958
555770
625559
239066
100093
523775
355663
32742
650932
124207
858650
466612
467575
575163
22342
353954
322774
804881
818373
581484
67322
769560
761131
115283
62070
132558
240781
430608
236930
886744
946129
649477
723003
468681
313109
44553
311230
492883
930524
650546
450418
567990
877870
565065
631553
268987
551252
433195
174917
432574
659064
604053
858024
720494
852729
123633
875266
522780
488531
339708
63687
781548
660681
652025
830937
956952
378261
827939
138079
329670
637547
736043
194466
320054
450190
152092
162010
955870
513354
995794
877131
105700
809521
431528
310221
888542
645866
990197
683308
390299
142201
111635
627758
178357
565879
166303
672486
213158
682661
782927
226873
977741
78787
269552
211263
112116
172299
1599
878969
48404
744449
6849
855552
533471
182078
123603
374742
117248
565220
181795
955883
737142
320378
747119
684533
563234
518816
620188
37537
516096
619554
801497
7453
300456
816529
577548
903071
10089
566903
62286
523660
100991
15193
866142
624952
175725
564462
845930
448082
214751
749159
231134
418801
256676
699732
316447
894581
901378
320018
785858
624298
389287
568463
972650
664067
124411
510854
125834
826661
979333
525860
381556
904274
782780
667162
667164
307299
111850
208186
517834
182305
66106
367415
553636
33848
297763
195188
618003
32441
531194
675034
295959
505518
632750
466928
910275
524865
562444
769197
673175
739433
980492
451040
477191
56076
520896
669332
695597
733883
182738
906852
923761
451564
732529
341576
490512
425494
2928
409515
548264
889003
319595
833261
215649
984658
125801
481155
461064
97697
146703
129437
350977
640211
308362
181079
277123
989467
393804
649054
78369
102575
778771
200870
187313
109831
581527
831088
680836
877574
219182
164676
772809
537376
401101
121156
377027
963043
768333
868935
938028
470123
266497
874228
28921
645992
929045
383149
764841
520633
266223
654088
651289
240154
529664
958904
228169
896748
264321
417328
768514
925941
996995
518829
588051
254383
809959
641350
104608
266221
535317
861925
321616
143847
553285
363666
247674
325722
933780
57484
529416
106106
806369
509724
416844
673507
622482
911604
404054
50748
345309
522049
397751
398572
48711
697659
354
784265
466748
252853
779449
415554
388167
742973
126201
691401
708395
954534
947698
178530
691399
683348
612286
208746
150606
775454
846457
455329
61933
229821
333136
898880
582637
396539
277540
585990
382700
122564
748098
900408
8719
479199
791507
152584
436076
68143
838387
553355
735835
338317
934158
371243
569209
879578
849483
568995
280602
899749
456563
572599
343100
248050
64905
720017
356650
894407
281485
444489
668626
764000
403260
66647
774132
570781
689819
893072
15222
728857
480728
471584
304175
452528
980037
177557
433795
738279
625982
451241
835644
820776
696343
352850
865701
374183
79862
878762
728356
714168
465370
443250
475040
899745
17549
162866
138715
313542
85511
24831
917701
511482
69223
834462
39106
990374
714996
940781
50480
15543
440790
162775
673726
69488
589854
30235
42151
722091
554514
93690
66491
657787
996224
519536
237569
909098
40741
206413
115539
302083
626852
155571
414863
652160
549490
664416
535807
154263
330437
24767
978441
997948
430665
78541
348207
75666
500440
810617
222351
622670
116342
573989
189454
903965
511599
982668
73428
194213
393087
816214
447507
922312
499579
683683
760872
126080
591907
645309
468300
181071
946230
44093
140745
817054
175663
545954
756042
148332
955358
957756
505973
464486
523
213612
313467
795706
53530
561762
764260
785126
135302
734313
400152
24748
471046
30060
708511
489632
34981
474435
709668
238216
652716
486636
10077
375196
343649
159691
160925
66159
439104
424147
328229
247719
884745
433506
932561
290693
682827
464954
327046
469544
773648
933012
461773
129998
650002
586921
647236
100413
963015
686482
222001
149341
113566
496862
485704
893423
830273
973938
662439
532429
999326
163800
745311
69091
299166
602693
491891
900459
695241
981352
311008
267894
343727
902529
531677
619749
79096
343173
662969
339523
431653
755309
611819
509031
707652
69087
821131
598720
959432
169063
850635
520745
80572
102368
190637
717452
691112
370239
838152
896436
134280
671940
644704
719745
869214
507393
422601
153586
637237
806179
360307
487657
433975
143963
68219
412436
254577
200413
264061
445647
825691
973745
801931
122479
819039
310884
688941
188622
828671
779085
142776
153257
502181
917917
905540
931935
318959
442671
26349
875957
990677
49737
370049
292614
625147
842375
198321
261557
286467
920546
574785
352168
581737
539270
798000
416622
434175
866561
388973
792598
158244
843550
102562
578973
293911
81607
924521
456254
751211
11447
560525
117627
381809
914685
482899
788767
67722
139620
418795
815154
162950
599436
771600
264446
597888
843611
842686
189797
415864
439788
367591
657031
123035
422295
16371
521867
5434
485495
146077
385632
184180
875373
879781
569728
180741
814389
807977
738252
492940
782648
573037
461832
82484
119690
339553
768463
286316
963460
640565
827971
462701
894622
120180
144146
220982
141111
317534
607785
868839
995451
428515
214583
251609
786644
97530
516305
811763
905893
50521
559663
713528
485107
781071
636482
337205
426580
952792
500491
760775
450119
255006
934080
4340
89576
708231
655615
820093
342810
435417
182780
647651
765363
846
997762
628127
662436
522813
688006
162169
556131
556230
840029
914944
827468
581803
350941
389886
305316
673749
304412
246410
540075
139633
846291
343154
643760
164724
138764
223993
970880
223273
443202
399092
749615
148665
318545
523905
533685
993086
699294
183707
245992
800685
600977
523800
531685
912100
747996
373155
808043
551360
176748
764729
887096
110984
710185
59698
514944
843312
568029
444183
386754
276827
102138
952335
669051
357447
144489
117980
212400
797742
317051
259446
153235
819763
425088
846972
890134
491234
172731
738657
249054
375630
877615
65580
414874
643134
648992
218986
221352
497907
824497
813384
908623
514987
549092
310096
607300
628454
937955
985187
8988
510461
243077
820438
286920
698055
941001
130248
412736
816959
739294
946042
886267
530638
426974
471664
252599
908038
820785
682757
565798
715412
191612
970961
11683
840290
255974
729171
208111
762615
286745
420536
219417
951650
867737
406634
270872
827121
511947
644454
55680
527938
980562
822664
935747
29938
540963
678117
265259
609407
494242
153075
126111
346052
424511
860555
180682
943840
856650
330037
592842
518918
822229
47613
135389
13932
989153
835943
407007
521302
729832
754964
889236
539337
552914
516111
818918
314126
47082
251538
857329
68719
862508
352314
268307
845564
225327
259517
319266
860807
247310
566064
556751
163
363248
906460
30966
156042
313815
372151
444302
747234
263956
130059
947481
909888
983376
830582
836237
123042
771820
691109
772255
512081
812832
651521
974987
133847
56274
114073
957042
757916
169825
849558
252469
458120
919562
835557
423102
874137
123410
713534
387330
988985
462577
941561
261027
651216
597069
93825
833679
505046
321197
129712
681273
655839
647367
904919
249754
169799
746769
585169
554991
141973
67722
137008
625603
346653
700210
73778
449360
52742
738358
355052
51427
477352
276719
135100
741894
620907
311521
467730
402398
820025
878273
354331
22189
889777
499116
830471
191488
815198
933152
145164
879696
29997
848311
489967
35804
72803
629397
492780
325275
79449
990164
110706
460877
550058
688588
558046
928318
789682
876019
761643
949394
793167
91860
493563
691481
937550
850499
489363
400289
754236
567458
518495
590782
242872
382292
678615
645079
71522
683025
22029
2360
291982
330692
130900
832637
500871
97933
387446
481584
947014
904305
347692
697388
884750
434402
972534
29738
952876
342442
912229
242169
615766
881023
426469
116395
74385
302244
595767
787413
178269
968957
670482
883764
231329
933183
812064
774285
707463
983619
100490
293857
77195
342310
365485
547925
806728
948822
593600
940796
786903
527715
444208
574617
439581
828042
377154
250654
894231
871936
756115
825222
856056
231133
493593
11722
983322
289594
28933
351554
210570
662553
384704
209323
171506
608106
481153
889130
148313
150546
284262
905268
342603
548753
847960
957029
965829
443899
597323
174387
919285
636238
572984
918005
837473
831994
450231
447333
35
920940
743840
189165
724788
255225
424028
400778
679961
612696
546364
477073
15936
190207
399850
874468
822354
665121
237629
78670
575312
808380
522090
194227
739976
232016
469558
97399
762176
904508
317264
245998
615203
374149
373429
835453
688065
299603
618804
215887
890323
910274
45816
748449
72176
70642
343973
145220
90301
396633
49924
678669
877042
307625
53764
352287
58782
478604
892941
717897
248407
180888
300667
700943
483818
867777
625515
548344
995130
446222
538672
30147
942708
157706
852415
873202
503224
674712
39700
861991
493663
38300
434786
86865
891295
505881
506138
308215
359007
848277
727478
59984
103216
247006
843205
113325
590658
991701
24562
966910
364982
824477
518305
287789
4304
451394
294438
664794
399612
47803
380444
159661
151941
492690
568484
5897
861693
595240
605424
811865
206710
542952
945085
492659
489013
83274
914152
38829
299023
722696
221550
142037
463737
882087
729160
5399
123612
176578
713515
326095
572299
121581
732266
111011
331470
262706
565168
708149
528371
207547
772738
804463
685516
299441
106349
905657
708416
99969
331875
422378
472928
751339
578029
438373
246091
201515
518204
581369
276261
90687
201774
387962
423190
694227
269627
507023
928378
37247
830614
836234
698881
332738
423936
753805
771890
949931
786206
587116
210776
418477
433341
936066
754924
914494
222977
785871
990253
104
950354
283077
822992
824476
687872
279044
982761
162062
884621
426704
728048
85144
896013
334887
805628
668259
646732
179546
777074
442520
85119
804601
425756
636525
738121
903546
627925
695998
496882
270697
110292
370496
707777
68802
4575
916094
468836
757101
903368
748974
386994
714800
542320
110145
827285
48866
124972
400975
105351
9696
282710
100673
688509
121859
782111
957029
973508
120110
141516
750124
522781
445369
961620
411062
263438
316273
923459
242546
34494
645383
839917
405429
415135
161016
668883
201449
662595
653949
851816
257645
248867
375715
293968
235536
131848
477600
547181
652
794031
97230
123900
879800
911546
607674
145005
772305
565860
714405
893197
637127
858931
152071
729439
348210
653881
336729
316936
740140
513215
542182
258993
371536
715310
628060
359316
90978
980674
939789
95300
783539
958790
86819
310108
562088
410662
696606
954634
91280
165213
337854
998840
455267
951986
887088
635641
982251
304959
890884
597476
600644
363293
199727
645264
189138
522026
249866
889043
342936
630897
472137
782495
190760
815367
256974
727745
380907
886131
847395
910418
489936
447061
277550
732253
191989
725786
385919
248387
83929
627892
777184
547353
325561
571799
132192
631131
904158
511242
69532
529409
352071
230218
260908
567301
656596
565732
955856
910993
503810
177901
246077
248656
341218
19366
289119
35127
696879
176582
430107
450528
430242
124542
7389
349037
539203
141443
841289
781347
493754
344691
728577
949661
782270
258466
636201
52074
914564
723878
22277
803704
818918
488350
330792
114301
614608
437921
438044
12199
315078
354741
422453
983386
348711
767055
788817
1930
672535
792568
200734
904774
751437
560626
179833
884460
603635
876928
877154
550845
524260
592291
666268
242356
597830
670371
481305
467179
764317
936463
103882
926485
420798
260108
714494
216393
859919
535253
34068
758643
232483
548198
513935
991407
655193
65985
862339
588786
197340
24845
659787
598191
341680
951813
525027
553434
833744
127031
749281
414950
643288
230772
658018
144970
924531
833852
388716
980756
649703
337467
889951
314350
994498
623207
349603
963983
944773
315387
150398
418454
586996
566135
695324
213440
259856
508535
987477
328404
328338
730254
251767
425522
815728
433229
271328
191901
875355
525263
840364
694149
440845
210175
34693
29739
4304
422679
826839
195673
384943
193153
853989
249215
419827
525562
807199
121971
622454
522334
901360
175300
648889
136042
889570
142021
189258
843145
57648
575408
71370
652595
383864
568772
760230
405639
11300
159887
944216
31116
146215
231673
6506
84788
639241
44626
847974
446223
891143
869052
454413
936867
26731
633087
38067
944584
504298
802106
503825
950562
57511
36445
223234
709821
26376
454069
809629
780791
518349
245819
345408
691694
61603
487144
29736
699021
950350
24615
259249
604242
723915
908518
575305
118397
65663
416137
190318
247755
741392
33174
516304
709031
336278
797253
407305
624290
167742
815138
618843
583455
627150
333911
157547
114347
651400
848889
199715
36633
951832
295655
925251
879142
496142
72645
468672
917940
689672
997763
81132
401810
470498
592643
214953
442787
856373
428133
244916
461601
526524
480097
153075
749480
672681
878255
617398
731888
7095
177069
350954
976232
556683
766762
843370
701080
471153
490383
9693
778853
664768
892680
143894
422579
664894
364126
134952
552070
873078
717276
104657
43254
82544
802430
484377
807701
632650
446866
611896
509804
457443
109017
510660
369672
606772
993695
60682
57076
512989
104143
419175
316616
666749
798761
109541
690762
468444
434003
454739
244634
255917
537008
771982
130500
594943
33087
117566
172289
599637
910318
534928
707596
309780
168994
443702
997392
597343
394749
60700
428049
893962
792924
558029
492138
642607
221167
544403
956222
261099
779067
83363
244718
257169
449822
808134
976227
810287
126178
751135
721484
643177
995906
367329
965394
987019
986615
101118
779659
764595
219701
587432
475297
142344
927843
473471
674725
228195
946615
533054
829668
963274
292416
661089
875331
904682
405771
92418
67411
267504
996423
111445
529266
95222
529455
287459
80979
72880
60901
745593
729829
200589
555043
524225
154010
974677
914783
350110
269462
753548
421526
790652
490451
935615
287235
871475
613289
6428
99471
849281
333586
659679
775200
103924
637936
197299
746246
163830
570216
143095
453193
359092
626823
103756
367487
991445
822462
960268
529032
861081
716017
616144
911457
832650
220713
277969
403661
140425
977397
332650
569529
828191
875722
933708
137578
851292
742041
959865
888608
931216
867412
799772
269590
703987
494406
551523
13415
183654
590107
684209
914021
54114
40330
128101
815626
110124
364361
240717
716901
162128
728434
394388
49618
299480
558142
709778
591112
481722
626011
86668
845688
827172
65079
558297
858389
409668
212172
946682
537273
137353
114150
177187
555899
774113
982011
645900
553870
57777
442822
96235
866800
942265
507795
777020
629938
908649
530381
66176
526349
566329
947789
813920
405346
380468
622014
809201
677028
19717
488313
472703
267389
102227
619964
646421
609534
992699
232476
719248
364707
362300
456472
288682
35097
388029
923401
917936
25995
112480
693562
715956
229913
176638
873623
55794
533799
960582
368945
657243
709956
944146
588397
139105
291974
1520
764301
532350
119087
259979
708435
544743
307278
112910
904107
30426
730331
642884
377728
887334
290724
976384
444409
223340
478955
209194
858128
344347
514072
936328
439772
559079
248436
542622
675201
884880
815181
834060
7069
123283
452786
117063
666485
371384
737881
60241
373514
124456
163319
253563
168979
609130
87135
788248
806622
164991
830604
143439
183278
269257
172905
369222
566973
756393
952566
688687
243576
702668
76483
268355
693981
971846
182235
526661
900661
943281
1141
690455
720509
24206
715977
19984
336794
900510
277855
152571
806263
574627
480661
439615
52075
174148
732279
67648
195478
117170
389968
395086
764214
528914
68918
749666
80232
463157
432895
369162
678891
509478
656392
23812
737556
468591
816131
164708
747753
143432
906498
872158
884607
509958
168718
585277
8736
335436
288335
811777
264422
438466
525798
980605
260434
914316
152949
828237
226782
495247
576273
864314
279575
359815
493407
50534
690605
937782
470199
446672
386868
425844
738101
514673
180798
954852
48945
697222
766609
895405
239795
687313
834807
636836
67329
628629
139598
233500
884356
88659
803836
83084
817018
875930
328379
921662
760429
675623
651492
688347
397389
347541
981004
398000
416932
327355
945558
758432
70362
831722
645382
766983
818345
655123
200381
19000
562655
655226
517919
887078
521749
284303
903825
436485
53656
537051
953766
105378
977636
80435
586916
851849
90797
71111
822303
657694
62622
959613
452685
610591
320896
650728
159966
442287
696921
945510
727280
99173
165183
223278
671731
159656
386009
426319
607341
831205
329023
933062
504901
11968
828651
870045
956071
388116
882499
223064
963257
373644
47454
442655
883108
222381
6073
393889
259758
768858
702638
404697
728648
72779
925262
548147
960654
189302
824787
182026
194248
401381
122310
247071
918766
826810
290618
726576
970824
36216
388456
758611
696981
608217
211915
541263
70745
800807
71753
547142
226674
958017
302654
613381
185210
516274
550657
333409
402286
148645
797286
21988
350508
987529
327084
869124
38894
336198
767446
17106
91768
889665
304949
954084
53787
164816
821326
484691
148856
588619
635633
426185
589981
850184
416533
869067
777894
600979
731686
818541
587458
829860
646578
696551
696512
760478
871563
866682
185168
773318
13491
160781
956305
912680
699878
82443
601468
35632
804277
176090
470950
497803
873380
140522
607313
844419
938768
648468
180420
764492
615629
576877
472623
47116
909351
340551
626994
20383
768520
39308
547051
41077
254560
429996
258878
861162
80604
240000
426258
601198
516301
488015
161471
487218
717129
744177
115464
403701
610291
805288
198782
296433
336175
765172
327452
276495
958623
58975
393284
399854
247106
831711
311371
42418
193457
364986
505354
333507
108061
607598
619129
83768
42390
242437
398274
179680
113705
631048
387169
856493
268440
199699
366268
751427
476726
570265
663519
406831
8094
517891
739343
690845
357131
224419
304522
238055
483296
376271
271041
255640
818486
993432
574694
596949
431744
321553
928308
676806
813205
932112
776178
165246
22167
76109
238056
280361
999469
630245
685154
309834
104757
631153
879661
555862
590423
847667
222576
774625
510999
157602
671925
892451
329212
191768
969598
172895
834994
946942
307090
131127
781478
786577
631283
433442
641758
193169
110751
168828
264247
551077
602367
624298
540789
253399
43647
163924
582621
457067
545168
15686
302767
886632
65633
559078
288424
616308
978740
388432
775943
713950
48099
86585
315258
449081
411775
941814
208768
877088
797517
474294
333228
329045
733686
919441
913098
393803
914803
174250
298103
190183
57853
89862
354430
679307
316315
677254
614110
380800
614856
931165
625682
503260
733189
296702
415737
870879
855586
577519
116221
836982
581858
849491
690089
378440
111131
829148
507
745711
642966
208321
515457
457542
450936
291865
841653
309095
483528
140387
937717
877850
403503
731300
501788
75524
6121
936939
167115
638751
344561
302561
761814
543634
554443
222221
912106
291583
323596
373611
735436
827870
113117
487963
474483
440769
131046
463890
72301
95620
524087
877766
291530
910549
854314
147756
827736
695966
123208
85010
900136
839560
771591
18362
460669
64761
656546
159678
846253
736735
689361
811446
611543
442737
963137
257418
994149
798328
922451
13805
370955
295723
244144
217915
118010
201663
43764
184787
932819
488627
833425
940208
468803
75463
912440
550222
500288
577833
935106
326197
219257
846733
54560
497843
64637
468978
887271
923190
46450
163578
184504
498803
329168
852935
243168
745364
773852
220273
818013
2397
765870
718414
562798
943690
945394
46539
906954
657160
862535
446550
460413
83294
529484
59906
235769
146050
130881
917556
380377
559007
977035
926567
273316
188210
779870
452143
917188
145525
881345
531821
895221
284103
852156
12760
417473
638849
720621
918790
244954
840313
418494
922725
719276
760437
391673
716496
348559
609373
971887
954950
771306
49741
360614
306347
696443
449102
339175
621348
926751
439637
570850
63946
639814
425244
814363
772384
963761
179250
824444
902005
475568
81283
241993
328029
83946
672729
7970
523730
604695
620161
121882
608001
126618
903180
46630
75401
774438
739935
759501
592368
117176
684875
127198
866784
937860
786962
934168
622712
523727
797389
620278
826271
692720
624179
673386
715278
154916
559932
481711
880297
526634
174125
814699
415082
618573
516982
800158
925286
216613
50968
679244
529265
629140
457063
669430
366299
212097
549741
605270
771896
510313
762378
965077
596544
650587
700344
458553
858392
435644
143772
994000
994620
784720
791812
926340
227046
712763
989644
183739
377038
214609
269707
126219
840300
883213
601080
39591
297929
630608
340155
747998
213479
597450
884779
878709
751108
463052
183464
795204
505241
50639
745181
167909
625872
917873
498356
590282
747640
329472
944232
462139
383356
455547
546007
1870
157294
379606
24892
734682
37069
788141
360720
564261
67848
313557
877132
858229
70684
596175
275190
382422
972456
52508
867196
581727
108152
246672
442936
380076
427158
249995
950734
372308
748697
19847
626986
988654
680680
993870
312220
686401
497968
332054
594910
240573
515586
655500
297211
917257
664956
713898
686963
458063
425108
106379
72896
274543
988678
62968
770384
194681
629512
179908
427604
405984
570167
203520
479022
951627
816074
885803
98630
889930
649606
536593
963624
618177
868364
942677
770175
399130
152595
304262
779014
84119
59945
822526
155463
149081
267479
612820
222878
348204
189951
250178
560757
664215
545059
717994
360653
907258
335518
789046
231937
288067
991809
2908
95873
225423
323865
541624
8566
579808
661904
312995
989415
903201
831076
120258
198625
229449
865067
789967
302150
243717
101121
848237
454337
694359
595064
595918
868970
371312
471990
519102
786868
908164
703370
49039
103870
281635
792673
321564
617375
96454
723760
220720
510176
188823
860953
700220
382123
930791
217416
109526
761923
725202
407879
269158
306695
570318
301621
783275
274500
451364
983867
613027
678347
594076
379912
550474
830519
87314
268195
598349
223886
209296
988165
78581
346880
418037
774007
517289
434011
512383
987278
845510
553032
216120
285334
453098
837442
14698
692193
153906
53003
65750
864602
514623
538869
245012
681356
230094
102650
413763
440265
455696
222160
63957
549604
268572
298817
73039
42136
358042
605273
429987
953698
497779
879477
89221
807781
943585
793215
986609
582246
382929
572408
443605
232455
274482
912919
667406
110605
804238
164985
168560
37508
931449
553763
365583
650234
372569
759732
641095
794201
134832
551722
186421
57497
455972
137725
458967
648541
497254
860525
811757
993880
809716
124607
839415
778281
936459
173624
194612
886731
485123
265958
204402
615952
10773
207027
597820
830191
42663
231431
635930
86149
12564
754279
193650
507106
64604
617375
935051
689231
535248
887572
267367
860473
974224
226597
322732
586942
917809
359571
171648
785340
169558
817342
869746
280162
618211
519255
796436
242846
134848
438275
881210
951987
871813
271408
183690
574923
508067
80742
768321
437211
146825
50410
23167
181194
726065
52156
198203
17713
754982
542257
432655
494199
689617
887768
627314
905657
743305
759138
257
656859
618823
157538
209615
985477
193983
24673
208421
830931
692126
24497
966294
862652
416247
111824
753412
285967
160800
918649
557610
94294
433642
395759
633597
267835
662027
905682
659735
86348
980962
895752
516576
639866
89980
281079
289316
927355
461754
263129
369113
353965
630412
434757
83913
102368
344037
542211
16576
340750
926868
296147
212598
541318
386121
640645
538355
82822
729374
573077
959396
362575
929186
745094
408071
618613
617067
203352
253059
661361
743524
29827
782434
269888
102232
936413
732692
972550
333862
15508
775452
688920
684669
582015
946533
999421
434806
585373
911260
574207
794274
965853
697211
185958
3054
266558
383718
137873
325844
65212
534835
361327
346265
909587
549918
200357
159700
996696
149035
20127
589590
150307
263709
460235
784315
270142
301073
659256
262157
438165
522265
546627
552019
862864
190485
615534
302148
259200
31669
474920
751640
947731
838803
662779
395650
381382
463011
991521
344532
872211
759224
72674
145504
670825
573292
521953
560541
384612
944442
908464
454959
740570
541608
523683
884907
724294
295049
737970
655300
167359
582946
732725
970806
870206
590688
139098
301496
14501
993252
402834
20947
436631
675636
355423
767896
909499
850738
696451
917605
149491
264865
938322
754244
175069
910997
343864
309945
998192
1200
302703
916465
628218
763932
210419
914933
433008
277237
556706
996505
477378
480562
90783
786527
322545
715681
883889
959563
952752
157640
686862
459686
949093
525598
967700
972395
827151
968880
818423
383551
82352
429660
741444
187747
733734
158211
271793
65911
787801
912201
435263
93365
777556
729873
816710
757948
792425
599347
98867
96499
771610
800750
880994
458095
803636
710801
776453
133771
537931
851082
592577
409605
308414
483731
5121
935611
560696
221698
128999
580451
68365
14073
84521
301783
352463
101115
451978
624689
237287
629682
758901
447846
436361
59956
191706
489906
77693
20047
151663
36356
101188
936005
572757
603430
639901
190852
426991
788428
958447
384191
61256
916740
702020
310492
960169
173099
371117
399569
349809
680988
486584
3291
787198
601199
188204
126942
192960
311710
721464
79559
322314
694920
985091
255872
597929
100097
899666
34607
766774
386060
345973
605389
431146
12273
375980
884150
592442
772017
135868
374229
278422
983098
209091
952403
996144
95615
884142
747318
147543
70761
485470
636314
687049
995555
220167
119894
169828
798695
334974
397457
426132
365993
448395
980259
145058
527665
145481
200893
792959
179920
428255
102403
855114
930214
515306
463435
585394
4219
489153
430980
335682
719210
521618
697419
555267
446123
380083
450326
305120
9203
863073
207026
23090
347360
583501
491692
647798
411420
576636
267299
102282
483930
762109
757793
281250
630317
413998
521236
799979
862900
607110
895957
944285
712973
811699
539328
302221
683585
36697
836719
668596
439045
812221
359362
638886
123754
84188
621331
733863
237640
483151
248777
214051
417895
221868
731490
83365
353496
781978
911294
558864
838396
923269
534855
148887
732642
336426
186572
850704
463221
516849
401012
269810
7605
825211
530694
5918
44164
330467
594681
658905
959783
935677
806562
968307
770062
688975
18613
186635
171411
802419
242462
508054
982344
226763
225584
949909
389083
619637
494980
314104
635668
77716
736224
121669
333350
513833
207845
84879
692571
612546
610095
484225
681462
90868
415874
395142
624166
694567
901273
483933
287562
868851
631369
520677
725458
413822
125302
685564
721844
504074
996953
520738
676476
993469
733294
600686
178866
300246
84595
327897
712742
683048
102860
820897
979257
658983
953504
248246
264521
52162
905378
626378
588815
938345
475707
22348
660020
473484
348310
207220
139109
413646
761130
592871
698238
658622
159715
241602
982705
917389
580830
973965
937420
746127
745297
375141
407077
387748
677870
711830
106595
90423
244119
240540
752791
535342
638717
698855
39037
804744
9216
545712
772134
492170
973357
978903
784152
7004
301357
226290
331052
835699
314043
58109
764944
115109
396986
925255
550731
959644
761170
830245
107427
922388
162419
190497
909672
554303
315675
775612
670589
298702
479819
873539
519017
267298
152790
478178
781769
181451
728876
715792
521190
359738
318051
805234
813528
154717
156326
346555
176173
445903
939214
907643
48634
574892
644637
955647
361210
7654
467109
963654
391159
699662
65398
495421
495747
95487
466710
68671
182424
285513
703655
614030
294671
42344
271172
260069
728520
157067
42111
198833
546591
993728
68796
622125
821899
676595
1027
501922
140037
558385
111551
25156
717089
229439
652201
619224
822440
442610
586084
738246
274044
412333
949566
413250
964326
580537
846146
245202
204510
842810
695581
539157
446208
853975
738272
322334
311305
860819
333224
790581
941315
108701
206410
150117
207743
338384
506383
109799
461813
653676
984239
434637
554373
520575
890613
544623
3439
395408
767389
428904
634482
86106
742366
593285
946249
193874
318687
327412
83201
436440
140589
380600
510868
517561
964753
585431
978792
595615
553896
825878
448529
252277
274144
522014
705287
25120
44391
27361
74263
338637
792654
32413
868977
300704
68485
577909
704109
657349
901560
418517
933903
33787
795678
569915
19962
59710
316280
750810
323390
751359
161918
415977
825636
410983
851766
196139
903067
693546
312438
248548
873381
507034
303529
228189
804035
206195
75656
645521
930999
211624
381335
158655
918899
212008
279979
704185
938704
856345
840111
813938
720325
610695
907915
140924
518685
567692
196424
624927
904198
84790
119309
113982
584149
716963
328012
827850
666134
645778
969760
198600
108041
224192
10307
18670
606619
103230
384217
144315
700570
219223
16386
580283
653039
638640
38634
963742
946184
39552
988654
668035
5033
799452
646242
796810
670312
274242
500303
964670
932839
7259
152800
69892
798707
196039
897247
365256
490115
529978
359202
224201
400740
275521
391060
370625
65721
480742
905872
959183
642926
803022
448726
507322
687216
358690
656170
277994
772950
732465
580468
944496
164455
665115
100729
569606
771474
914580
874497
131187
836245
589707
561823
809237
603497
148571
319568
435112
730410
40478
174876
165253
503552
346216
514061
405906
450334
507600
19705
353376
187012
68546
632193
219707
296592
535765
993702
169074
423588
886491
869557
555563
382578
813692
909101
913075
786311
978848
966819
875763
325257
368945
402954
400403
380336
866501
500061
100031
920553
556936
58506
216289
349895
224230
209966
186851
894323
609786
846052
404184
77637
448107
163795
690218
132421
134802
400224
114018
934777
882095
663068
23351
596657
316221
244968
392021
434394
286631
838890
880191
964174
404407
101414
394161
427654
963210
728388
872895
372440
638521
299123
976602
185865
917817
120975
328577
585788
624360
386045
233263
842149
336871
973050
171377
718849
313587
239561
581808
946736
329792
270724
200630
697635
885584
389797
358507
388432
275005
357201
911860
356914
339906
36237
52038
42973
957755
507875
982610
201710
652443
432732
8496
397681
143033
487311
330422
506447
72206
738744
642541
568415
352474
110
908243
588515
954387
880728
663400
102868
780784
500631
690002
918261
869035
913062
656168
659320
77880
277995
5462
979463
870413
260369
95888
415172
53771
40722
544550
245375
455341
676917
984147
239145
11838
559516
763142
352003
356477
75235
990876
703330
876031
44909
630832
175479
312204
303485
557424
474956
333458
446206
896056
140484
678284
326375
661583
43877
296942
826611
195358
247100
88021
574750
324621
1584
579239
145006
154402
93900
695307
36717
996323
702012
560473
993722
931270
118809
842582
226122
419586
25579
412524
346359
143436
76340
178854
645914
20856
247667
577546
320755
231638
691539
176721
928454
738295
870109
486428
596465
600563
378979
989337
680566
66642
869042
633848
641334
353721
783873
758344
811350
59885
908449
928968
512895
88168
34870
959255
223390
258419
70800
62429
194451
691096
666656
921477
139624
446188
754127
513399
372751
716371
946901
125863
322334
722677
732387
408242
642242
919924
547854
725894
272584
537934
132704
203182
860124
978328
951274
836657
250540
349708
620583
561117
857838
819751
878793
908457
234010
694411
467670
181592
373977
168753
230929
36514
82583
431498
200078
840806
856892
510897
830490
32388
512654
788695
835740
636775
446589
464426
10567
543643
226847
472259
116976
196432
189541
893948
992426
749290
239705
410963
264485
910915
538820
367004
387402
566505
546542
635679
914523
709879
238988
15392
849326
881250
987765
253682
439752
17767
630831
431773
994022
750505
57300
265746
299687
130696
723047
247544
529888
385976
153615
791035
214158
883878
548794
669361
832900
737142
601051
807991
715718
519446
961405
307307
240144
226803
187785
660557
90710
921992
458562
998364
683639
627949
220123
417947
449230
638547
785479
24567
774820
629644
387763
927031
451070
214911
344588
598887
947558
411044
48295
330625
2935
518942
597348
493279
246983
943446
475040
37259
127858
260883
932584
779059
495914
196143
931555
807309
905562
223832
225685
622622
234157
556830
817030
684073
135662
503366
261995
482917
119741
540078
955668
113622
887527
945467
19647
839505
617859
932546
202534
437466
446954
122341
482188
879707
519133
148393
587535
860701
749568
80343
974568
803296
278182
612167
993154
770888
326875
567533
497235
604548
867501
810269
673019
129559
785471
526561
280358
55966
977935
388125
675981
27223
693267
857026
394834
355023
423087
235528
256376
475556
448800
195411
846904
324286
286483
91307
715559
741663
332330
402116
180166
537068
739021
281306
357451
679540
769685
334560
701892
285748
114067
709693
169850
578195
128946
792090
630852
894798
131579
336789
348554
659046
411648
795725
163945
91528
287563
992814
649492
2379
900045
186482
140232
261537
668174
500499
304883
702898
666193
521420
168833
240358
904622
658306
788354
407314
120091
441692
204975
92352
199737
701209
364927
173565
391506
245842
821710
534359
98244
189734
698966
289787
296158
181322
80574
773042
650981
454820
315814
597500
841984
133232
858184
455192
869663
844834
173616
801462
826285
698565
309800
811891
676036
154101
466691
383272
975816
186013
221172
833799
630620
327904
550618
522958
355004
226456
600216
426455
207630
477538
604126
637367
260270
326963
527339
42563
647612
846409
953073
594665
149437
192731
261745
418978
761363
977597
834559
657016
285853
573125
25445
638089
397418
394505
176070
184689
458145
545623
827045
53595
902461
861191
52115
534607
510310
163916
990076
892425
904497
39440
255728
486342
254667
791011
778236
108655
543781
799869
668544
509202
304957
238295
702363
254507
824789
4969
949396
840716
212113
348962
426979
352888
773763
952762
475292
967254
935586
377066
683343
9198
75878
302773
128116
348490
149496
195481
186988
289551
227208
370272
488183
241824
228027
387590
169566
556381
433850
851301
966420
782149
305522
55535
540345
648095
487498
318484
574661
396492
478385
873731
247303
795847
330568
904098
76457
33427
144852
184727
840077
743825
686617
335932
430226
635822
284300
979237
156870
966385
337024
4681
727619
463269
846456
761212
881101
4430
228563
306456
729316
992346
319958
193886
496027
640409
526565
799232
503935
926553
77279
120002
631800
512611
266550
702767
699074
675894
125702
557781
354298
276817
830688
771513
527868
706970
48737
748179
368318
953078
916559
588867
163542
167157
666331
35091
769711
665709
986101
739016
476013
134764
373871
333622
592742
730228
246033
716029
437010
242526
32048
809966
464370
344133
617875
324796
691764
31831
681000
990675
56773
911500
587529
752089
269640
176873
213382
339023
958864
538369
220170
294537
83551
567104
680599
20587
696518
77090
139426
136644
979206
696976
399506
911382
872489
291137
245228
13919
598047
374415
476570
941395
251537
277732
549994
261852
926207
161068
862772
898317
808800
138961
432037
719894
84102
460414
797585
813743
860708
34278
227272
956601
931095
251669
622807
21649
681101
186745
839537
925195
715747
466052
527469
998509
866758
137886
834901
227568
388609
211233
602039
846826
976864
170258
542212
70380
111948
563033
528318
646676
997703
32913
474348
525166
220391
801754
90240
654084
626014
438599
876579
861796
855354
72072
929779
54416
371034
614585
527032
761714
65372
7072
773344
616598
29952
751422
421389
938518
809125
163995
294482
571378
162975
530398
984755
888813
738659
465135
835431
384442
319753
931090
760207
392323
149012
312353
948391
690924
896231
269277
893304
89815
502743
121063
367309
526936
408657
174681
920424
17315
212667
703051
913610
103999
192475
746446
783798
121629
317505
871693
14541
263595
173343
605085
860210
800419
922538
814400
761372
398802
88853
68154
566061
21630
903097
467604
769473
200450
172787
548982
448000
760179
475874
256174
742554
418883
389984
421959
466792
84242
992547
782428
954973
636783
981155
698105
973628
59935
325011
580610
245433
107912
637291
370682
832551
371687
8414
595351
404939
474474
971818
50552
156603
199207
510627
194811
126819
468293
801296
132118
585557
398422
738121
652806
675554
3039
648980
504597
42389
215999
403292
48375
889759
931070
523019
357096
214853
679646
690014
243772
522878
628641
877041
192594
702846
293083
770667
511953
361417
639610
678065
554087
81250
431981
299531
501388
641897
510340
546338
985782
792537
955538
686554
398535
983961
844188
47775
395865
742690
527885
721507
679538
552593
195469
835835
987429
658116
410276
154826
856579
57869
14105
928448
441801
679055
48502
275142
496962
902978
325611
933562
898937
394390
654001
933252
232068
929386
29792
239620
479454
270037
787118
231623
769864
765889
132125
787172
380710
720770
86189
347682
113646
236484
160733
5498
892166
376661
514520
672862
129563
114619
670410
325108
694659
997608
206451
67596
708892
197972
434329
886579
443835
182633
733470
916381
77433
399717
363950
603104
286468
806742
743728
426164
773834
332478
900441
978484
981416
699346
41908
834974
225588
324106
725107
960974
851997
333275
898611
485964
525531
401213
802582
836232
189438
733800
376514
587808
881601
693817
689327
660465
327725
684101
904830
144554
612692
800444
504104
27728
725811
554800
279123
193291
994890
317767
833469
171476
38010
247195
849225
904211
124564
158990
429092
656293
522929
618075
120631
853143
169616
812626
610942
770815
579293
677241
739555
324386
648188
313290
859042
869280
948086
463449
241734
474088
528134
905411
830129
870664
752523
985801
561793
407645
81256
248623
715062
675000
516608
932763
933649
175698
625144
408086
418719
698201
997967
849821
47904
468807
31288
821049
613298
982927
716127
757985
319808
433451
235223
744360
790583
31482
408477
626498
339109
822895
715843
980023
520033
417652
336560
972903
42570
260943
937565
78971
551569
837714
675618
591973
705164
298974
572732
627324
157075
642638
498195
571190
466034
564667
518457
822958
654449
428833
769165
728292
765846
419236
901892
459898
757657
901872
254282
693744
890179
425545
103675
858005
114404
813804
769537
986439
125448
594317
184817
786370
361989
640823
638699
337733
778680
94464
946586
40311
78536
105862
630146
249506
413419
336084
277002
551083
566543
582360
606656
74557
109490
529182
696437
738192
559400
258387
737013
511525
498815
482649
537569
904108
590987
37154
509253
572664
790549
547227
182301
345018
874395
233662
90042
898303
95192
652853
553592
436767
849587
299081
796834
822683
800087
633122
284177
703263
445874
320790
637591
520671
829186
24757
785152
134114
291561
531735
774190
381849
682289
624439
212539
507032
863922
733179
587520
977727
627276
65613
509324
992268
466308
118914
224897
354189
46690
327289
721084
451675
424600
152074
409938
611391
438857
588972
73475
134959
21116
328670
24479
494496
309501
510546
926277
975460
643711
874783
161519
174198
80303
556788
963777
509785
762876
789026
347434
627121
47998
74123
26359
884668
835420
338308
238870
76662
97034
434500
51074
900047
778289
35593
464484
185216
248449
629362
596281
742580
799023
652266
131803
864193
399480
56651
597378
748638
982882
185172
843195
818982
313696
504489
615074
523733
349861
908244
111756
459249
80044
889360
290360
158754
101731
507181
726983
63307
907934
552148
829068
822262
466204
392521
462760
476309
897253
190033
442740
490402
707190
788100
320951
491059
324476
630113
811163
984882
548762
316808
877691
808914
596245
828092
951425
625994
122162
656380
733742
443565
310627
466931
921987
422017
522449
683551
347369
540266
162651
240743
473379
405993
22493
583953
84242
656665
119655
51679
459106
57562
157370
334154
31354
840740
428028
406906
909554
218334
436951
626400
271219
985849
798015
353121
272599
880550
57015
521028
288156
101091
231074
74358
774700
106399
58245
662583
279366
287194
735936
356405
597748
211584
547590
525158
779792
573366
116817
630884
359829
177704
975960
245819
262349
118323
833919
843385
193565
486732
3923
4602
479975
128780
523047
211159
436499
349847
734544
761098
376654
231196
963232
225405
985821
796334
72492
488520
305499
863960
719542
540167
58724
969199
574099
877424
756812
876623
689545
106967
481590
805397
13445
817461
469587
832366
320909
174006
946238
816790
487835
257316
954299
30106
833867
134268
153419
355700
691669
927535
860178
98910
837235
817315
55086
17079
995452
882957
304513
851574
867312
554721
342833
983372
267946
572144
407921
602894
499854
192472
795534
357523
846962
344663
892416
311814
123243
872126
51873
562434
711083
417184
414899
886135
266707
432082
573213
657173
79653
511723
566770
59566
320176
542791
215644
621073
428335
406849
770967
965509
186520
836991
462349
670032
700862
57841
947814
378930
335161
511883
877740
205149
49546
214139
818349
659991
581126
81282
285789
326253
384090
926873
972683
989161
471735
632176
653441
406481
222091
123222
969245
407850
911910
607983
391
334056
772592
333884
29550
127978
480474
484883
130634
543223
545517
458681
911902
365183
374788
927003
78716
960723
433938
848645
396484
197003
370973
12849
237075
984598
744951
990882
253917
555906
134228
652048
48669
550215
718863
302217
264524
532592
894065
30881
500401
456274
757985
566739
838245
949734
711465
831584
569581
848155
967826
509552
148031
633334
461320
390335
401036
319897
953158
614727
23493
388422
997813
565778
445926
523304
379737
245883
777510
760103
67050
982283
347175
577149
13161
119566
357264
69406
470112
927608
673173
208097
321364
170183
719163
635218
644496
417826
924730
494634
160416
189159
715787
132768
379735
519891
103116
990170
250243
539128
104747
36785
968574
707942
982098
557645
663193
515369
42865
680386
191147
751860
637216
393571
194107
149219
958163
434827
613784
678567
402784
120473
855482
493458
434245
318262
429254
53350
658717
377813
143134
964647
882073
667419
790688
931232
202555
289966
100805
883902
206329
142816
261743
52286
108454
498981
854052
441853
205348
927285
838801
185585
210227
373040
625524
325525
224048
73849
911074
314132
69306
947134
459012
550635
908311
996164
740157
461745
335205
30537
306096
42860
262735
393847
740078
288398
6871
224897
727553
180742
478473
270266
886330
804279
605605
389081
891907
679842
198833
342476
714772
85564
472155
305634
143640
274277
770493
187655
576114
722439
892812
495549
446125
933828
360840
723991
879245
841667
987116
382314
421686
322947
412037
513457
802597
592668
781123
426550
272766
949091
51319
340470
958769
416181
569381
85039
942041
255457
341239
108485
677737
430332
370887
929858
584307
175789
637476
665077
70786
214533
284997
939079
746572
355634
523334
551196
556346
397098
796315
424260
484803
203014
984915
313324
857528
157875
885129
422514
949370
637965
655433
731178
760273
751628
379368
299961
101393
380206
212343
9910
148272
548712
675512
956358
152673
447744
161488
417805
565112
84129
745484
632740
7507
170125
579637
275970
432161
226312
307313
296804
363220
534640
66870
252680
171337
218480
871283
637662
817061
849754
275688
614756
505131
305012
823715
468291
386397
357593
746400
83143
351965
790899
297043
539627
34671
7363
391650
704888
797767
127384
739875
250767
530489
816835
952755
753579
573918
500037
314667
2826
380096
641229
374642
495593
720392
122437
544654
141996
83986
784866
581118
1509
265564
125408
978280
25984
63474
596737
906686
310306
978324
634561
259101
805412
939591
590744
908174
775258
742223
394593
900902
842735
14060
749431
931410
973408
917736
770407
971
90556
260422
340564
87379
196570
61836
812087
547334
287088
130282
859661
846425
457688
450157
126934
872056
215560
885820
20416
101878
603131
554633
96480
485429
958904
69352
916140
222293
396624
831194
221703
861214
268750
563381
447031
967487
890246
118299
685821
131529
87079
364045
243200
238933
895046
553144
88014
569651
156379
157218
373651
306913
237949
38816
421523
261861
245617
261142
446546
659648
515756
767924
699498
841187
528002
755364
880388
98695
703302
842337
103416
143577
260371
665290
324474
425046
567736
193694
542128
45928
595385
347902
89576
139989
417372
783488
133921
567026
963208
182367
114653
242879
858755
785541
501334
644893
325823
796656
293527
839476
826327
487982
188612
887158
615442
917443
417853
862501
189993
759152
434932
304889
472753
893283
367356
903288
90995
27335
507929
713050
392278
912867
245189
931865
641673
932347
657774
36722
646935
284714
416270
607704
480828
527063
988371
460544
793517
217876
869924
820846
273514
906537
657849
210559
892904
482272
280455
492693
770025
476086
421360
791255
965186
361831
45102
485953
687834
85160
499527
545661
156210
793872
762812
181963
680785
839391
589257
445228
990356
522981
191141
970718
461297
678198
82611
597073
911503
471198
892857
181914
824966
717515
37296
399326
42632
726730
366237
381546
511655
677370
433139
801232
143408
552087
634454
87829
256339
74112
573346
166512
6193
176261
474434
245325
299041
55624
847091
163490
4197
847071
566923
521296
956483
999365
366826
524161
151890
911563
288096
350653
667624
230762
214701
720550
34627
702006
294762
591744
170384
286984
497296
517818
469146
651718
222722
381910
212401
378147
274424
697528
785106
119029
806744
446697
919444
350469
589893
598026
432482
349509
687454
37760
914101
466935
636843
268886
631776
41077
377670
394800
930933
266474
310448
373044
861504
462846
577814
412677
812753
947960
832826
979802
382007
832203
413247
957096
950183
256419
265372
155946
47871
30285
639778
529938
194477
128530
449918
987879
464971
445040
285942
565649
5228
716453
104824
880625
697704
205934
197648
532301
59853
982650
309646
470849
231910
341509
512492
168598
478985
181045
743418
686043
243263
308101
653984
222730
721329
76023
406214
664285
635671
163515
174484
407522
942549
433842
855437
749399
237475
22423
271301
33609
35547
198107
195362
389217
810462
213228
7008
394943
746958
934661
402423
909850
722348
358154
929625
385005
602356
421315
491088
263793
103612
278003
932166
118800
163900
520510
17145
661991
127341
902224
663140
460647
253452
102930
832463
584367
616307
385386
964108
38137
71961
164361
403788
531516
184150
225158
983930
552080
327031
417873
345994
492478
756636
626244
628722
134628
991239
763316
386884
490370
516828
826998
593116
947481
208819
888255
988655
308110
285138
650173
711006
499636
716514
189594
410160
979528
518468
578927
328934
772781
93587
5657
846632
603168
871308
23512
39809
470407
323795
180322
311406
972631
966084
238625
555181
455604
789722
841531
294046
782217
81613
611464
773258
462756
949147
442921
567362
432967
645448
142979
528022
549176
711345
523998
558713
918584
956295
983901
389049
792034
479409
229189
62432
996623
40267
454016
633602
701225
44481
203981
146992
310654
346577
289660
323629
453117
325972
181622
184359
774986
954963
676823
610803
69838
332909
55614
409084
298186
147741
819932
912450
804686
637371
140911
388988
983011
129614
669763
718141
79190
825634
253296
73875
168242
279202
639713
249513
359964
396816
931766
196117
644551
272890
234704
838153
364875
536487
131324
562979
428252
284284
752095
140411
969242
920762
497103
764428
856542
458310
479790
419175
883500
616689
316677
396347
912750
578360
447052
144346
721881
953661
754277
2639
913672
133430
228522
663996
870121
607301
441333
773856
271732
661212
617118
637004
737853
828732
170073
106736
80847
740882
231240
975005
634511
910763
749613
354709
993619
464592
971427
545551
538483
891166
310156
804097
766704
129556
847933
699780
216952
688125
847653
345175
963893
857482
885101
560700
533442
851045
840004
565950
859636
323014
555971
617124
446186
828177
219186
458801
604465
653001
851245
270024
168806
618498
909575
917750
836603
797004
328631
495943
165597
360117
792930
396324
20649
20694
262648
590430
11620
246592
132746
606277
885333
290502
880149
383627
384075
735881
631666
806863
693505
234889
127265
315860
529976
565392
461601
274275
186182
353782
529440
753992
755401
407791
185385
882028
446254
744392
530133
481750
72076
329580
683270
37578
649023
831345
816018
603889
997781
323926
595766
118564
957097
578423
749533
474508
32979
178801
48370
594095
968502
62938
36357
599980
87541
926333
834842
389715
672095
356035
225506
893536
12699
521095
759536
895676
967803
207710
318003
503040
395712
591329
536973
928324
424113
178122
875043
156916
167110
827561
254529
66851
862682
443346
615468
955648
443547
404651
713690
597811
213403
931416
735354
774661
504173
282923
680111
300359
848492
338527
715193
500645
298851
2010
802015
59197
169103
652601
899339
687447
227658
895233
37132
4679
176734
420592
718024
30022
977810
867773
295558
284007
17917
698356
461366
888845
233962
235409
175957
249878
774638
387435
796561
642196
902392
255968
69285
670209
593065
997680
79648
704636
548281
75704
506779
140871
371200
773212
249450
569452
344952
178256
644521
855334
492290
700393
531163
445145
442640
38777
202379
118672
861720
428039
354274
406338
584399
109936
621386
495260
682856
80584
585385
363022
115563
691712
96408
924156
121322
785801
936717
64258
896508
551337
916681
591784
447762
294932
797058
905012
255937
47106
493240
136455
847990
332830
548645
897558
404145
648348
726584
962242
209328
146286
253136
814461
186514
249201
503100
886687
721004
542079
950481
732472
984427
193059
363008
445545
133646
979962
910650
489135
929828
163018
158327
934588
982734
793913
123341
972492
514199
656316
947993
164422
587500
107534
13905
229818
622469
511379
570985
144648
970903
544706
775559
219356
397811
11843
459039
658308
326149
554717
900391
760399
186289
262038
264456
435839
260350
627261
233156
877340
709406
904504
729359
653758
937915
985455
136857
424212
277657
244158
317682
215553
234374
809621
616222
292856
917480
86281
686668
857670
372753
810271
933926
814337
208154
838626
163758
693321
843416
903686
303224
821013
503438
704105
429734
453320
807253
646623
661011
66587
650718
932174
948807
610200
176898
775844
205569
405159
65840
718703
477158
320282
463684
823680
243869
795993
159394
960445
256980
64143
663623
676554
631097
208890
844607
215808
305228
117672
970968
693482
368414
933311
174052
608908
287348
513870
645409
433397
34652
577477
308340
237680
711860
730725
442429
591585
797261
427882
966221
285786
441286
843108
900880
305391
105192
11822
213648
65128
163505
863701
49991
969312
763735
560308
300938
474299
446784
269825
865380
463213
964816
890860
646366
641308
520956
463529
251476
544023
98240
527584
886818
76659
322553
90609
384329
781572
883397
9720
491876
315918
201351
401465
343765
113429
677345
699189
337304
580449
149942
904800
400458
837118
43852
899399
482969
833850
663002
390909
806005
595067
53821
713786
498776
971679
344968
990913
193626
715107
929567
187135
238634
533293
650390
918435
256425
237156
812170
74993
574806
242900
135510
764525
490276
13365
772563
266724
619161
190001
551794
948080
401653
737075
850177
67375
688819
896480
201900
946763
259526
273990
760932
850219
962478
998948
231052
64495
294512
598719
263187
742950
592546
71022
940690
891313
602949
845044
953940
801764
39605
386829
122973
437001
39079
818184
355247
656497
102966
940538
450398
983478
665848
618567
428790
368674
355295
412852
818128
237186
999912
34724
199547
247188
576357
322382
640912
233304
555557
870727
949532
421271
645644
34611
709011
683067
999459
58068
102896
235853
978722
698740
96389
970360
802107
988868
78762
258460
698975
475215
843851
551436
74403
675883
164558
570105
452583
94366
602009
869528
449324
1706
606449
737511
550671
972743
532559
143751
268371
82479
234721
777424
747123
998130
227231
404385
721408
713851
649129
66345
190990
31593
506451
977014
962111
433057
105839
527837
549525
924029
236538
790079
913531
112602
914687
715220
925753
854697
63619
254720
464611
974967
899803
399475
437662
57495
122367
34206
288309
773094
128723
998655
193445
312222
716996
935855
393007
522290
197867
512588
745544
717947
29900
497101
422382
328235
525493
60705
651866
943200
393788
300267
305404
336143
933757
323603
275131
19888
224151
57849
395216
852841
630778
554527
154474
392378
289109
371296
923698
569913
268207
771634
9117
512307
896139
418367
647410
665643
168275
73166
983179
18479
128330
21166
682464
395013
374266
881943
552449
559050
349731
983043
357944
394855
66367
897918
443705
299717
256017
397780
103841
118382
237695
195981
440467
860307
571625
245099
924981
893934
769401
376413
476507
258670
690255
618586
629022
609256
104816
460176
139911
441185
62219
704764
355373
393468
345457
537544
745253
454066
59454
170923
127864
173832
104060
257528
632908
172570
687997
861253
624352
280640
726293
642061
120999
242696
51953
477969
76199
552852
259944
916912
558526
632078
452073
84868
603242
521259
243847
292606
151902
858341
305375
378001
864498
724153
902801
478
231436
279121
18401
802421
623812
337169
424058
391865
905009
900990
577588
473102
505089
275433
510351
912093
188812
796108
426586
979842
309243
946421
240417
397920
518015
778601
722337
849280
89307
801594
490776
246076
443394
232205
52061
382017
379071
284403
154947
595674
821416
739568
332323
785812
622443
275333
35377
883328
955490
603930
407376
484577
337303
750438
732576
382562
619592
73903
603781
222580
354460
481655
488603
943734
255988
395136
990575
875232
189698
49489
881751
451670
41191
116374
234955
47185
902526
60157
965812
104151
102860
74620
10316
166483
845372
129655
955915
278638
43690
108798
593759
116688
120278
214045
352461
985207
473751
386227
411016
232400
350246
91478
107774
680288
558626
798328
692673
506638
670426
898857
563599
585579
713917
913523
588406
760050
801190
283101
82644
132279
165824
322184
949648
427474
347401
890060
117688
55117
282895
248502
483396
511144
273166
244226
315458
428745
648574
295915
135723
59370
216700
601475
138823
656429
26690
455358
676554
870053
408720
550460
126281
358078
785360
427397
306977
795107
264040
150493
382091
422926
207111
50020
19494
636563
627509
36652
611745
51314
303175
657451
53867
814002
875789
556216
963640
594195
457210
735806
455722
64551
966454
724023
954617
940852
157688
700286
29410
882775
845727
905883
774174
311530
616466
618640
498836
138981
954589
377618
990995
842766
203340
569018
114403
112995
367986
246828
872120
628425
961477
206541
939131
791663
345251
500370
8184
480867
120694
975084
438694
57081
208927
935271
597957
900473
500477
952871
791240
794987
10155
204212
262234
410024
350516
854647
264579
781556
994892
91659
820342
13395
731985
257137
790234
60247
558832
528775
811
515617
24246
128959
387078
80985
13169
503250
188179
902291
626017
501471
184283
670707
839984
723680
112763
182457
590329
570095
872064
720876
816890
600579
286391
712056
973166
304503
551063
432388
826623
59193
124860
288667
761335
323662
99433
804414
946006
48623
195851
518678
282265
587068
40406
572156
951335
55677
655502
545649
728644
464232
753909
750571
443528
323524
968880
246500
931185
71571
136874
579379
881495
223795
178969
248923
928635
504719
902810
750876
601878
80913
122586
237442
121619
720187
136691
73294
259238
637812
539100
255980
582045
243859
947886
98294
797257
432243
428809
492511
670652
263282
190195
171286
918268
936554
746861
643048
206237
643050
191354
209529
571798
132092
434313
814782
722961
851325
227234
221245
397060
278028
318179
736164
501696
118620
173373
833281
336526
889893
817865
373723
741510
134005
321318
394255
955155
278221
403917
122610
280271
557428
263683
755690
240441
428591
5127
587869
280146
894546
461383
176851
380099
557566
584673
298020
494274
507295
638571
599695
516201
806251
669364
59439
641710
79552
799587
700199
377270
286495
977464
847648
794280
383725
41198
672481
342109
591558
20738
935406
985951
63478
308267
113294
721312
525091
744513
208531
942059
653386
386092
389878
540771
334371
801423
855020
32499
639661
376786
5601
405092
802710
305604
660936
774986
848556
841506
197013
340775
201946
370978
111660
360563
145962
185436
917763
254511
125216
804053
630392
676448
195469
612526
981417
254572
472303
430296
745037
615591
74509
38222
655859
833408
910492
43555
368947
505997
821727
361854
462255
150304
725217
721847
468639
96471
494407
348401
173453
308252
863602
189088
343761
801300
371252
958948
292003
319734
242145
91918
773080
535019
523228
170618
355169
933852
984090
63655
727168
797371
31957
202151
833791
996103
625454
933592
697677
7788
273543
321933
588137
106512
665734
275367
1829
16514
668000
545816
175789
38328
888787
282655
490524
433566
226576
972938
792367
766939
715989
774790
645826
618664
272872
295960
492089
849703
594348
139257
598763
329287
784218
282329
867444
58239
485139
173898
403716
424158
918838
276404
264471
532963
481668
29275
727328
737701
325546
869727
492746
505688
474176
565172
442320
193156
892536
551486
208125
293427
246001
341202
257851
127254
795841
803745
784488
118240
458630
947626
974933
276205
782938
701869
455817
233981
75992
536268
670276
105160
379550
180446
365504
813239
319092
416055
760422
114778
732873
825088
878185
139765
358618
422277
811366
248110
799528
71880
272393
92160
858973
236306
630683
882114
696039
587435
309717
418740
983754
116920
294892
864301
427125
440054
114266
476495
370697
670856
898409
579682
445547
565127
95121
331726
857607
887580
658565
827328
649202
996092
260356
948362
98336
284143
514146
124422
869080
813573
536622
113070
232844
33081
813721
21678
719710
38212
764446
145527
857418
977054
824766
560843
595286
935681
940692
230430
73239
119905
482011
809316
260960
578153
867927
213085
846553
807042
617165
492014
273170
844893
514543
855713
284403
300468
221627
699356
766624
257531
305062
135368
881478
613758
829047
222872
476271
134179
894067
936445
701663
183608
548376
621867
345409
188507
661454
603944
592092
612506
903023
875461
717866
571649
668063
103611
682988
521114
887269
124898
278992
306890
465280
494082
85023
941935
605754
112233
140390
582470
704863
145883
575111
788066
654855
758719
456205
595696
908259
649369
436432
513262
309779
332377
845715
653067
785327
673325
996802
206216
299282
340065
72539
543424
518064
988182
433417
802352
762427
299824
225930
506684
203146
767230
584944
804866
797813
900484
786370
278934
916441
921359
42460
636863
280319
994270
339450
902026
404167
8103
485525
538620
898190
84141
643754
120489
28399
880942
714676
548289
113791
421639
506554
369856
820019
201433
440153
70088
799049
33173
608101
333281
342005
105322
674389
448361
75751
314724
878020
933252
542550
824330
659251
175358
397421
274755
844223
446250
657222
324802
168851
827604
596064
814754
882496
662711
505065
251210
530138
424950
604832
310263
444489
920394
846047
567715
879836
652048
243863
484690
279184
887310
696180
370701
429013
324311
322976
196907
59314
790061
385253
104340
2292
548584
6237
40165
240335
112829
331602
661515
122339
36484
828790
900625
944003
334310
116170
535399
73432
714189
634648
522613
34241
537958
554489
779472
169117
893947
583495
320987
440282
271465
381673
490645
606457
722321
82889
350754
430405
846392
954115
919470
580620
367137
74714
716341
7101
465538
672711
118421
592429
240145
273040
923495
68415
105596
79497
125393
14299
130502
213363
160554
606989
984677
33780
658801
525142
627537
607728
440022
595960
933810
590812
313096
829769
656370
572416
54090
939882
112163
816510
813100
186623
64575
687280
543419
908966
895543
286052
612794
370849
719875
775624
943752
77223
247316
807364
838236
347377
38744
152526
225884
870409
460176
947065
181942
405013
104425
108194
433697
816127
490266
818916
477073
57841
913145
989695
886813
144058
904099
463413
738433
402185
673894
676814
447345
569265
467768
786264
818343
700193
743763
84499
69230
162295
434745
350192
105604
952547
76229
694460
911524
697804
719704
324360
207718
767320
758567
332184
619990
991858
157463
129260
783688
700210
818366
796510
84167
488386
589864
33757
748641
148920
571224
996468
503235
29236
452116
128121
155137
857165
733078
539660
488618
913946
807682
983579
464738
171182
592524
86550
165976
174410
795176
937508
156926
369766
256298
565833
238752
719270
565690
391996
588925
247879
589688
32080
882194
41867
991384
13450
317723
225710
38406
194346
261434
890715
997361
564395
698770
747927
117303
581020
192963
507682
872660
20235
566171
143034
661587
285875
72026
706096
342599
246915
409520
446321
327567
71790
553474
820631
449927
98716
715862
184927
832964
599215
528097
992989
103264
281960
292522
617848
60648
449241
123845
674922
828026
81988
777450
105039
620814
923016
397691
984462
901294
131018
369646
739156
703953
916344
295635
834043
685577
532983
551233
857272
674728
726699
291761
172968
108068
184692
961888
461707
526679
629415
808728
68107
3359
429824
154474
125147
126631
487728
250754
240720
343457
640226
306547
779909
720443
217000
861993
536887
680396
349014
515443
619723
417945
557123
292955
276360
658672
216431
843919
261476
815227
482350
597184
878783
603142
307883
969027
742566
109322
653763
878800
922596
125542
738276
391733
954311
179740
968989
413012
505006
432395
763409
662116
908041
64688
13921
768297
343135
47316
129036
660050
920830
63788
527121
863847
202713
17061
426907
912123
412647
21373
307073
299712
575818
232780
825330
924934
799693
502438
696927
38630
470772
739258
13506
144615
939895
515567
701207
355675
227503
910878
430501
747459
778367
750604
237419
251833
712938
341920
262827
867928
163818
49373
248576
330564
593177
185818
707657
361337
96899
94344
866969
550608
536278
416861
957982
562542
272003
347910
167341
448006
895395
919479
800793
397719
744401
840165
44218
882017
905473
299772
331067
383057
301475
567531
569363
489548
998664
7100
199668
883305
794388
87028
289199
801168
86956
183086
510244
419428
176185
7108
250961
943303
821272
293951
824796
474565
792359
287862
970276
154546
766731
935111
853666
290990
185255
137606
955912
877759
255050
646530
542267
133713
288198
776130
707474
788553
655531
39103
464149
880736
483049
367571
785237
991576
972309
566296
161651
3859
582808
759361
324461
172899
17907
692134
497205
969722
329143
31449
23398
602852
581720
985502
12043
651997
848358
546949
54622
78618
131369
745991
206247
553571
776983
277801
648058
328138
484363
618710
32379
642094
528492
603156
420975
194446
751536
648805
971455
625478
126374
742305
60846
977175
362442
423078
943463
230035
338032
631513
142927
552636
196184
383861
459864
517264
794861
750796
966081
190501
699091
328745
432147
692368
796077
847325
238198
53764
276620
910740
701645
513431
685684
487290
838323
923777
821205
415567
321157
732640
92678
140295
7134
377165
133229
46288
502744
48613
378431
831712
986966
42708
865135
466525
988332
207105
451529
118070
799929
426699
406637
806384
510635
651218
572975
817880
125622
572539
113734
740844
114259
348081
907600
216598
36275
378643
587695
990366
72599
130380
521019
463918
987955
158028
475149
519810
115972
774444
693106
512874
190401
226682
12741
483952
842894
188615
673847
618743
778525
41847
384670
668847
851234
48846
740203
496273
963317
711174
224485
586320
85139
691053
842390
679371
617379
528192
901763
118033
952973
487637
625532
691539
621560
958103
477866
28756
453476
543607
677971
809665
914572
476946
370281
590487
898331
943226
64300
215675
957691
268800
783260
671582
895634
823227
110158
432843
765524
731357
329824
713632
269830
542138
216347
597910
394954
141254
774901
653676
536817
190984
580939
453435
780957
276540
222103
13489
776054
792607
308051
51424
621206
216297
411331
283622
77628
380922
143721
457158
829633
901071
255564
421530
667672
476335
660318
954796
567221
273157
46543
180999
941125
451224
741449
291039
709898
299153
18837
566136
772919
972086
252684
362071
874985
152000
780247
505075
160672
858324
53127
324360
236581
971024
494546
389813
302185
142732
389726
652191
258528
838149
422785
87490
340326
667839
972438
249306
821526
543294
754743
478467
906728
379587
278946
928041
942642
921916
217026
819919
718218
416804
711114
975770
371535
289886
412376
679370
664317
714072
197171
145590
621510
420278
309718
922863
188474
824877
512220
920272
265922
269857
783098
701318
164519
652143
24318
825458
551138
20734
844740
962233
954358
265498
835235
562945
587807
393181
677007
652630
951137
238712
36971
653733
322461
267775
304732
373239
930353
916117
35178
839082
566093
551704
99423
785432
653924
653679
580641
226966
80488
797304
954279
498043
397478
623522
10477
202424
810428
160614
801491
402365
161186
644613
985200
265529
63064
704651
298852
396011
258303
251098
743549
704588
371326
999104
893056
208810
135917
571274
998342
262316
303365
85169
910588
346005
644868
294103
294294
449234
350433
154897
757437
647880
446372
968519
515865
10294
208658
761174
101299
456241
697252
935972
694148
28031
109987
126510
569168
816935
548163
758058
197537
442854
51336
99291
434039
142771
281669
753822
389647
320905
847132
168413
361678
889157
440594
543566
487765
323759
325150
83610
749701
144835
611731
50237
656910
674300
547752
462699
561606
629650
434858
617317
543042
44529
547764
544189
256729
842503
290308
728989
245553
111010
796689
501369
799080
881556
618091
947646
204187
61879
94040
796604
808243
863320
154538
551259
470370
595390
148022
139349
903486
658891
561712
385066
924705
719912
51729
307058
28439
547302
105028
794068
944905
652815
949093
516003
111004
899207
190647
658445
475168
981970
724652
785416
466051
541439
184643
678096
295770
184483
244356
974543
338277
308453
235725
598048
17629
921226
661196
691281
717911
822285
513972
293900
85635
363800
565428
852073
103498
769489
568055
791961
949560
307581
129433
215219
393156
124121
450232
768729
279297
660770
648721
785889
473876
891866
642121
124311
135957
702573
410777
967648
415008
506853
926856
906148
38155
570794
792433
751879
27385
864387
852738
171861
834397
405924
365190
495690
499691
867428
833662
926161
609317
113970
215551
859587
788325
433524
805248
842314
592705
537028
403473
461645
702148
713297
733572
622694
247022
623770
559170
80437
570057
719595
860695
889719
932300
421681
617186
509442
471163
775118
831755
772636
948570
818799
395250
295592
282836
888455
121363
932154
779489
987339
982553
463934
926319
31217
589010
518339
71216
242624
283891
35772
560059
612393
515120
355745
204696
730697
303352
935282
336948
772484
922106
752406
864333
461911
894581
984692
554818
887463
455815
812289
30290
187343
728964
322398
24487
688817
154995
847118
928844
60060
805846
749263
846828
701448
235184
735095
524882
616137
987781
549879
307846
953985
692267
822158
350310
955019
785817
906507
795930
35326
270736
36743
806280
163124
516153
969163
366706
444371
127117
920172
899850
408067
51575
580837
567318
863120
75605
491981
61684
836599
985089
273171
885980
611877
982736
310708
54192
943933
542666
928218
853298
693370
359097
956965
305661
33938
171125
290166
982532
605605
577361
801481
940494
293511
527465
106218
101628
289622
374511
159538
547380
126207
615398
170962
665265
141100
305378
742750
510209
364981
380702
166814
319734
660879
2178
713899
758871
453808
947585
63408
297366
497057
96815
838785
541336
709918
546023
656395
673976
478245
515843
892806
135537
118506
897496
91152
96015
831929
229795
399102
358965
213883
894480
144791
611386
403950
70859
395019
235504
490736
20278
577107
299777
417093
702802
935450
881446
593783
971077
870023
685180
848507
801282
130591
577914
983603
933005
524397
581865
74999
985288
603776
165804
357374
665419
445662
241548
956139
86595
149971
425796
532539
850784
362145
407523
726447
155572
22163
258875
886959
298100
726148
290512
853810
783685
198783
727982
376271
630492
794937
123654
123685
17039
545535
997385
856520
522541
497103
556388
52152
878472
472636
583769
827357
494163
988360
517180
890247
465559
50770
200374
938601
721808
767135
496378
660215
995296
826091
510274
105449
457179
727666
234635
417506
245501
291458
586158
69734
265132
368417
317586
628597
472998
62826
236027
421945
664327
547455
122948
92974
636837
844238
245264
927844
311215
647902
47305
479621
166144
341462
793472
749863
282286
565676
585282
969228
652431
170060
969842
567293
106154
10553
134446
233930
100599
593978
113524
105201
294134
750165
198516
408918
171602
944795
637401
573298
831296
611018
245222
598333
74386
524803
832635
617105
192918
436069
26042
201885
919415
748699
156893
309429
527901
260543
878059
634123
72633
649184
327927
528133
102984
225997
402035
574508
928058
469217
769615
276157
551651
266554
628602
4537
272678
1253
360847
685873
269484
464401
791565
206924
335905
50757
557989
56368
361927
702204
456102
317
137207
303897
250149
618708
928225
667077
488211
900599
517376
707580
940279
736605
150249
253810
523305
165805
185526
851264
459786
637230
984091
658878
567759
702792
111884
86268
943386
891314
371425
592137
401996
904296
535307
947404
592777
843505
11514
551405
794885
65222
366940
479510
16311
414450
481417
437722
655489
640167
717045
510513
616762
116380
655449
200100
48888
676397
960461
729830
611892
773172
561201
236315
706649
302931
710750
807131
425963
762899
33117
997535
572794
306361
719769
603274
893124
617556
434252
806060
141198
965281
188174
211237
146590
898780
530521
977482
298924
771136
879836
524204
217437
142923
34217
966297
852565
812327
7688
814177
968649
470234
563441
666812
643480
835145
446538
644284
569003
760138
935407
318497
727071
189065
248681
694596
667472
318412
341753
305571
706731
899726
570471
299888
140887
329317
78470
430690
27954
762879
168369
777756
467968
998618
142005
793971
541225
769173
408172
161537
240075
521534
119838
44765
810906
366754
881837
891313
831707
507881
367190
733770
973243
421452
369800
941293
944334
584650
256662
242999
686123
722080
909402
829151
696636
527176
760801
994465
635148
503763
387405
320145
682642
390217
12952
852466
81600
163734
883733
1930
535448
587971
835415
318567
184432
613364
633248
901494
237417
264664
35855
954886
11340
40651
515735
152002
116564
732572
103165
838341
204603
804893
766801
265536
761979
473405
134194
914286
84804
329921
825767
512294
466553
990949
189410
986513
814676
533606
964737
192444
509565
354447
478481
304384
486132
147313
770347
497776
394607
577642
356427
294523
343488
291805
695815
287855
722275
573156
833985
781428
518099
478951
716225
311778
189785
443872
379756
933641
664231
943294
780727
470408
508083
788573
2706
624821
671763
931947
220701
976652
923340
163840
503032
604937
993389
183056
967460
923761
433631
551920
515169
332351
616786
517506
55899
897973
788112
872155
121125
148502
732565
652332
647373
441717
98153
880929
627527
571727
781698
18758
533583
124437
613400
430078
285504
413976
668082
359455
642224
447593
491492
14214
809715
599592
90528
132785
325364
901145
430086
848683
648390
537408
741041
617263
600080
865860
37991
996167
204563
604793
454024
102791
94396
167096
864277
633193
341486
132772
928991
727395
405009
301716
355202
772217
35459
115422
258822
544828
111160
726582
321984
72646
91346
564901
454942
401323
37044
616693
617771
889318
777914
559382
105787
260200
524645
441366
368695
715184
549164
41131
896854
693954
931636
127297
232808
200221
648221
985769
180518
549642
123315
913917
933687
670134
102610
17299
235723
846423
215880
226927
271218
739418
91034
233403
970323
730023
837137
991211
956599
708536
137071
326149
308393
128854
932969
819779
10429
570646
974976
551666
845164
378224
54283
30464
985720
695684
790236
101915
811387
654542
441480
679316
780459
776411
207736
517252
442448
181896
173808
346069
652557
794940
968582
72245
938055
840833
920946
750679
615731
901559
671589
775860
681035
477921
115755
373236
634895
503191
536610
428227
843291
55727
190866
415414
193524
331774
970133
895545
758034
493862
183576
557287
339627
387942
145576
439066
494323
501004
322841
888269
156042
551304
570334
750076
715205
262482
53388
684753
879954
559008
695339
258379
759790
180205
793861
349162
326877
283586
83660
176193
636470
835476
142581
980820
739864
865626
469735
523459
121848
333193
160628
870509
939750
11384
329694
838564
359149
241459
267400
899067
432831
203008
673032
768633
633222
801713
315487
526253
81670
350969
978538
826897
424497
596219
816448
996645
795465
590023
135606
818196
31845
373843
445053
533856
168912
939842
33186
480171
921423
488900
492887
548835
559314
310469
628926
403755
873389
722267
724557
719660
724377
547753
973477
128039
558795
485461
123687
621348
69912
750353
791376
417289
42668
539545
669347
306814
450538
461582
305954
13885
124243
373110
537066
699571
875599
487859
1353
461767
445774
332771
615004
539816
820560
792998
103771
682859
178134
499979
7685
920199
593824
936930
653929
237771
467511
201558
282366
963633
72005
946140
449085
437717
660309
934240
934172
333688
106030
161686
566515
799213
973540
609194
274152
817164
69211
517954
670344
93621
172072
933793
339844
661872
294957
309772
95913
742155
100880
504570
681518
600363
963384
311888
307075
908997
509265
475706
317008
250382
952784
485631
119748
856853
669299
528757
837250
649837
344793
603685
634224
14664
736184
141201
935000
622290
979609
589511
57227
639459
917004
864188
600695
659402
588519
614154
113812
519816
965785
553928
785015
945944
811960
756682
381143
595506
952027
538214
299928
164736
138272
194738
451503
106996
423563
43424
881289
763780
715368
921204
710871
595294
423437
289153
851683
183811
154436
914956
309100
452990
102041
840810
688673
155362
138588
26639
167258
413111
723984
503550
166539
318346
32834
581722
135394
555601
39051
78045
70799
306849
119363
258455
333665
802384
504173
949900
768638
106399
108840
290911
720828
636786
130546
467267
524358
426208
598258
853467
117303
409724
860721
679704
436747
338632
521749
408154
583622
582994
316802
278277
470920
281939
554852
52837
185819
3540
88604
136794
652156
352946
540666
776085
633914
762992
989602
957948
638279
806590
67842
759525
862305
266654
261712
641884
644185
506455
69261
301183
435345
740924
306806
561045
102624
865524
361809
988926
682506
278332
572759
255083
652456
966401
842417
323566
400658
35752
163263
371145
33460
611550
226962
783265
432692
931890
655085
188916
801019
564574
972663
859669
924044
435706
133398
536537
325414
593532
165708
684357
223563
557925
508834
431112
592190
989095
413966
522444
750809
277068
435495
171232
854735
839113
847191
579165
564210
810755
332049
770613
955949
4740
810680
736762
3235
744587
809572
342976
29740
982158
189930
353455
262569
986797
501864
676810
758529
620223
128905
150907
161399
704348
289024
900452
281970
233165
323010
799131
933599
130583
153993
712839
879406
645743
952008
859
98547
605755
472200
383131
235210
790077
451377
738527
860668
112895
666711
987518
621032
46412
979664
563137
628045
346298
527591
110062
508470
963078
146884
823888
446322
421593
126921
568907
207839
242748
609225
951441
740412
3902
217555
580487
991774
977208
8932
574419
792908
516337
66091
423349
443185
734644
322468
959623
531606
923008
850675
286628
996052
811738
393962
905592
571578
168742
24226
578423
9880
635437
615710
77807
565938
68121
629847
280813
85164
5150
172162
299584
684341
415913
79138
50973
20436
887133
59338
496745
700306
116043
617994
895618
707705
262575
522307
132971
611148
683705
867973
695835
860480
406020
916847
929693
94309
919979
400036
515484
101977
755288
524409
568908
260507
157438
221030
10478
444864
371540
427330
46073
20598
205892
637131
959211
782561
666210
176227
616461
652454
181617
369522
105473
570784
158448
748689
746967
754216
974409
204187
462601
341699
830646
77730
222951
90813
674597
221330
363229
513266
931516
593157
16710
14423
483953
885163
659410
635683
668000
501817
751633
255573
201526
572180
156003
764323
756425
170227
518151
544252
298209
718525
920790
213950
772037
5091
922340
171708
797266
837925
269346
717159
721391
210506
415381
579861
496656
285045
29380
30118
560732
382062
822607
808598
819847
562277
311628
965334
468933
429174
85150
752335
597490
866081
815
994017
382478
91904
144817
113886
669070
838845
249342
425577
372275
130646
373944
767787
397946
440755
932987
926510
886709
679680
803190
292280
367441
293379
285744
751035
90375
66630
517300
252467
812601
450332
924360
9796
166203
638937
832368
482223
912031
523809
664346
897672
908472
989254
971042
402646
686738
582828
467736
169352
832689
583907
356087
944243
698055
205613
413102
993694
802006
472903
79587
152901
706062
727753
606695
162168
696121
480172
232608
357538
257525
606131
189537
405549
273331
515677
986094
87083
527153
347883
865144
983990
645931
648850
107308
699415
539502
944874
588766
841805
882258
914975
945266
139228
909246
976736
457116
513578
188991
16437
796105
342044
299169
524221
173340
874349
361894
452577
590649
824479
281747
901712
368057
405325
158555
503019
929209
923711
848861
770754
77884
603063
590424
241486
862680
802654
593679
793299
167029
344324
362286
871605
821800
840093
849360
906760
102258
637051
608215
513428
653577
264392
650384
764976
708879
725858
872810
809741
260772
26082
8389
985532
48037
116623
111784
580236
727389
608754
899787
54021
943174
555681
404622
907176
769114
178491
909457
236550
38978
302213
286801
799443
282964
685608
712823
729282
533966
661830
567743
522615
799113
798998
782302
843987
630969
386447
784457
105438
16513
395126
253277
944956
817974
682845
55368
18318
307757
117800
152347
977286
271422
414140
929095
685590
864307
246795
951674
736246
708699
653255
110437
917430
961877
583212
928119
547659
436682
843917
927007
520185
764719
239559
609227
291928
568429
942918
901006
75576
640973
536738
32405
256165
408505
293688
809900
970578
313089
927589
263115
160924
381005
263808
691032
44751
191371
304676
252226
849865
451361
236168
489536
29066
505371
359665
116523
552914
876790
45893
74548
667734
105048
601492
670039
864492
17163
804984
792251
704871
598684
461944
628543
512184
701257
765081
150831
878902
7138
378319
626206
663970
13015
753545
473602
628871
824524
920940
839590
364517
591983
429195
558270
78501
7886
853324
303730
690128
44268
641085
458779
192773
617624
258481
230908
221303
302810
947139
311851
954208
73023
737505
357129
816092
448892
376468
402975
549419
878240
711554
955599
768358
180675
415165
989673
554036
627325
474951
56564
230858
81687
857295
984949
434529
674532
100343
927203
865867
67959
799707
227975
79160
995502
456857
325058
491044
192202
319592
735719
819206
919188
471357
802765
211768
997908
592299
803656
950151
30376
606471
758080
881029
729599
438390
418811
49622
725951
25061
225787
27241
769505
126643
647893
853644
106019
848059
369617
353949
374818
3844
565245
669692
31900
473444
202502
126330
25430
587551
499321
141172
135605
337025
399888
160016
756163
487976
350842
177436
835054
174587
210458
626533
728839
609482
945451
434674
574243
37592
81431
787637
647857
354028
708851
232756
328708
219307
744585
677607
375585
662377
228990
248004
893728
48515
727498
767997
898466
757272
990159
524723
466912
818789
504611
781730
36016
538551
152715
260819
514646
255615
432298
585459
816843
172706
628624
752520
991999
228416
606029
927009
912746
59623
97472
659895
147031
485685
883200
395178
681799
811823
900137
540471
925895
958186
69007
525334
7964
341612
544349
357708
920021
547722
343049
742513
102424
915528
906940
182475
270911
134200
890907
856925
56867
325712
137206
631591
92730
973249
972000
993166
577294
246219
806557
567085
224353
407524
180346
107476
90798
267812
854158
764353
508789
390459
372451
786519
404232
684267
889692
478063
683721
257159
936933
580869
789525
889533
179813
473841
460963
897219
118526
346706
279811
125807
655549
780737
315459
584041
236750
975700
42962
105618
571263
989344
683808
931989
280296
876739
803859
586412
727230
995378
127089
514028
361519
848502
977082
867470
872438
260475
399563
245154
286680
333696
135504
238018
879930
294531
608380
541264
288371
265182
962783
765249
606132
295318
198040
770820
908402
81521
122517
389825
795646
146803
599936
485751
842918
814221
516122
338046
823030
121300
347656
721601
340910
940270
161227
10129
80530
86381
451560
556000
906050
585647
751683
863101
517905
567120
596449
525452
149814
281365
160327
412990
654965
287421
269469
482344
899488
295436
735825
947672
861783
933766
807509
858844
368252
256005
132566
129780
501795
734787
955953
319414
828349
86144
480107
125165
782280
566853
387583
909430
237743
577461
409208
65791
137582
908171
532230
915340
795945
818671
337538
648480
912142
725830
450895
25445
633347
368270
774623
583425
393041
714454
727316
508380
267544
706555
216137
848073
221675
381266
459924
138775
873589
394849
236508
545820
965325
41665
761071
508948
121081
381512
545835
358185
103945
559977
607485
980773
589958
993982
311986
426400
224900
991731
324907
109990
612549
811231
880287
25840
118418
514411
165524
969724
10233
91280
950505
51472
465924
943569
68706
897070
665052
899076
199705
367207
743923
431114
73227
281960
482803
979788
846861
822272
85174
741143
149247
649665
941951
505510
810074
739177
132664
676074
228345
250436
100350
306136
614173
781209
441416
950731
301329
727355
991360
877635
946246
82297
429849
174982
729213
78461
893107
719580
215255
294098
715888
814721
350842
1620
395507
250589
656741
258005
752646
65087
331901
965078
232688
357850
441735
731136
353990
328049
542206
925175
546655
642406
716826
375577
309296
902003
679451
880118
503680
563809
611901
951935
203725
852788
966431
430420
540488
575005
380162
133408
878489
602155
686332
590329
107592
851500
500962
871976
960920
993473
871951
90217
25417
178598
802583
954950
372123
396555
17543
421883
968471
327980
143371
135298
83397
446062
75114
955625
180301
125843
419434
293059
735132
165123
980107
180883
210210
565418
359357
508456
335496
723233
400766
219741
164565
880295
469871
350736
377309
69288
179493
328117
606093
358447
508588
135843
781744
591947
554431
501463
377900
388535
659462
297613
294908
514091
662455
580030
682954
948295
735092
849628
525197
914604
459083
342093
950956
807515
656183
543230
361613
994318
314909
860447
303660
142394
892702
146110
212092
953370
138272
527168
605152
134646
433545
608191
189414
26303
177960
733451
262702
791261
147773
547861
635570
901303
691966
418942
258061
732856
205683
626812
225994
82356
236754
872200
165124
435450
906147
435899
134777
854899
952592
328237
362951
630958
484740
936164
271836
880158
164041
971224
645953
194167
488210
94511
588192
213129
41894
617007
477086
668883
946828
718383
302503
251833
665822
710968
714796
425938
881247
482711
580412
795828
970488
323804
190457
253543
877573
20300
317157
287187
109396
544446
158337
722882
344486
23640
573873
194347
718919
353401
756066
449716
173982
717948
118508
402347
689991
751652
141452
548867
518137
529150
223448
821589
58555
531825
741703
836959
371189
414297
695298
860206
509351
533977
569486
118858
891312
298357
491552
517240
474986
712159
765060
478807
360695
892588
783293
543910
311455
186390
721344
694316
928813
731051
595053
671967
835282
149420
745552
658951
493432
989826
117216
22903
192246
126803
578734
245872
541673
264200
416451
919187
511688
283139
674880
636563
920373
278967
68975
580353
803827
410437
481808
656808
577542
789339
637519
554071
419906
453319
820279
780379
509751
361204
732457
214240
841926
118182
760950
100035
659792
22570
14360
999666
597415
241254
507251
719003
719332
214381
58464
186394
794565
821684
856860
917353
70362
216466
372819
442643
904562
360312
647956
749786
886971
755633
233150
186723
749094
187559
783233
330286
277833
563907
551734
215696
868343
643267
765535
334240
329558
525972
269231
470236
933172
682875
769367
549860
369595
701921
724927
125205
216576
462749
155588
241047
486399
542314
203370
795306
395679
46124
640896
568863
485835
325362
218116
608847
955771
656234
290575
997854
216792
378731
361692
143996
70260
461171
494407
187727
164748
574885
517190
677542
225151
497460
66298
507253
68320
554193
521156
507087
749654
428117
406616
868702
211127
908862
183481
62508
672183
382773
375033
833614
781722
647133
741416
613926
943031
960196
123983
835786
805326
519253
788507
972311
375108
970201
472717
459746
466498
879219
388869
662323
823183
595524
185689
658929
149904
671648
67028
113589
550208
138486
134189
754143
634015
775194
268350
445762
783590
414956
887346
95518
766695
199331
367892
34065
603809
13973
469239
365000
467359
719256
887469
2171
838854
974774
700706
21363
851554
45899
829231
834163
57324
107455
361017
472622
786125
252514
171796
939926
623967
26576
797822
737304
20154
244837
869901
286640
852377
119357
691324
598640
550164
612593
222467
180538
582888
319481
610535
280827
483162
198974
672195
327576
461843
135602
414244
478331
585947
837340
979981
294350
304434
335166
614300
446318
823721
334137
121529
822879
470256
521032
911893
856196
679321
295716
434094
212359
231735
199906
176597
191084
139506
357517
456665
222410
63102
125595
350489
616823
510061
224323
304345
343744
411946
872434
649047
285661
388301
488688
775391
76996
264456
888784
445355
522622
70539
77452
8816
602852
596279
311430
382260
412173
230291
602698
495101
468065
864838
69656
231916
38852
235092
757828
436846
801682
344106
951948
551549
896025
182315
366066
572252
784325
714971
189320
486401
971495
382723
83598
677968
598273
435184
796347
749009
507403
356440
719754
447051
327849
871938
24582
38768
192777
803177
595224
355240
535619
136675
75419
136573
316325
140215
863853
350858
742867
680502
171034
462883
29469
125632
867983
470851
834154
591948
416857
569315
411171
347720
267466
374050
601724
633845
984341
196907
579313
974169
506951
949195
707497
898530
376403
346688
785021
365877
947816
417157
114159
974737
176765
391861
158842
624109
921206
447420
728184
864542
236096
275386
294906
932994
361897
306732
689695
667638
928670
818255
453018
284862
540406
87781
483335
727506
356874
846189
819264
304850
296821
503534
961214
957639
686941
33637
220992
573139
324983
329484
908598
571424
497446
598880
188703
973572
404896
569601
942092
182896
692008
101302
330739
754705
424267
262469
144412
656699
362139
106741
635597
655479
655162
603155
262487
290650
487259
705627
474761
863274
493491
845873
165653
807839
664887
171984
639186
568324
940420
569696
415603
23293
411378
686079
487684
190279
367715
24126
239168
137648
264294
530571
813425
32578
161064
742172
535179
156286
689000
615310
954124
196482
396292
827668
62403
116717
508378
186972
339408
651159
416091
451512
727950
337500
840961
343752
193975
257470
798338
795442
105634
420690
185841
284150
363876
529468
427173
600542
269854
47799
900077
731816
420089
742553
11258
305105
864543
736935
109414
441237
669687
985252
781704
939435
700063
988584
215739
804485
540430
815395
471074
274313
352824
211134
199382
919562
779385
557362
233737
464301
193917
955514
913463
991001
506642
664125
469374
665626
382232
705179
972979
657371
549166
416187
426378
444038
92826
632170
779980
672247
127613
621137
310361
787956
800838
768074
564854
70489
50345
448102
703787
883691
510331
64075
704694
788568
23779
578378
296826
356491
131451
136878
598376
295988
713583
910680
707876
672452
739533
846996
77055
143326
897122
682942
472297
327069
820862
58254
321235
832073
389515
917356
176682
480437
824690
660841
790316
479228
747656
139793
600865
658576
362601
991617
948043
412286
456463
955068
85448
71531
968689
265219
74451
317520
443447
309184
183119
9297
85913
497050
38671
289810
504773
244284
781146
410514
292972
907403
679039
899924
221075
423451
662778
569014
763751
961986
230294
665953
687212
279344
952626
911664
393925
896212
831654
624514
978485
382477
38490
988795
882881
834749
70363
33636
924469
411286
398812
715255
178001
604064
990418
228252
942737
368938
866347
971017
956514
904280
631964
571354
946977
939857
781979
502126
178505
270294
715205
497977
142491
651443
458701
816771
590954
684626
233575
939697
328272
485359
918017
596607
189756
334812
984391
966256
670593
108673
76511
851206
883307
667345
372837
439772
724866
894372
364621
306349
396380
148118
842263
957559
29978
791751
847459
15726
798031
349067
10945
3042
245773
87847
866251
655216
184248
454104
898320
888865
119934
361339
18910
933406
36412
148712
20853
290749
654781
223668
681872
861531
930721
395207
896160
492164
245156
993490
203738
190535
513902
259478
947791
45668
406291
563874
968086
925253
407490
419318
804893
104411
897423
251791
684281
3020
513284
627138
668838
155311
294961
118111
536480
793788
184974
973192
563503
118024
204718
68992
902216
334606
92238
586110
59495
151289
433941
637293
350530
260320
335134
458203
250966
3050
98025
14437
766193
576329
184344
398539
303267
4091
675767
710158
908440
309280
379693
613119
974384
214369
80067
891440
834457
644174
159211
720762
66948
82903
662346
448133
72529
228452
904542
393375
110464
634859
432203
630292
259381
640666
822304
296926
827256
951726
421071
121478
747978
170798
875532
514289
777713
453302
242710
60146
663914
846081
106829
219765
590149
991976
672194
377950
496421
745980
293796
554017
558057
774855
125642
826965
125977
960484
734612
54979
149071
962065
906474
806956
795389
945330
617733
52972
956512
221785
60804
207746
276943
470342
444979
299947
801003
100043
72911
278386
645380
522746
185510
867250
594171
846937
375693
320559
132361
327856
710699
160437
183956
400457
204794
136787
417366
896152
49378
689674
683787
928918
625580
856881
780856
823795
172113
772008
854323
901165
412925
825440
429946
186339
365506
719560
450684
522987
513948
405379
357027
567222
508027
478552
349317
868643
922215
24760
579876
236277
726705
25123
800159
96151
956438
920474
690478
210981
473243
765382
83432
868152
644473
674525
337629
746477
561085
324622
481024
151160
499470
256014
150284
765632
407836
942708
875077
256343
591113
726024
341072
730199
109646
503665
314419
66336
504299
626601
464795
570615
998555
977767
712990
391205
280629
46576
899707
74207
332412
229817
70404
864637
647896
83687
516603
649091
488780
325987
994872
389770
857868
829474
554675
881381
150124
936170
262315
873197
627224
452153
45903
279135
639258
925779
529556
481907
221120
311843
713966
389115
383508
327498
942394
772728
875772
131566
443946
946713
240290
567249
64829
420738
158455
576978
369289
593571
735976
457649
536946
102287
921916
431393
318638
126569
903145
710540
681686
409274
362207
647592
985596
480610
818000
950676
1271
603018
302670
969841
593517
990494
272432
108186
95136
185046
137613
525651
775028
432774
219665
508690
781959
151601
796841
23653
844985
189881
227202
426637
850807
809188
405378
137724
908046
893673
835093
463972
238359
762119
463748
637180
591820
575241
824625
844268
834601
516545
425377
669487
486024
476573
716850
339119
289944
198374
966176
950300
205427
253298
839446
534015
744256
355435
160067
363833
945762
634289
868250
718629
896362
265144
508844
240301
905702
581567
993112
884300
511211
162963
58435
2038
710598
538499
456738
13457
793684
994962
544787
378056
810215
780168
32016
772606
131842
967573
563056
451048
915608
71898
6374
398088
337154
23107
297053
515594
725731
123366
677874
929988
210259
136971
438591
766522
215390
956773
93994
851789
207483
152226
498789
930073
140198
510023
310953
169821
933596
419928
87971
681199
2719
119490
862173
159767
805961
974910
816324
565338
379168
834920
300088
48260
33324
841193
684025
242265
653682
200299
298249
321725
692471
392915
287817
115617
48268
890085
548481
751649
584487
59152
842127
761392
176422
258146
973149
887714
105651
807082
340348
66204
447738
788185
946408
601657
11623
848803
751980
554784
232699
973025
73114
217577
300585
421189
988594
643602
313076
43537
174951
52643
995883
347041
453427
634783
50782
945965
200364
694418
93092
272736
490799
585569
746583
830352
493917
805554
371802
394108
512214
483213
855460
934527
109083
284309
689542
258803
342339
565498
866770
868994
799189
168013
67343
957536
638614
671535
351459
850399
5660
319054
958608
614709
60377
106670
318904
220054
75921
715766
942116
543864
931437
623229
945846
617548
891759
376054
322150
800852
923024
988148
330929
622675
152803
296724
353120
391901
291179
566633
562247
932542
218827
433692
211418
853767
225696
385300
303396
874928
321557
693475
417385
915392
159967
184230
909642
102640
172530
409239
439422
191111
218879
750296
476454
965674
925555
414150
547183
698172
780229
199415
218865
778298
167805
924230
495911
985206
519456
862856
3933
424278
657262
569063
427351
578383
482274
159227
324882
485358
220906
164855
706258
426642
130078
348055
943480
357540
953290
673486
810394
299711
375565
237696
524468
552711
825738
67847
814689
734287
335140
779985
491369
652193
976091
189921
39553
614321
570527
519305
5748
17842
899059
661762
525174
443897
897102
948289
344880
123682
474832
768860
891025
714617
753874
509295
30465
111995
923039
896449
851374
254533
108384
918222
752305
444088
696114
696284
260930
852369
671086
878697
675641
488501
610394
941859
674328
388199
483752
113547
321457
234
627024
143597
782965
260392
543257
226519
371126
137849
108626
354187
653103
261722
321467
5914
620022
906360
568639
144481
436775
644506
598822
609321
857844
891756
369364
285903
273941
357366
322545
76780
966234
943843
934068
602689
635388
978246
411798
824873
942930
869658
499153
772679
205327
528606
732639
762126
758447
153140
442867
435385
665421
198559
695959
725072
910801
480995
819115
999269
578366
778964
956944
387317
741229
456250
627115
497719
733179
814984
914761
128600
262236
137570
445886
460994
215475
863357
151518
687887
108818
102615
446510
373846
244903
811934
19165
859235
988852
78787
214927
808606
474200
511960
966354
12018
410239
629599
421184
360315
184873
706193
266504
304507
329335
569040
164100
584631
116426
247632
211837
723443
5291
836156
350831
219700
138400
221328
603033
23655
581452
870805
70978
219209
660679
116502
106373
915666
375145
60946
244411
361633
133332
194805
963464
63821
374171
189664
772343
144090
186901
973622
882885
614111
20226
289335
130978
31306
752207
26815
515119
575404
14958
596969
292467
946008
977223
814793
164383
143215
343245
126383
494437
673383
393269
789615
992018
781883
50370
23130
257439
297087
757260
580962
87785
828113
390819
84828
222392
996106
925780
179507
461496
972388
449003
605494
71216
193799
905909
912104
489340
421644
94614
811396
932536
50888
46977
983564
218070
972479
123180
565266
550227
730985
576644
856584
512959
925806
545908
950830
437346
516183
625821
117133
713820
851613
133182
760641
478002
138284
276150
332452
531315
270433
369780
831928
204428
11494
206606
462044
744442
66705
762521
772554
722474
386603
458837
344508
484580
99135
380466
236132
718614
390343
416171
463058
882008
405696
116767
370397
292117
715960
746371
629219
895094
972859
859417
932009
813372
707089
198340
21833
455425
847358
157471
626590
626448
175757
435284
327777
253766
714156
119773
943960
380092
663096
382188
938656
466919
913069
100085
144943
296771
481436
827843
578498
373537
300822
877474
945879
123431
345884
924042
820198
136740
151560
174657
837040
776463
659643
947261
8902
243373
794384
378221
912991
78919
872015
522323
259289
32583
63711
221483
53431
172577
446432
181032
70388
853354
437286
874291
613045
116615
451328
821412
368365
332552
917155
120835
846414
892317
994596
348419
570108
476446
787873
755967
556393
364522
131460
385661
261952
29727
2688
781010
219955
97024
584183
532877
329041
445781
224024
13635
976216
980562
245200
975790
840274
223694
473056
113663
586023
360848
977284
589316
842144
217215
668833
951277
617594
395985
891079
839105
363165
680115
145677
101136
333145
325482
745322
279125
592688
955996
641204
289163
286973
472047
488838
592443
637696
267701
187861
226676
772551
32089
424696
764098
26633
844498
583458
622214
924409
40776
977957
151059
362382
557834
59953
412139
978878
184113
910451
741872
504221
788579
997448
844496
774838
522244
97260
100879
545841
910993
254928
272361
690328
862117
992727
128706
940746
993974
79381
701541
730616
503168
751658
329231
680659
700379
64878
613732
58638
95451
920254
799023
375835
956269
793233
570033
402063
181982
5129
733629
989649
195477
775997
880112
573785
706099
562202
770350
712952
624132
783776
26658
540263
839234
816758
475827
486780
878583
904122
145136
120266
660130
585170
131480
808226
787343
482869
696294
531225
372660
545972
910667
870229
839636
827723
982511
678435
327154
836093
156696
837965
143557
918913
69050
229599
824449
8892
570112
246301
425946
673788
947458
371570
764033
862148
122537
14142
897478
533481
618381
981337
350234
614782
939775
52795
462310
302923
181342
887993
682847
60808
120475
125031
113613
238024
375977
936749
760541
477863
828347
413402
845811
599889
11207
718829
568083
507020
720576
975336
67082
326732
477627
490342
944185
183234
925138
678930
707273
514473
149216
155215
451126
920873
296179
871188
353971
365561
556607
978221
531751
733451
439031
776115
596375
722353
381018
82645
409980
659080
544002
879796
74273
546335
570764
117738
451961
943104
761010
809211
412297
53627
557265
195990
4525
838632
292112
64104
166600
1803
11721
389468
364890
344495
898657
250666
592638
514151
181607
633384
995516
499987
674703
784584
675722
668008
701199
962679
143297
850224
345039
43715
614336
646018
961453
722892
411553
309503
551745
451347
571655
177859
211657
300562
515732
463138
979690
629364
348609
896154
818240
810858
489107
471011
282592
649493
875849
243029
724496
784954
779436
156088
213412
937140
711180
522418
607441
757159
903423
594247
521883
956424
947991
977089
445427
881824
235440
821525
403018
54766
719471
819715
353591
913953
478923
119233
605587
783327
956709
506674
583209
402300
118607
391566
850502
438495
130303
383032
656254
450471
474468
580631
985372
935947
838711
663131
705144
378900
878857
670368
661720
307000
34727
767765
393205
62011
108582
825736
304879
528559
677879
269345
432361
629111
814324
152957
257778
503503
551912
170896
770976
5957
427720
684711
134006
456393
494815
372392
784397
338093
352978
309354
700538
887831
972595
399302
130594
665720
394517
548452
492014
430127
931089
651369
820396
637169
866359
765035
217410
850881
544887
366562
888347
86949
238893
840335
170938
452321
470769
298256
920028
44776
954459
603208
554391
613135
40389
563600
661288
152731
842795
98273
292659
50796
250609
261741
990697
23527
206643
411597
151891
81668
613080
213255
204461
41303
871299
294786
427725
653771
969732
92932
801407
866170
231556
122657
206392
988957
981488
633888
236091
772570
76537
570067
615812
253192
970077
958328
368785
903677
629228
394456
977534
431202
539976
665099
2091
231557
89044
755711
7060
846042
852150
378599
872934
419270
205464
27863
375584
970628
440617
92881
160123
413475
876031
407056
883874
664589
380369
761487
352815
682657
733047
454936
892974
798949
113911
10907
846866
972376
997896
793883
168019
474777
82395
754321
389813
986911
58536
876420
871766
64040
24930
191727
658102
13560
432527
332799
943523
903675
419119
20385
713764
571597
252869
682898
999392
804304
707875
623951
61406
413735
516201
401833
386564
102085
100546
639548
33684
710372
60325
584655
421165
741986
938039
89851
375690
25493
100095
452760
941553
915185
834223
896968
10680
750313
246038
710307
678859
705979
178482
845630
285323
417923
83359
696591
441738
789264
738788
137183
696103
230087
177281
702556
12185
524514
166439
518645
462823
884071
759818
528276
923459
479116
847385
358157
793439
664505
94928
580639
134764
70767
826849
369846
985188
964959
937664
206312
501383
42315
774839
548045
143736
626165
418610
768474
831775
604002
329527
330855
354762
95182
992486
503377
717415
651938
797143
486090
520239
456943
942116
836197
119691
551926
365870
214206
71179
124737
738173
90127
516673
622908
669679
245795
12755
909367
334428
848288
304169
287956
920237
309493
620108
678951
703898
884777
979808
740323
506484
33754
286540
968356
830071
71759
976475
684764
630522
79427
471377
755439
283123
990687
462122
180908
216322
449462
134280
700701
534650
70964
953021
495641
160285
878493
844612
484462
258801
266329
542935
92846
169180
469363
504276
397469
151852
909131
560153
162536
677688
911327
569170
535236
845267
171035
17588
953588
157176
641875
786398
900636
772564
483134
567149
784868
539398
136435
366466
525307
326773
835099
384012
447240
377649
889397
143010
87257
322797
455305
534770
788263
21400
983620
992344
210805
899774
223631
380312
802849
253077
340761
357901
265501
158801
242863
840016
162864
405553
497400
470336
680403
541147
853620
9345
860259
102280
132602
826328
773235
955331
303016
776308
953900
151214
865141
953940
391462
851745
383346
917613
95116
907024
640773
736591
740128
463120
503252
923346
83724
232184
5891
651895
784694
726628
32595
681354
245993
576932
71783
409267
222067
742955
84108
48052
948746
70397
246920
660962
393567
243970
679084
573222
391407
356710
330867
155103
817550
624263
269330
502163
868828
412954
550040
97549
898629
730954
494830
290265
367138
176693
708852
380293
950797
456670
345726
207015
583453
377830
264333
306011
329696
751228
756572
499560
184773
108149
175334
646881
423772
42627
882177
34036
159921
985992
121190
235842
108958
759737
795889
624375
35441
443332
81949
171265
470265
298540
548235
686444
167430
289470
159926
158020
408241
851329
710872
138434
947075
500537
416049
625265
457279
678213
305568
255916
456710
560571
308873
213815
623259
388588
334774
40202
800393
352620
586708
216649
323689
695767
138735
602458
816117
52957
442383
463895
555309
927940
718551
442799
340272
589422
436166
297230
933054
656879
658933
211607
840512
367359
498612
133225
885154
766266
540599
443201
494877
455803
269705
503285
465308
600866
970296
967069
416379
640874
417989
539190
220680
773612
259153
996825
371106
701428
100409
496783
136891
846319
64194
886974
442902
905491
340683
75048
790174
376988
684710
100294
256151
654637
965655
553924
415938
227257
908242
254638
616645
97175
886365
235406
554389
683198
382886
359043
499553
914733
707058
504536
994941
851750
512722
672228
158483
630351
216619
524534
528775
992296
426022
703433
263365
821139
995791
200825
477870
791562
703231
732415
785768
237992
656789
941746
535934
797804
14783
380829
374069
868839
783159
92845
916233
5323
148871
348581
536174
583784
823103
386398
783754
959706
645838
36048
936054
370249
349898
114340
224871
383443
472465
325367
717168
176365
647308
866236
99184
29673
303522
611254
603503
792092
362681
297505
497226
671755
926360
190694
733174
2865
272388
542815
532912
542136
391592
572052
791826
40144
206270
900484
276088
867225
102600
383109
885318
54248
613576
556906
769996
330140
79676
191698
535380
480109
380725
595198
608931
546772
416620
588890
376641
431479
857743
263126
577309
937087
7118
814190
8304
145451
468109
230496
583347
334457
84948
712219
918259
479580
999492
88915
456424
320705
591743
865433
196746
763200
681650
658719
146123
64496
555003
197520
282361
42409
423511
144451
824682
829564
82473
627068
403576
366756
722269
781556
751173
880693
174838
233702
327743
832619
859081
300871
835498
548459
456363
684707
718371
322924
654244
423523
586174
132308
153796
512327
966644
501595
763693
866315
617941
139516
492990
53234
331168
726716
454596
859540
985988
43508
145354
166147
849734
621269
112729
652988
574280
760914
278531
330056
91504
725818
757924
115779
201682
573707
198505
530018
133788
712143
550550
644176
515318
439933
246520
841923
105738
509009
849891
824292
46190
387593
428649
923740
387550
2329
792175
575891
760280
417251
307842
745349
404966
595562
970176
333569
688565
557855
405591
441082
207585
428892
371477
704312
326082
446977
900482
469529
154459
459947
199755
392714
633997
978624
972275
845232
673008
833292
873928
374343
496573
746785
953789
307351
567262
500721
327384
135828
307021
308426
690516
753174
195078
224286
913148
152937
187933
451103
763081
705373
913073
913806
820171
555881
98469
938092
655252
465444
378616
510501
55162
696344
284938
471818
480186
140855
289712
373719
875549
705718
973810
599112
434491
185276
480487
392882
282262
975745
749154
131276
811967
193365
429050
67147
963033
515871
783092
510949
62168
201823
952065
27171
278955
840601
958155
402005
542141
589233
403598
304545
86577
396411
74008
415363
719297
387249
870941
798884
262305
873453
107124
972454
919145
358644
725023
725853
46759
293129
274177
686889
838386
680648
716157
94315
131221
847998
858300
732293
624768
797721
356054
601589
188254
767008
836548
680865
700873
93794
630435
631443
963720
858540
471533
791347
453801
391668
398643
257823
213922
554789
3757
173778
352656
280113
35714
832178
626683
649786
940461
423068
416532
555327
726670
402648
719351
388876
280265
266119
32912
245242
59470
930060
554390
525273
542734
918920
945552
787875
159296
949332
296283
581575
359469
249304
598154
763506
824825
407404
602597
565144
616659
198255
995720
993422
458147
930258
384002
553451
161983
540416
193972
975125
723633
303633
310756
672276
535402
499307
847748
128143
526925
879267
93576
460683
446477
92571
153739
199012
45670
560046
53196
258409
301946
704591
335992
345521
106925
960673
382293
297036
599183
900089
50293
464254
424012
533012
795486
302898
846937
843874
282939
429803
335603
852082
272801
760341
732550
191628
21425
564821
252491
529942
825646
304236
327305
604476
765291
347457
774704
61316
56798
250534
955015
17306
586685
727250
221371
91383
647369
555665
296872
366979
950878
174554
523837
921212
576358
637045
836535
526156
333670
237215
932392
595301
677139
961669
217989
715505
451272
829835
437619
110333
853009
926648
651100
276077
206755
292698
588695
463777
978749
515001
536851
921654
327116
225011
653260
162961
129505
154908
495045
797201
732543
515404
116266
866713
686026
336113
307866
237075
610688
296878
834518
770981
750371
459272
654871
737458
735983
802144
728795
766669
63255
380032
537533
124290
25053
822065
84608
455283
799769
986760
890222
404101
653027
984478
914865
743320
466142
963541
166341
287003
262977
272611
997651
620680
176006
166804
914043
451059
335632
691935
505264
547895
711296
442689
674130
868937
423524
171254
285422
926561
111914
180885
783765
963150
21966
57180
412644
850673
848066
425780
24557
264903
70519
699575
739541
965021
170095
868808
918090
17710
949317
827348
617048
567109
572197
559623
194588
47558
909841
16334
568828
582980
109084
540650
659306
474615
480959
612196
371864
315478
697571
99657
679491
927758
474025
93430
629387
78425
382616
346202
56628
521585
797343
506223
124412
640908
218131
758260
901731
473288
329931
228036
136780
827690
245587
851067
91204
512040
423546
522215
478209
201044
984278
130386
865368
569354
218567
861565
165254
739328
210498
499816
638695
16923
253748
936358
914397
645762
560172
738168
39914
906997
303108
442733
644670
283366
44098
109506
974468
729213
397545
616592
766555
650890
791332
308750
577842
963800
301598
715318
69280
531249
271803
220061
414019
634554
654459
631849
352272
38710
445890
433044
314905
839094
963716
310624
264262
710946
675689
39940
477739
788043
48141
528542
586798
336335
578750
649220
990684
22133
228808
846416
315976
868900
360131
895750
662633
350163
640881
60323
475937
946708
255619
25738
491030
331276
107056
590821
998175
987805
822300
537642
170513
18528
737445
652537
591020
127677
29407
513677
885681
811771
285859
550766
913051
989079
889381
223083
270511
654495
12740
420290
95089
299300
696911
250404
28992
417337
636644
648591
802973
73404
388140
675131
988748
679289
923340
38188
897567
12119
898429
25300
362755
102972
459918
334499
776040
44542
698938
390556
617431
735134
347404
155618
872484
681641
930339
726874
173700
682334
41471
587523
898548
27909
265488
383705
825804
145652
123977
607877
403368
456339
700931
807630
583514
998930
232623
392288
88286
108719
835289
420914
259087
634880
338651
105277
475779
75952
462242
729295
938554
401439
391071
287256
497310
875807
327484
835763
666545
497428
546818
651756
88120
48456
481509
94046
101422
527887
328030
367863
895401
919602
823472
199486
316549
703328
161008
740759
715152
815404
288978
22295
683975
827303
281745
318500
427122
33835
542334
94798
757889
940231
20933
655955
743696
806928
791236
515276
996904
465476
286363
100112
615704
292718
998946
696606
882764
870939
442886
636451
388022
538253
621603
885578
116810
573226
276121
207487
911310
165747
728611
572208
13272
508167
64775
31483
391306
692289
752462
489427
8779
562148
598106
824824
298736
786339
341671
203462
535680
484201
447538
508301
738692
488736
44196
619649
622746
942594
883850
738552
768945
5767
405961
417752
478172
330669
861781
232882
742358
363190
283200
798716
43192
416897
414974
567306
680647
119671
522788
404773
995453
200496
139103
615665
170114
916185
626749
440384
314190
187710
270754
130067
922441
150430
323020
754498
754686
286164
353245
584035
307982
488209
825149
323141
640321
13810
525766
11093
622624
427316
199588
170468
569478
108381
193637
498587
810258
797980
669502
452713
510802
586358
132706
970458
555260
793013
421384
596734
579509
804904
516995
951204
897273
232184
607094
297022
30507
538684
165116
773236
617055
335113
632227
582610
86966
463224
560687
120606
39575
78024
601471
432915
197394
433159
29764
937008
30248
957392
773382
992534
592424
701934
738496
423297
148281
685786
156751
699756
964180
81095
996969
989491
586445
540227
341645
152874
494925
630906
174615
316579
931010
88733
485657
333523
99916
490538
825067
431521
801844
366222
274085
208119
392657
132432
864052
691734
672444
451328
655638
908290
888696
682292
212840
185072
942145
490415
915297
617817
477631
452783
170178
740952
577014
797943
586328
650547
730589
11828
666131
749598
416526
884048
734148
677974
834024
336291
109931
305898
240111
461883
772699
384538
665417
504298
381555
42860
743790
362664
750658
899688
370190
7823
144647
758341
271391
683203
993053
512463
755097
457189
31531
174462
134273
417523
636153
968783
352223
335608
164303
519114
768616
936096
708593
380569
687545
406385
670083
755599
661022
876051
336358
793400
766683
244916
31923
97932
584667
914662
165820
234425
447623
699845
802143
332385
192121
783214
377531
127039
833259
933179
29827
12207
519307
397092
489687
315207
365803
181676
511358
737003
620235
508914
233758
962416
100516
247280
149620
867127
38560
895814
890331
337171
80908
53491
906776
689769
728263
556381
568208
514292
990901
421792
29774
531031
491897
164400
203931
324084
890364
55644
680365
22413
635869
311285
373047
221552
818723
377978
24511
644440
682264
853913
510998
772168
281604
437305
693682
566635
394318
542796
721930
556775
193974
758088
639818
171594
622808
558053
100894
721888
608784
423500
522200
922902
696089
354496
651285
676709
218669
814367
97792
260903
486958
130090
730829
26437
431137
171728
279207
978647
522294
849965
239567
976149
534243
672113
859907
215579
91587
773627
207569
674288
850044
501225
484493
447443
234190
813195
845793
296332
915977
13440
887207
241364
70295
519878
564135
780176
162948
818231
915846
760910
428909
811515
330299
855152
795205
364672
600853
178052
131397
812286
701577
867873
108656
591033
944392
694986
141448
749709
975470
624304
381962
565938
486575
261243
301240
365880
67510
889450
66582
87667
181673
48794
250130
398603
953127
217027
644579
56631
879805
444619
580092
469954
143610
406531
172682
39301
67778
499510
88687
800985
919666
407783
501101
674289
175005
851819
193579
495919
661352
388616
155009
915150
686908
622900
631497
613431
795903
998814
67276
117406
885380
608061
912663
967677
774866
332588
632574
982655
476123
267821
661162
701808
425976
410980
86031
774034
451875
761894
349835
751944
489843
557161
226025
757103
800689
74809
472621
248629
131599
180995
221604
285995
523517
807113
221192
570591
115366
580099
668783
436910
151267
532778
563782
515968
580511
187732
256096
752993
85850
447099
259649
663827
597054
948444
643283
873176
61649
214985
54716
819432
330349
580070
294609
708351
966592
819146
498923
814632
389026
136942
767516
344771
252895
166951
696787
260453
408534
175001
444319
18553
726882
618024
565289
439247
330321
558607
520633
62260
860553
565976
230695
829078
290443
547129
17782
33874
907467
924582
43483
247884
889444
687104
798077
984371
584138
196352
583454
901129
748589
205809
291449
284670
316261
588109
539235
504605
206496
725928
96123
646401
527193
538758
935804
122128
902907
851114
869225
566239
984343
564655
367354
173066
932418
900199
66974
748598
261918
969110
427592
204439
735537
60021
110765
382669
255565
700319
927785
905385
131161
481910
670935
108524
316151
600696
666893
974266
543163
247468
863909
303391
418981
237598
525689
354249
767862
258651
856947
340729
982241
248815
76687
247794
270958
191471
540878
207401
326399
248775
898842
472244
634209
551686
853384
101229
874541
713250
658250
576114
955017
892917
53087
767424
587841
130239
702186
772236
769585
663940
241887
357485
101230
639586
216265
164235
326918
955195
162883
250696
917531
962796
51893
312617
29268
202988
158367
268088
298334
469403
268939
437053
791684
824677
406122
283764
805624
208605
235171
407729
433398
517225
534477
468888
270687
671520
183604
224231
485029
842240
834906
862205
301900
914634
904744
398649
637423
955765
950149
173730
522082
302894
291838
11336
388747
335228
150098
65697
104666
586325
891111
237168
622608
123470
617121
126698
542651
453016
95425
380260
418498
87144
111216
76847
695319
494581
763128
304597
730804
202857
968232
789115
734063
132738
732220
116506
398663
254335
896921
160152
433759
473590
723821
291526
448486
724016
791765
10742
482090
327857
291015
368571
886031
247103
769250
858735
421706
702655
983993
76208
742092
795921
489759
751574
309697
271751
609513
108315
499114
650140
500967
774782
273520
852172
578714
114479
435183
566584
970945
716974
390034
46550
446836
113196
955637
555098
48060
719069
181036
618141
95200
757531
578369
683834
615587
831824
230994
386161
729130
357938
17343
687644
625537
590798
449008
894890
375644
283104
805442
430240
419716
149737
124867
124509
233620
445360
836148
578617
486537
85957
750318
504580
374207
515612
700972
523408
693547
995654
706083
584123
94371
238095
976361
941236
57613
610060
54008
635234
983156
905157
11025
975590
361049
1181
850300
933306
416012
930524
499834
215438
312419
683787
530534
819806
13563
253244
748971
263579
307595
285758
695734
735455
849586
52857
939968
386926
280004
840225
190402
230441
3209
288762
244370
472517
999007
850899
24939
361924
506483
63885
841625
330071
871496
263609
716617
363097
522027
279610
438596
472916
353175
361539
6459
235130
683285
984441
971582
524197
66033
35973
49468
991034
911751
197018
367856
180673
540228
771685
880203
748692
123146
555606
244373
3525
989480
948498
547768
398327
414920
361942
657295
862276
348139
840278
69034
351140
455752
276111
521963
735586
922142
928233
851996
737048
621175
898728
724583
80161
956476
466586
647327
421626
275484
340811
493270
303878
891587
467476
277893
324983
670605
699385
879492
601034
515584
654268
116158
260861
984269
293637
630567
602008
230384
87868
354997
614298
586254
39264
118206
11168
395269
586770
250604
943797
750233
412189
942605
863641
453806
226096
681999
585269
249878
459136
32941
75058
31664
278055
698431
832567
645486
436998
51414
688171
580861
29228
935195
481211
824272
380635
642407
275814
714095
844440
240154
587118
303254
270586
490962
947224
736902
570155
718334
965767
285046
573965
86822
18392
781404
992109
427105
810393
820807
147556
400103
650997
134383
792387
43453
933113
702222
179656
908670
23170
640271
104717
524209
584351
663459
759767
484647
77885
933406
536860
928597
515887
673838
206178
783303
519630
903357
997303
328115
154273
376817
793815
73251
259677
355721
278806
422265
644259
746480
33391
588732
838924
47831
703125
877468
627472
186775
705649
197703
148573
188573
501272
931502
268634
521993
714317
865056
170901
606080
541507
344184
625623
981494
363292
631246
824018
703205
636559
497485
487464
339360
629694
13797
945483
862161
362476
616784
510066
277683
736503
209355
642330
772394
391347
951479
530912
837545
625520
643757
727062
939643
860275
790049
416729
541282
323895
546972
41173
960224
262693
6015
898516
647635
39917
579240
262922
274377
985835
985075
591729
953847
763548
150425
625524
564213
471169
653051
821058
620454
144440
315140
907265
687817
784537
681610
383414
545121
470556
796437
795049
287103
979929
910954
978612
76229
961367
310209
386095
388815
846672
69936
953217
601851
698648
339272
343618
177422
60760
448992
245433
228399
993719
580713
64290
442330
767264
174488
99666
922243
27544
158612
815336
560058
881234
714721
616306
812530
149255
265665
499095
218058
458033
985861
359061
972744
845746
657153
999656
226000
67481
990587
93478
625377
637162
256824
598764
823306
6745
101832
243905
52028
561468
609125
315867
630169
42153
772997
472023
496977
153442
772576
10198
371813
369681
453708
620272
712584
373420
225493
951618
589937
359772
857533
180126
146257
941203
767493
464341
108406
248428
29925
673348
584109
976832
893392
549875
232573
699907
528052
825670
536718
114735
805123
575147
195758
222736
710260
627220
818333
990915
126842
369742
89521
601598
869832
678230
198641
481838
22519
197185
720116
350366
266683
381777
932675
277298
894455
527726
363867
644994
174857
536577
514058
363871
372751
235863
573382
937566
109352
928703
706622
617545
32118
367622
32913
145026
309678
71758
528722
240280
912215
717296
802219
424427
540856
873590
182745
551727
360319
796657
514918
155452
697076
706680
416676
174212
825255
35270
524282
306605
801205
747752
233643
573429
114941
179815
726187
461883
299378
112064
787538
558881
435251
818904
229046
973642
234744
368175
746753
463201
714854
647359
624926
774240
590080
609853
206468
88044
18087
369292
176681
764690
195912
650476
491161
563685
791548
629997
833341
835183
967151
142705
219834
822016
63145
470389
241373
345131
12077
939388
815124
787316
424341
171376
991066
576459
28177
792335
498599
251127
860756
461773
192421
460820
133223
158747
363350
123330
304224
126886
738877
221590
262327
12004
570098
106358
195087
630610
109658
647852
738129
666412
294529
383845
124635
6607
265648
26638
346661
935620
136881
771794
433105
884228
303407
55314
639848
755705
416130
309099
634213
774926
876869
162813
569812
292889
802909
296578
951128
449864
387261
870446
662538
823151
881938
933258
993089
765179
389623
117354
142761
769094
121061
737253
133706
220860
41981
120464
185712
420603
837403
660372
299249
557158
596834
256381
598280
660189
835905
505158
357479
663134
561310
375997
481984
749432
438201
524390
940645
128192
732658
588347
284168
891398
92757
815797
842601
261432
908877
849483
221234
616155
274528
642380
108052
949419
428813
110427
721236
780195
436469
84516
137305
777863
633642
741400
359192
356396
69333
715433
331650
744246
234890
483516
727149
383746
675481
47104
695848
949998
975772
829118
568467
459925
723236
165852
536822
263296
128189
927222
604057
189408
298502
710065
164515
458264
683106
438843
491201
745494
873185
885260
4435
919661
551072
355147
718951
675895
438553
229923
608230
343988
110936
744962
661362
567421
817408
845689
487161
524632
361602
958326
209673
287756
12225
465890
955514
425311
522236
133373
236495
892223
82995
392894
397533
168108
143183
566437
636056
63198
300343
947714
109396
697912
767516
798636
606353
922711
957323
777135
526184
777891
76024
429619
704459
218607
442008
564510
757381
784416
327350
296775
435845
861811
242209
707571
244087
675576
507363
611166
527218
97317
538988
536909
183840
523304
78755
266483
885009
163413
277347
750873
138990
540319
334548
87284
46465
146655
668646
966204
445221
668359
814835
810068
814270
175107
706901
840198
910943
842869
117170
219713
72249
29522
919357
418242
766681
596752
234005
870764
985851
422682
267093
298337
462737
525512
852237
319993
118547
918177
660321
144709
57503
825206
27926
156479
447840
600220
958870
764790
371024
515360
860566
277646
41479
668059
425465
587439
927389
484633
377711
314063
661279
989676
891110
133893
727665
598576
35618
451337
727503
796140
880657
11763
685765
308978
59972
212740
124037
148014
808110
827602
362571
220515
816644
42991
216439
706745
322025
112393
616444
986205
522493
865267
8779
147274
676543
650212
693614
315349
560271
293737
419658
645319
416408
640959
305166
878005
839677
93694
345669
728503
379412
904655
199780
26441
23777
338200
861035
336290
276949
245467
131929
85254
255642
695470
818121
257032
269098
217840
864919
401338
780623
745083
913732
499436
366786
186096
536418
20025
811896
356990
2765
886995
848370
876127
362911
944625
461521
198395
682210
313658
343680
445553
498961
672190
528238
828609
691621
97193
360870
666672
294437
75794
382479
527012
407514
995525
600349
39497
401855
395917
805613
59411
542152
659570
992710
746048
571323
800643
382703
932618
3635
877993
88986
461303
142448
779715
167741
737373
368378
100004
660425
70448
883084
336491
326485
146811
260846
135901
515732
459523
761789
796095
250429
353764
1293
41138
185603
181535
888534
328618
677080
833564
901605
666315
457950
955445
940960
14039
184113
736931
757095
266872
653231
802757
700994
484280
912849
480454
709001
122909
708180
680036
499286
268241
648346
862361
302743
680515
510801
80717
804852
325163
801390
855250
727002
173179
875847
977118
410061
733373
299525
537011
212355
443141
410544
316021
191794
215371
310052
271694
94060
201517
793563
703796
353364
719349
487255
360006
316992
666539
369517
554427
292237
121690
378787
123372
459970
611691
460954
600649
104408
299001
158217
873712
455593
378259
613593
249766
632106
97319
551881
340917
660095
115958
452937
749325
928232
612182
44350
574693
363046
72630
498685
742591
339782
383117
787895
536173
135284
178477
44583
183282
972302
941605
26222
281968
590435
67751
114905
332284
866837
460772
501979
844913
198553
999924
289497
393945
391967
540430
736671
956924
795437
976181
497018
838599
948086
45041
237063
299219
827218
4195
64131
121676
277181
465076
140512
22693
971459
501212
836212
261929
80736
927674
250781
740607
788783
382267
364571
131582
169890
940648
888904
935254
183409
993617
772632
594965
849054
855953
496480
383860
279416
974298
566455
706652
131740
9029
748744
155190
23400
535681
901621
369841
272761
878743
255313
318308
431012
601882
787258
143478
732019
284188
282281
745308
667128
805910
600670
312386
31534
299244
529326
566743
826330
239197
415389
14698
432916
806526
92633
285891
962613
633373
818599
849481
999074
745726
308554
657604
789104
214419
398296
143539
615063
492870
304853
150874
547980
970228
443635
95932
336099
193505
809341
459618
31660
947295
676895
556633
674676
365363
881902
184722
615993
28102
506081
938085
359514
254784
840899
625672
643736
583427
466217
967050
504307
519100
168219
733760
707963
820873
595401
465948
741932
9316
591141
835116
324334
616973
193171
286702
751176
596772
693497
791891
221439
499626
601398
251609
118148
809977
645337
559990
751723
530163
155006
330016
256007
490438
881351
663792
727613
121484
73930
431960
590633
883714
64606
346549
368505
782367
13489
361111
579434
267012
20309
994396
712696
920326
396479
97132
635040
935412
474648
895533
624088
887727
56037
285255
76653
742544
217474
795325
254023
751341
578434
927564
76554
280993
401297
679284
134096
304399
107857
619194
999926
636462
492329
134477
44165
957012
359429
938371
981626
24955
190545
711728
960152
853754
424348
215414
538500
410223
121464
785835
211406
359948
494473
792763
780937
959798
677158
993106
191334
866863
379906
60012
723270
635252
59402
912402
535091
186915
920315
147852
341576
240479
154774
700079
935851
787781
217022
831124
607441
108246
71225
764358
552899
662469
899634
465993
877233
985117
174823
357186
22333
692174
791317
7479
702668
856019
705424
615318
545458
479877
897704
822979
698621
824213
557734
723335
323570
463504
514604
11075
684600
542873
476733
995478
415562
648474
765264
164250
582152
323247
502690
989025
676665
141231
111077
677618
101971
140530
382137
774922
841789
775624
612429
106305
748132
758577
48606
634948
405574
618085
229775
648975
892368
543912
438790
791390
944332
413759
270350
208222
618683
586882
434628
257653
58031
199776
722942
610678
650772
94129
892251
486506
608995
232426
966480
382108
999930
500925
514390
173092
435598
93963
34958
769399
806323
984786
877366
527288
588036
714568
243734
431138
757759
9129
25823
552882
677344
21136
966567
287882
948065
64593
624456
615330
139798
917301
332761
375869
844851
499572
229751
991166
592957
190204
441096
715340
280363
973583
538206
131125
835792
559414
575541
408279
902621
494733
789690
17866
384364
922294
83666
158166
691847
907285
115154
716512
997237
527548
452904
714718
883894
972428
989872
945870
284644
797363
201669
990986
15295
40329
111492
308181
847860
843915
24087
132864
260779
706305
568842
472653
977326
169157
668947
57284
308660
820824
841924
435684
387749
307426
646633
249580
907950
775164
293826
527434
58182
979216
618344
826329
334630
101250
570768
225212
36621
762565
988612
521603
986845
492577
7298
714080
363646
811729
296729
427772
130085
551731
550162
632294
843223
171667
420204
516562
121661
401546
125623
697713
494151
442005
918261
929917
992971
264228
267556
93986
237380
800507
693311
415938
93920
356438
517916
854423
216674
892469
785701
877562
899392
176791
569308
629180
30885
430281
140560
596406
642849
30192
604650
215123
767832
220464
684056
352108
854114
574805
534390
508582
508129
496954
19671
610294
799951
634606
774624
351489
733237
916361
451646
632832
798117
567245
236215
340058
408305
757389
976390
943861
232210
75492
898602
715095
903332
262073
109416
257767
878642
227290
101465
418977
116175
534018
757007
778190
724011
144359
951901
504384
470162
140154
444093
831222
252047
110075
485123
770155
446825
349699
514456
470544
489909
469351
321959
201541
342793
306412
341972
434657
97595
125405
408949
153129
517303
264633
130746
773866
408985
377906
959095
934852
179761
238423
323237
964859
100654
602852
911968
763290
15617
252853
435581
858652
29654
206478
730522
251872
627419
285875
686694
331710
327240
716586
567186
561409
256019
365505
21064
7598
321109
287801
850837
457618
791365
127226
987550
398054
772833
799802
419150
226359
730571
215311
465249
343292
943303
82661
770957
336978
770729
259256
215832
521903
247318
105087
723450
807910
53388
380434
225040
996228
275331
790954
48151
495878
635697
187389
782957
648661
957868
570486
689065
933471
223527
548605
660208
437803
371093
15461
475924
598911
832763
347405
534608
796700
215139
226285
250051
33973
691485
702447
201612
132911
85502
620009
39409
819672
986427
256535
624573
103103
501513
160208
556639
839052
904356
952419
295231
137747
795202
882668
31617
433387
545318
897699
236455
544926
785096
170027
491511
246346
384376
35922
407231
55225
879189
305740
275058
910294
281864
445204
704499
717087
904423
942829
883212
914811
472489
996786
758085
374319
446874
3528
468234
276003
22231
470806
578168
50005
62358
912358
118853
245725
192102
481845
240354
21766
521243
146551
854228
156478
427402
626276
972412
999410
746033
185169
605949
881772
246431
304174
481339
393017
767139
16009
57654
272312
585835
82736
634394
308655
801450
639764
216219
614356
232998
688620
634770
185697
520107
487250
358686
360093
837172
455090
874983
949018
897555
162382
914614
648185
331289
272087
223751
814990
849710
324926
752435
820906
32293
649373
583993
97749
323264
533731
349204
352148
941890
338426
47430
430485
575289
307052
876690
716565
356257
318760
853645
709989
875806
438636
891087
291570
705598
288160
152783
93739
243080
807689
632317
993675
688629
951462
200675
593404
309746
507966
956915
51207
745328
815639
981748
315440
162795
883452
87861
103753
981763
548365
974278
393756
968128
503109
965985
17102
251558
607712
31026
740740
927680
525945
310327
841584
414189
9977
457107
217593
309966
831260
373030
438083
86373
28576
604094
937069
197116
387536
397269
383315
23506
946178
141190
619817
189947
26414
767221
595077
596590
771986
268922
262848
865576
876094
90006
756344
566196
845958
766307
607279
423080
343094
558028
651304
393820
860220
368410
111990
525089
262011
970775
534646
641135
346890
349956
1368
396391
433676
266667
439349
96367
135970
599554
152748
779857
704958
270201
634958
442302
376227
96198
282706
903141
847426
710092
532752
807024
826479
537153
264619
18418
533420
887322
506246
824943
870619
935695
891607
6301
333609
451457
517805
735081
647097
399200
966489
314566
901862
805563
439880
903772
868339
784213
109608
896510
433445
873621
145927
564130
153608
223555
391773
60890
941744
776867
972172
500390
453126
895378
655002
233240
403157
487393
342273
795030
162497
203745
550416
795213
725253
579056
443591
809184
12720
192104
538123
213434
243562
819717
490294
813199
907133
576911
376333
379319
306330
624155
726883
964453
764545
246320
844468
135559
809887
262688
734357
784068
30327
741831
617392
355167
184317
545846
146675
915518
921500
838976
525689
889129
316796
694444
534075
564497
418701
414602
658172
509300
132820
293212
217776
683129
45771
685209
159854
182900
744305
335888
974999
976718
161365
616252
795274
351873
937034
453180
742890
722521
260988
270372
240447
323624
2838
929858
584371
617070
894078
537352
1219
79629
835067
301955
890789
174877
223536
138885
743464
507850
424977
962562
60993
121141
547152
65948
25733
337002
509761
628532
648086
437023
419087
255930
264698
393345
818017
366629
994222
214503
861582
387269
598346
530863
919802
506811
951630
539463
851439
436873
140804
370356
930761
690605
949975
631368
881559
384105
339146
190832
366161
589851
29560
644895
653692
750288
330673
791733
591113
73318
892619
274396
923036
175349
476890
910756
46990
419400
994899
761631
998944
452696
890406
289734
369611
459532
491114
455431
813447
750921
893093
59457
980150
94622
574908
963564
249212
618658
876125
222581
801954
159115
602248
965018
346950
257604
618111
721257
295455
597125
869309
107833
429211
291660
900682
583433
246976
971398
284563
637684
916599
302224
897757
298828
564283
570140
77299
519215
130760
213323
208304
802751
483304
677615
186547
664155
550087
759594
818475
703214
725447
138342
440022
970893
708660
100049
173357
926683
290712
25407
857250
514444
77824
849370
281573
222113
816915
886271
448057
353099
217611
538386
664165
169064
381519
695848
624650
853273
474393
554585
149575
378534
542529
647929
307076
502692
239329
145069
27313
846417
455849
363590
169242
867809
364471
240572
262646
52201
584191
498124
998535
81104
892057
919137
94394
706971
997757
518041
406439
742885
391943
125999
527079
65431
376241
189266
712392
601818
997796
16533
557595
949500
653065
519304
765388
294536
216420
805988
559495
772552
50945
477550
865591
750345
451214
412627
583384
978625
71892
24430
357089
646611
626483
585349
963013
875373
623268
716300
296803
433099
440842
501171
765646
663855
300878
38370
863808
209905
366459
262176
676870
656201
443060
690791
561348
447999
75058
879042
751008
603709
206749
587495
643726
475350
282559
366245
505287
626412
793835
67493
496015
546489
932333
852662
291770
776799
872323
300313
312020
177728
155463
289685
934259
22178
396627
328137
92794
335856
194785
512589
858722
653096
731091
215473
90856
490481
65622
568022
675256
429899
113719
551361
879587
994793
129299
333189
107364
471604
680246
671057
107981
373450
615070
199862
311061
187161
791703
160060
492381
586420
621842
773551
612458
808623
409821
808095
40090
792594
115310
694099
173196
440841
201894
516033
9676
483166
53216
500272
427587
553354
182565
277916
699269
292522
61096
784719
628954
315073
274511
154564
174038
650658
503418
82482
952477
325199
228601
661567
284525
917370
528711
756721
953427
445217
131987
945923
968210
602824
490595
450762
838553
985979
226205
817771
654326
852393
780135
60137
496509
762108
367424
411691
216407
616293
704187
160346
535783
104238
267565
737813
80029
181246
492309
376513
577236
845157
492726
503520
600138
646558
72566
257606
167888
782522
881562
956710
123406
279004
268291
225117
758858
708487
732012
73081
8528
146484
773
952421
22008
127929
185129
555708
816472
7175
214900
527382
902608
147849
520971
327088
592888
202744
652743
881254
822339
230282
270117
875520
845223
161686
922023
317769
407789
124360
855451
7660
91643
781315
809027
118905
24692
605625
129971
728427
626684
319850
296319
509442
518670
290435
754058
633271
266709
853079
168871
398183
173793
557334
983776
152326
935688
130811
846309
654924
173637
135343
396667
460742
126380
692966
188519
293870
393888
507246
967124
220039
765293
47290
610792
822364
189907
65762
975547
644971
639937
841959
88250
338896
257877
764375
732426
735331
686491
316873
411945
23989
741280
488407
234776
387945
274567
852423
714223
283364
138777
576633
130862
730890
466697
144928
515471
14864
397724
199496
57889
939399
328144
845772
341660
31202
743291
284987
310720
472758
199561
410470
332423
42350
100155
793203
58353
271021
817034
92090
987875
135290
615740
757718
244262
522521
290233
864649
433105
928974
899580
83568
280026
538727
107835
797088
476971
843264
231825
273197
613255
534138
999225
917954
73903
489952
277487
622880
316848
53003
166863
498804
611252
572585
724697
94640
589036
781308
692054
388698
959821
171436
954636
806768
195645
329617
92337
522374
289323
800286
275362
82771
941758
436966
761017
765892
899517
936924
195481
243520
13362
573372
607664
729635
356749
310195
168311
602564
947152
435871
296729
772706
690753
857983
397040
704686
377613
341998
637005
806329
399576
351565
773413
303014
480001
616628
782427
591158
946408
749467
941816
416046
46986
548734
842696
389123
219524
528856
225361
910157
833722
514694
103665
20864
793116
172078
665433
503429
34769
302733
458831
467002
421869
647601
709519
341582
674599
801757
751713
95600
96325
596846
540437
153298
7196
38618
504570
475103
368888
909577
588082
111678
921253
963255
225693
670576
579775
223275
531488
659251
524172
662726
256029
744856
624971
918024
987273
608506
834646
566427
482925
602168
512592
578784
764671
652615
180174
467697
416147
69055
641702
424066
849050
230299
57977
439946
208991
26699
614528
835477
749739
429657
385824
540436
707470
259526
63257
747497
152275
575473
688564
687958
391198
51961
910916
180638
966612
151028
232099
997801
793457
807165
143698
620409
952308
359574
367564
505532
276909
323254
57169
339116
537090
922445
65153
494186
626811
69261
247913
666913
642149
755213
717402
299664
706883
655372
223473
756016
970083
72038
690346
426033
787528
501642
283801
30817
317520
897648
416489
162821
861545
530020
446502
474572
865477
814923
384659
306235
954054
299206
435785
931674
759478
836592
242441
296457
410340
334887
896087
678232
169923
394794
382931
763575
922897
555943
956139
780491
937402
323920
452287
937820
170248
674670
17665
507285
972277
868006
331169
72806
221239
146819
680920
608473
17492
153815
144098
346746
685592
735668
56562
89737
287147
932312
272877
494793
172072
88571
840572
158917
583025
214351
31144
968546
458828
825524
393352
320644
20280
218210
111741
718679
983562
871292
804585
840120
299275
314407
675247
14502
305070
314427
854195
400975
371948
398150
637858
610266
892571
176196
566175
276560
705636
903952
193896
846624
91073
169281
522814
134562
150196
300519
887735
267128
903114
752027
595048
10543
909483
342189
254228
771037
865253
622892
76874
969761
531613
634305
456176
593285
329264
712151
886827
302685
888379
202306
276170
499235
680378
592558
680988
554668
2680
683849
282185
708402
435585
549333
782813
123953
987660
157332
32038
758729
344610
354804
186055
632096
464649
110287
375777
180522
570885
776636
23829
616843
926339
939736
114075
870684
115938
904258
411108
868259
639272
83859
952816
279647
226160
537579
513358
960625
121965
260601
856435
319342
814585
830776
87918
932737
712621
997065
970010
708191
630321
603426
329622
171394
937498
749803
458961
350168
779112
134858
53639
168158
987620
901528
259811
851490
999590
217118
735157
470959
596422
542473
554934
64354
408395
666166
401006
117070
913557
226538
647189
150954
711951
862141
424736
569592
10937
627903
209879
101543
642205
488413
375028
800960
434389
866263
623604
533481
829439
537810
752461
880826
747570
47163
330824
203071
794727
56438
324489
914484
883035
623095
663653
98588
325725
167285
260313
807850
716445
637450
160194
372587
827248
894804
677055
982456
321624
753562
562423
751978
461541
285363
7285
727581
781213
400001
749760
862849
531641
210300
225676
807549
386578
460855
160732
460595
890809
840293
578246
717726
145754
660509
831014
924116
897152
782168
81787
448328
894252
101643
740809
643980
480651
630995
643077
255651
112366
31096
486587
773945
632616
380799
809044
547929
647216
740939
349910
678494
692099
510173
744718
407148
590528
601428
459531
531903
383656
838446
880378
860518
460811
242222
386067
696228
755290
867181
161949
153433
677587
819970
306438
89229
139566
961521
127134
250994
307664
466474
351926
9133
839364
581937
456056
305115
904095
311710
344971
90122
597256
343005
723399
367880
863278
583668
458944
142848
948977
389911
84351
196852
405498
791250
656645
458521
351732
466865
339127
271921
957899
625176
118294
478037
605149
627137
892842
106487
848598
937119
672509
762285
914967
72631
23136
72928
704405
927318
821901
381128
79899
745105
355611
126670
863297
47007
834420
741228
448153
518633
833827
330603
362589
158471
538376
357217
173063
554047
168191
150471
48146
225598
738502
984260
612453
336606
226326
155258
155195
656537
994570
138068
90465
607880
48498
345199
303518
956532
671010
852009
933326
168076
30856
784148
883520
489980
629633
110563
601153
806212
217401
383039
581804
647776
717134
510831
930827
865438
935043
969435
46643
50589
762519
805077
399109
468938
234661
972284
519078
145980
558068
912869
320761
80009
952410
782302
944520
903847
260422
890169
869338
744029
493154
992211
792381
695187
48118
361728
946326
495609
872214
517485
781935
270378
217879
463432
609820
479790
274374
361094
417972
782
856601
172433
740039
20709
799889
12714
768518
91350
63526
379043
1248
39856
259116
857728
468299
210479
364898
480300
911930
962875
329415
468432
983093
724183
137698
236522
51380
726045
773056
422957
523796
42584
332575
65863
41864
492584
369866
831173
849571
135162
525824
448712
755672
106282
192461
215807
909317
820165
319612
417704
405378
899592
71799
971913
707914
746081
357874
125926
16837
607112
430905
238064
20659
369343
242813
893918
693214
243279
763827
928211
1749
151054
752355
693079
396350
889301
953867
582258
200373
323230
845065
552798
181476
259573
181016
704233
557889
171895
428361
230891
123981
202986
398878
927176
366877
380461
695536
930344
280572
103930
631824
166462
537490
268186
393178
64560
489324
836782
575347
202196
377237
849887
26847
253693
785247
971748
626535
338210
996760
377203
366421
493313
11915
149384
659019
628219
791654
48408
11190
965246
863126
218825
457520
508875
518744
979199
974811
771830
709685
159452
116255
668924
83753
467398
565162
318235
7621
473448
451269
650586
327124
523687
354279
461832
263951
706844
266827
198535
141821
182621
502741
315098
789804
194571
237850
800641
575714
854515
344072
873871
750053
338825
115108
727459
852193
572147
346104
556740
310235
388088
660390
418408
65061
549374
638926
252743
312767
820288
137865
954974
586949
916319
960398
976659
903237
445882
550083
433871
516794
76489
783840
615618
653879
185392
146775
751117
355010
883009
213095
530355
685176
699131
803377
771206
841347
628972
958314
181861
913393
632908
112102
700221
369920
111346
703568
219364
987023
627074
386144
650272
686502
59971
88973
32438
823055
505402
792374
882674
210304
595586
371864
787877
988592
358077
62086
522260
380268
666804
369149
904693
664403
325278
291237
226619
127491
746386
646764
401742
448906
455999
27143
460894
174400
985453
542799
233199
925032
205118
369025
18872
39726
197655
366650
494308
338399
390032
956619
823287
830281
926773
597800
583985
365435
380844
57299
206844
549767
872902
793827
681408
192204
804805
343634
706923
709597
394899
716534
309283
628015
938798
82449
277950
953753
769833
619055
691662
999688
301121
134011
440802
244041
435336
900718
877011
844014
872457
529332
542240
51356
412089
344127
621782
138083
263377
743703
728019
478593
57255
470015
649440
624140
537465
890437
742809
377961
862742
30783
43416
706800
553440
671741
94471
349443
791524
700019
238493
48187
458676
987012
492389
872181
868418
857108
23847
523960
779847
578409
581592
605469
834904
345852
164536
612037
896120
916590
990916
683134
353477
476446
600118
988986
823885
613577
263843
269985
816800
318534
118494
849605
649845
444657
640762
498226
205081
304864
580550
292716
788807
590715
214226
488458
653761
780209
433573
687695
772307
72231
828169
973242
377895
755526
590661
358753
571850
979624
94183
997414
618976
799519
915064
382562
833345
276671
88361
765438
861658
180325
582403
328463
479642
396177
895230
821604
975662
302279
895592
133561
47469
393137
822406
636150
633071
395655
76344
933182
654509
148265
601673
287603
876682
305570
160068
518301
562295
593501
702761
190302
328694
594784
742914
994836
77719
725227
542861
779012
142420
495120
95323
968284
702693
47242
173122
337985
888111
439188
950428
208397
296013
858337
73881
569958
393519
264790
703299
851685
57275
977564
687225
670809
305416
657005
63320
118557
410474
680874
459987
483291
448618
630331
280442
669810
123871
111436
938271
168334
349092
487485
359770
324341
757061
377426
971345
997007
302527
291319
66371
806769
30757
36756
53078
634755
99878
722454
444374
252706
687714
664921
385995
364489
811284
547042
477840
651770
543968
13703
159573
766362
696720
128454
142581
529256
808754
356303
534223
444592
508853
841073
608531
925006
427338
730382
844230
383508
263434
323130
424508
869799
46340
635081
971546
872814
103091
328766
268269
553216
999386
947004
14835
5825
200004
262642
210046
440214
581712
67604
259039
6864
318869
88825
454144
391989
653480
201488
814670
869355
849485
30151
237512
675431
788813
319118
114813
60137
475481
174816
384357
595755
427069
193464
484840
173770
986458
401855
288206
866169
894025
673500
112795
708859
264621
802516
118762
695934
97564
403507
863441
322195
517146
974858
448501
638591
109945
584616
264632
732478
314909
342833
816355
930219
488912
481270
104496
826953
344306
379763
449598
910218
295534
512743
995807
190680
982280
993983
342479
304929
830164
885276
364664
866763
929813
847202
542936
660261
255109
753577
266190
134133
390722
734548
201116
78937
645307
972206
783863
539409
938400
163273
757191
522995
102328
577995
613431
767733
552200
878980
315684
714220
793141
657089
885618
79310
217960
617858
891774
516944
670849
342166
242534
166546
673656
493746
765510
51757
438462
832870
468927
489620
614986
386574
310049
157997
765938
539145
652226
410564
874987
800317
963207
512594
110584
206025
444670
648296
776137
5474
183605
281466
579991
780378
670857
36991
426913
740989
811565
327580
768738
854110
26158
722989
798497
733557
653938
663384
865618
881011
16047
329174
664335
207709
830644
951526
726620
515482
304625
462057
837895
843448
898349
533975
178096
895686
195437
641398
564937
754764
919141
474697
605931
486272
13114
310589
893203
23071
970067
53167
925624
998537
349173
554155
578695
986928
547053
956008
801478
865105
425514
905744
685849
18815
968341
920246
271854
873726
461619
383657
137062
641484
678315
48030
35346
5807
847298
267957
228714
662763
150802
839257
357053
277603
515427
766682
688437
49909
515921
881883
404329
789668
734011
545419
972493
537937
680279
548339
5798
310819
373243
503329
594684
797318
482793
452377
745785
74296
520284
455980
113843
800744
409281
289094
747025
131742
662292
79396
225241
652482
372294
136337
455003
148093
774522
444746
53186
7699
251774
585581
154900
901808
290762
855775
253435
907569
746463
930243
500289
398592
61592
318512
691045
994702
818809
252253
767066
731870
290597
442471
960720
577174
616216
730377
34634
691678
741442
199058
899093
590175
813694
357972
624847
957560
773845
471070
171971
841025
624160
391250
110841
641515
326576
435760
311487
971572
941223
919415
258016
293088
173301
525202
109911
140983
397871
474681
442347
344764
519654
204697
29785
159833
209511
214274
280715
183777
277883
860685
178948
397035
768326
510716
337786
642518
449381
59361
142512
385359
259062
493424
775931
153130
639768
567878
704244
507363
410172
168792
601804
394827
655276
349754
919239
510476
350266
409105
611091
779005
231417
77023
267770
830647
405197
836168
449625
68218
238530
466669
813560
110757
489209
661869
476020
726819
743305
845271
964728
121741
421303
181987
252208
47277
974958
527683
593397
221523
49371
647290
785331
66475
579565
997095
528585
528771
463873
82471
125421
218048
97121
399173
386062
175636
457735
279530
416743
127417
615551
457195
476600
103779
938454
500676
154919
622025
350377
129875
353184
890568
680227
458296
145245
204985
697347
302839
970744
798045
47185
182644
283328
937064
482252
906133
303726
109904
177030
572390
188259
865471
401701
394540
737474
332492
737479
378162
616682
689801
621583
21500
548338
312425
538570
400976
738002
884820
897237
356327
793233
377269
624347
744082
483488
637387
359219
524043
893420
918857
426486
64881
955222
233376
173378
610652
470049
628810
773147
18456
739644
121222
854220
40911
393461
21334
698378
635997
824008
686743
901270
81800
695434
769843
735153
283576
363295
625476
41385
657514
125364
613778
501917
185882
625337
503374
796334
850454
12729
895956
195575
283360
823551
724515
605254
594663
842997
751900
450811
850218
182102
17383
783355
840084
117412
892119
315307
507877
758917
448439
994981
414353
564274
795925
343391
999127
138991
258696
243668
134033
681958
195751
125405
63387
392058
250437
588557
309147
355786
730878
471411
884275
49105
117064
513015
677252
687106
566163
130844
592594
819837
956963
613263
793861
696797
59090
552473
447104
632321
514205
467107
489812
448281
644922
700116
229701
437635
526400
42369
464273
122697
324494
277812
197649
902980
781835
507929
764211
909718
409575
70429
57661
182797
325104
443791
578852
824575
306382
225677
911723
573525
264411
14259
963062
610055
995472
537560
889272
896930
507015
239369
616194
917792
444870
829557
123145
798265
386714
9748
701706
122566
798577
845807
263077
23088
241294
330376
92883
901632
960177
945807
818341
867812
629048
163140
918858
409348
162058
481628
734218
208993
40186
862865
35257
739089
42436
154185
867889
760695
857600
283568
597816
738953
950256
169956
517063
432981
859074
774831
740109
205301
791016
546448
34710
453513
157551
478147
685593
371208
873783
75083
438235
10264
185043
723898
991114
299773
730593
353418
182216
341926
928130
938461
596792
987923
596362
239625
494104
66777
146419
226960
327069
657248
670871
928444
654032
414565
954786
73445
838962
914874
223520
661220
944632
815524
619228
79124
364852
793903
469805
685804
519229
115541
764511
28932
588716
672311
802419
134881
549059
588237
337614
737214
140377
500011
420561
676946
47999
650202
721619
558070
118896
530207
431210
917576
861898
678349
718688
185965
614132
717707
659731
243921
352979
739561
877207
543671
895173
785580
848902
764158
311500
435736
9999
373392
453107
708613
607613
106890
671259
213756
742516
389399
392904
683265
396977
761295
161716
259515
823829
359413
647314
432243
131440
329256
576118
577040
940509
22486
742093
716190
150718
63118
614612
531099
613563
347725
549511
990885
68241
704444
982734
375810
282348
496793
231728
459248
543006
963100
752506
272803
477008
921073
665962
358616
621234
414250
90201
183734
161191
347667
686803
143375
644066
936009
759188
935019
828515
897344
855202
378473
545950
263457
298463
349418
236047
187211
602740
857592
575203
293729
351058
428783
592450
837450
795589
156842
138066
507930
650692
828628
938262
304260
207943
56903
550809
617445
413403
893997
654642
164447
725424
358300
818606
249564
678677
495155
318523
144601
560710
682009
760442
459837
178025
29093
793799
369106
914635
595909
275977
436960
395889
350570
166037
361
407431
108078
379009
133135
9843
885698
211409
50632
334854
177151
26986
932410
131712
450512
124117
735634
420581
809026
186269
191957
511076
475044
614072
762749
407861
790875
461959
951204
932270
595903
183844
149788
144942
783429
250074
248427
881563
216733
400633
149294
846669
979733
483406
918529
567873
434043
764248
253560
624996
232287
737370
16545
143382
867449
719445
796108
281438
712000
426113
400170
614864
451388
891179
631433
924725
851677
604273
693039
901663
324573
794937
367506
286456
452140
30971
557317
814106
274005
697339
852050
190395
283849
503360
587299
507676
861071
346736
822026
102409
976499
198128
929087
986732
772331
838070
795090
411786
417285
222650
123064
887896
804676
427438
185713
829835
461668
270312
181544
662794
89845
862390
940520
881387
548289
990417
564668
360176
164511
554805
701005
389013
343564
204208
438378
84309
558749
583005
306172
220919
548386
713690
409075
46135
47483
32602
242762
168085
633266
262009
984208
710336
285526
198561
534537
96384
65558
191446
897807
87935
766546
800046
487998
646449
854022
715744
443931
866648
832194
905606
609552
198260
575492
74263
334597
424770
307644
902171
600127
413164
355201
279095
758052
842637
184214
814473
402017
105221
445947
700694
456589
416569
762289
753082
542463
881275
249754
469995
169605
690580
30680
267546
667820
661696
66733
648907
524613
37167
991445
99133
116111
884019
873480
143264
229753
479526
129384
552300
387340
564989
720280
252334
649384
39861
571295
961762
43226
796862
698904
892910
134521
534962
681656
409185
704723
702472
411811
374649
529627
987398
381119
669869
762507
777558
330949
424810
723529
793803
181179
780843
769102
868386
50906
909606
143293
894643
688794
950090
94024
726467
890488
874341
894658
144034
426783
858476
889451
429026
325133
13774
575301
518732
967475
713516
775061
616740
878883
71352
412542
267470
729922
574212
349283
946736
964103
782107
541090
105756
175376
890113
796836
97933
116272
836625
190543
867473
327022
972320
44839
22890
669256
1519
174674
977244
432593
14034
126618
969357
435104
54480
865929
10511
690343
79379
191954
440520
897348
590309
308588
494809
903985
668103
489108
220428
95394
89177
510659
940869
70314
156978
397890
586267
527346
317630
960231
827973
663915
544846
858739
64181
831895
386631
428345
788268
355081
517900
398345
887268
615079
285945
486294
14233
301283
996724
401027
517046
245466
311135
801755
696626
793254
833268
614547
486935
851177
522315
152719
107183
391662
831156
737938
336526
307774
801279
326215
876772
39713
123849
304038
295806
568780
297890
49260
953376
235589
748348
167579
999208
960034
536037
987768
824777
708294
763717
363572
383644
162977
600534
838732
932449
474615
831399
905959
254852
636488
71234
292202
874913
602168
470942
349631
407579
59772
878145
634375
98888
232351
79420
564873
790258
389381
861480
20975
329561
583650
907362
541761
165241
419729
889589
623633
179104
471018
997392
80432
403212
469497
849891
438829
19250
519127
523377
253875
815768
677352
63041
788671
21633
498865
913344
395277
609553
890324
144693
406556
990131
853741
590548
217086
40441
631427
844485
385520
762732
721922
218658
662235
833761
291345
325316
744705
51082
808818
972609
223181
253275
205665
423867
892597
862420
539806
335031
964286
546688
14596
267233
887206
16969
186373
669763
940532
599106
756473
464581
702964
764859
632240
93427
804942
63892
396631
401379
16999
1120
222296
915307
45364
870191
258045
920465
285885
589948
132199
997257
767217
33764
232474
143709
107468
798037
890676
757369
687656
765817
515161
418322
102766
598747
315334
205122
737650
346001
145278
322638
855629
418604
710602
969230
552935
708061
18678
61886
971120
61894
603976
875410
594299
894538
598023
38092
623276
863455
280636
638746
166023
939568
816318
952922
94534
809975
190688
814684
242434
633594
257973
932790
903105
511856
487975
371398
413369
604262
35066
597780
747323
583898
944502
566877
572265
420991
434999
47746
236777
551802
631311
890067
921793
656607
792917
30932
593087
894249
387799
837221
851284
16079
878940
99595
332455
928509
667592
279421
980741
325293
189089
93686
486153
14658
829455
412945
491315
602001
466019
417469
136632
635564
976377
985633
205650
811535
782642
450748
731924
367302
290844
181388
80896
862225
363866
483392
74617
551850
700154
941895
798728
400142
93638
965305
849930
391651
159932
188711
375029
860881
914598
615384
84297
35160
790031
114099
177740
357047
322835
384646
612681
153264
397685
487010
643999
384661
356119
675450
857255
99424
609373
700316
881174
52857
208360
775436
624991
481035
722746
197697
86862
644619
275359
71509
762705
511539
373995
792788
398037
485397
84569
477808
89852
348351
419565
566491
485282
87572
680430
873581
659248
457742
965118
282425
728240
36671
478440
589042
449395
572977
601800
344420
982427
807382
539466
411656
1830
993340
690998
744735
749232
584715
464362
439437
995331
654057
793675
643570
293342
130996
861841
789420
238936
809318
327533
616318
3047
491364
279018
985494
826060
627935
639981
57233
615844
631675
278090
951470
742201
575307
342460
846479
161182
692009
18923
990431
687399
287047
74246
357369
672468
600967
762252
214555
671071
243641
223997
123736
318857
680187
789412
219124
96678
421402
173864
303810
937902
299734
2665
417201
146517
524806
715881
9972
765778
523448
446137
442752
811361
506750
372318
870405
210889
305592
40622
913509
567710
606390
936582
735375
523986
819003
855613
540799
896992
93161
353537
428696
876751
402182
523444
279506
485930
658727
968044
411455
87592
161730
173681
996568
610771
582880
350630
741276
766433
785419
158656
3657
406482
97215
925141
246737
515320
41154
798823
94551
803784
713955
313277
296228
92883
829259
336998
82489
133531
851521
938819
556914
293037
164709
673693
611541
676586
338797
809704
484786
713056
914786
331863
886378
241214
226440
260660
711345
368296
121619
574189
829639
543432
549998
545754
930502
206124
181589
219948
536422
893421
700331
951379
27321
406999
934472
449747
420856
390111
855385
365067
473539
716520
482005
621123
656926
969971
652087
974837
360801
946003
664780
986068
929093
829820
245119
194211
303966
368693
388069
436869
954099
810403
78441
340576
69331
791065
947671
224245
579294
822484
264176
24427
437906
119756
612495
647629
775170
463036
635732
397398
58173
739169
646083
743656
825818
153707
33048
434491
912310
236594
617586
495175
482315
415974
665220
553245
878530
840087
43340
417287
545886
255161
794964
273174
911469
177972
870619
469112
238518
963167
344024
931836
61674
737844
841542
391690
188378
493641
716949
651634
674771
301455
671508
940801
948205
20462
603970
615312
866888
825181
579098
157853
829483
53525
835536
660687
199885
708966
936728
398882
533142
367886
811460
980042
858467
196105
795945
479071
832898
153061
988869
671836
266839
525693
402871
166088
728772
721694
882331
933744
601768
736998
593133
12361
990306
773436
30511
346691
671396
707855
847613
91384
187459
387980
583335
256904
215504
474636
852225
681583
74193
580977
790576
143712
603634
539284
732269
275100
741627
60844
102548
451016
230144
955001
361320
456477
984544
949688
14909
934530
716578
697645
758907
555085
748496
892478
500539
163728
548149
923672
819016
303791
2954
46817
280635
369701
672706
581062
192228
828125
540657
139055
851604
350218
968270
184031
741341
795151
153129
576805
317242
55072
125245
699830
670041
788420
829249
28735
169165
896506
597089
402129
500836
143613
469605
949842
888010
880285
735979
232389
675450
62277
800750
60386
931071
782091
848752
839450
168510
171514
365251
647117
824244
117956
680657
330632
747636
979209
9302
520799
381447
417912
521103
153534
615851
756751
378497
780603
302194
276641
149404
98349
777690
115182
35976
310247
151788
178392
241261
760804
118103
742142
385373
430344
389943
448761
128032
466078
744446
948458
594034
148727
736601
13724
106631
207444
633611
449504
812434
814308
494045
505007
623447
191188
631478
584529
645746
493792
472225
998066
266741
218816
173181
959124
411750
411124
847450
862197
88198
678817
797509
544407
229311
165878
332578
934439
224885
26848
26191
678007
55758
63985
380752
919812
890802
863376
35956
947944
462064
728593
314891
795077
15879
723893
413276
741379
473620
586863
941793
859356
105132
588300
476971
215992
878539
890195
789772
335098
683415
54609
25979
297801
798035
528947
705760
167077
53318
919149
666301
770308
833548
278673
351568
38458
680931
230262
708688
24511
171727
169989
54539
505754
575516
830603
896137
829717
525710
742444
355756
180067
766080
748624
591245
548355
626644
272332
588127
592007
405593
648109
460467
164453
968600
46998
928779
555848
523616
323868
943726
357598
553997
253845
333216
44081
235069
874295
373414
612558
748734
566567
619751
581484
271438
329019
731532
569981
452100
159144
106747
581104
373134
293767
915743
810562
221802
640406
133291
68826
944220
855935
691660
246930
724636
519139
779407
947109
522366
776865
834170
442293
451991
655858
539151
575978
697696
3853
815967
253063
530340
522939
444272
870924
444687
987001
813265
500382
21306
749716
181147
218239
70073
228306
406375
370750
703451
153384
97745
47567
767411
218741
257314
228173
470197
259553
23763
230349
219533
374251
174441
108094
947141
270650
125887
458674
129928
906814
51628
615357
185805
557452
655052
410331
891271
686818
410065
34592
466670
725099
243665
272885
161110
442792
663054
428983
435959
998694
818074
934308
735759
875611
746293
842851
857508
619209
490926
802997
380283
813103
309291
873624
491597
972029
442753
475593
563416
481484
837564
339626
863362
567222
68782
432995
159039
131593
449847
564625
594929
898568
937993
38478
24042
177406
939615
483492
944622
584051
30288
420188
4953
407732
765732
431663
252578
759972
85872
531688
228176
433503
791485
882605
881357
126535
208057
317806
115331
175846
313866
436882
697798
422484
253726
155067
36270
537099
909903
274842
463051
834244
680323
13361
147365
908748
131227
945283
342573
752209
21913
141633
517296
88896
504864
654493
190795
981973
788793
526650
377922
358290
663867
739503
82726
968309
862686
571217
740278
357493
8358
299601
102465
757967
103428
842905
714783
30420
911446
193701
675640
970917
77358
331257
334824
576744
732152
713622
448706
947328
662584
377017
686900
648653
777124
352296
753581
614306
628329
168885
361594
405874
657625
942376
852018
672055
598298
588712
180096
878883
140808
794157
268208
501165
784632
536149
74856
168892
527332
923794
601817
627712
436577
513964
911525
54538
754643
435195
374689
212617
591427
624514
468731
474548
207588
917607
893604
35686
843494
95474
934105
855574
87200
601443
868589
961321
792487
235977
347616
753843
121053
796656
394426
210981
646026
785327
691169
995036
658670
320711
44575
746292
594697
706443
107936
842502
761674
796586
102831
923522
130153
679103
55022
33374
138039
301080
55042
191878
882423
505056
336544
945806
158248
798151
653278
856039
843197
488660
746712
511641
98138
748989
388645
887600
719528
281177
409385
559818
18243
329107
979083
630656
961314
932476
165733
971276
662191
237643
153237
91897
831315
92349
120106
631301
327283
550924
437234
144212
415985
259297
819777
618374
635990
113710
525944
864657
485982
732198
903843
997623
498324
259208
517558
634225
703661
635409
685616
935571
598985
825823
54649
818398
992133
598846
608328
597584
625839
567846
416322
778786
311893
685027
126911
665097
166766
867149
732512
756164
347838
70877
639610
107598
240719
704182
395458
753943
318297
185476
785713
643970
854145
179357
861441
573352
136844
59701
584375
85913
529967
945821
604855
623036
654910
719789
893696
365730
954354
331271
40525
515080
833037
678029
989384
76872
468790
946565
167170
774356
183042
562710
55441
257223
883044
380111
299796
213493
597909
205863
962903
708368
7026
900576
717361
804013
782049
523465
643187
228534
666735
306141
67333
374586
962528
500104
509431
156713
716322
47948
9430
314057
975872
672545
991973
539476
467315
637887
263239
597153
780337
541543
615708
409592
684416
627378
859699
786887
428038
642644
861184
119526
853496
603417
916028
973054
601191
438286
794300
315490
794390
501668
562369
283230
68464
44474
980681
485720
345525
733376
709192
1772
242090
997915
192427
461864
157832
828504
631843
414428
420458
491416
457944
204426
979211
564790
830880
240905
951582
479157
314786
819835
989810
1551
720563
752644
920423
212463
537663
95344
502382
996394
7990
530182
798387
410921
692095
795236
414743
635164
652004
240696
413816
581039
606512
790936
500374
709573
491821
590982
396136
496482
719113
97816
436430
772164
941625
376485
927533
254627
851393
237500
157459
452698
743461
64598
489667
39556
901862
233982
549117
16782
695476
405195
337559
796929
725972
650264
1999
712013
219592
84802
861090
495560
241569
624027
109586
830913
665012
630713
317091
187456
237038
902473
635739
601567
640021
947446
74919
312215
339779
711220
615218
212694
548818
6361
28398
92069
632623
252627
727626
670428
109623
136188
219265
97973
326175
695760
334774
928148
939475
506199
706319
348312
744761
185657
382385
588228
44756
161244
821434
761230
774164
464265
196434
604686
816211
370528
263170
564435
724094
230413
965890
513071
476551
367876
190518
219604
441558
815700
942423
718200
2759
210612
908084
544928
778937
800725
533149
214482
816610
267604
945906
152399
971009
988550
912380
171208
997520
921574
994851
255875
466304
686197
967690
326552
232801
10916
339442
519943
254198
815864
104387
722125
264603
375683
125399
350758
933778
374499
842224
688085
244694
980352
849097
75394
609186
453128
460134
494095
970958
236130
401396
818569
692767
483424
597005
689319
937865
952292
745696
381194
38028
604467
173163
731659
527752
704675
752890
819684
710191
401257
459381
224901
654020
742835
355316
493539
244474
373886
144566
5609
324646
563468
820731
181499
943595
804940
636061
979107
218869
368047
132745
758430
197178
31809
354224
238250
683480
657610
262769
513665
85610
293746
648450
661222
557648
561074
544817
635089
150144
263539
12128
210805
4797
384732
875981
410793
447747
362088
963436
732732
624017
274903
157932
344723
817123
410250
363127
167879
681292
797546
750428
103434
342831
23219
361810
482358
553659
52543
55333
382089
642862
315086
86371
712058
575731
277539
54755
851954
828982
916131
249939
621390
814743
121481
355465
48859
185873
445906
86765
824751
681659
929128
250930
950307
994584
423058
77262
268115
436844
853312
336683
843586
314490
51922
443001
87556
72413
903167
49569
217561
269039
775192
677386
335649
679860
5234
261126
186122
379704
264234
538157
806339
328385
796313
664454
816951
773515
424634
364963
719312
224697
49704
285227
920075
998085
559447
498414
134124
934178
645549
965015
179335
589863
988359
188284
623446
261440
606519
794419
412950
984017
977776
680266
338691
564620
22802
836823
945617
572561
605260
213604
34667
493861
933898
554072
281293
216197
292259
882094
475362
946734
998048
625377
939386
893306
60446
545496
768658
620322
459097
87582
517889
533713
362525
681621
178702
740028
193377
91735
307300
924057
17204
147814
919782
990816
685560
641044
761251
847309
945449
593145
289852
338799
507103
146455
747383
928462
222871
68571
59486
160943
926861
654877
901423
313321
381547
682520
283844
159216
935552
722918
541249
572209
80747
270834
577005
550055
625609
305122
719952
808015
236530
127219
206868
92693
965962
244660
39256
362539
893683
946943
333486
567866
763856
20294
183188
30622
807032
787101
657863
453921
221219
937023
33602
81994
990108
973101
67224
217301
730649
937393
296542
692168
441761
698542
911728
690188
541757
148759
451662
603008
63495
609668
150447
842210
77889
666554
691195
182309
869471
463574
345243
30158
549179
128372
24262
74287
964100
254866
30547
987106
370524
187320
910086
962666
632673
208409
293712
650362
787296
719751
919241
362192
794919
911332
909953
445919
936926
834078
360208
200273
436838
907429
753004
848995
961373
495268
751525
408403
451229
75325
40577
111702
790218
822934
511477
585935
196085
946291
476508
818562
258021
316227
212121
256673
960415
323124
259748
91392
391018
510243
353195
369365
534780
883769
215225
592933
91859
902966
592545
730668
894447
65065
873632
278560
34291
130561
835859
582186
582443
319631
545832
803455
112234
531123
644878
926248
526820
98346
929692
139696
310596
245880
538112
905224
858782
758232
522996
391675
482730
99862
514414
167321
244490
384366
10479
281419
768863
765976
689196
756440
706168
99493
490423
328939
218562
389290
448993
962537
162793
344951
854702
248908
951743
890776
459568
867968
795783
842992
116268
457319
693257
231816
557236
139883
88748
930195
746870
300865
453644
682581
92026
946300
797361
8664
976520
370176
85928
710838
95798
956312
292205
826577
652085
766458
376818
370332
171954
795461
391850
845612
209177
198327
586255
414112
774405
218423
399133
767198
116084
125501
849780
978049
238277
877432
428529
797528
119119
683546
846528
159391
590452
563725
315370
12594
516834
673214
509948
86981
35071
142099
756496
342337
377988
936422
793310
210554
753925
234660
370050
36694
94537
61722
36580
97918
539297
507731
988114
902015
161569
368083
795743
684742
511576
391087
316702
788012
557688
175734
938107
310610
260537
168855
241666
579901
590604
790983
876635
222914
126330
416784
628195
62117
944318
550647
470734
826220
893710
805328
163765
86230
537286
107926
345806
926100
952996
846321
222266
37066
493328
712356
364592
37988
305740
237321
423431
739885
888221
202260
385404
595704
92175
593141
8423
747064
665711
424499
440284
758350
713882
612936
670645
296337
71159
134436
732245
366524
462149
258226
587840
347281
696719
723851
539619
700504
229118
634763
546030
849098
736158
241418
861127
827544
990215
288422
239175
679132
673924
956214
396697
312392
425141
164846
105159
494576
611265
374630
206156
114159
794438
4437
254444
135967
633059
810430
501477
924135
317926
259448
509584
13841
913576
837938
666105
794057
327237
673624
97373
873032
746324
269795
249836
403806
461954
441102
673001
664653
847676
127262
830811
823219
13100
135581
283531
976371
387049
49698
60447
424033
902474
243580
753592
213461
370484
784189
525875
864092
542805
231525
429075
736997
621715
813350
554008
242411
166933
181066
295898
181833
150708
64205
418769
577517
506996
389993
868289
110844
269241
74643
249261
423055
83736
575237
247049
599118
942175
986689
828835
263887
465446
22127
643443
860566
203636
903909
829179
800657
650235
301751
271637
545757
312741
687980
856263
54079
30655
501284
897683
329740
495311
114577
700722
161334
715712
241831
503303
33887
593698
565544
641490
918159
99085
939208
610560
391761
381807
981499
927725
707716
413354
582925
433241
38220
265219
53839
783056
337804
770162
846191
814852
316290
336190
660532
904020
914765
925441
993721
233867
772310
38228
453160
159139
352201
167970
36307
319005
967774
757002
291952
540745
149444
853876
260230
765856
263042
942893
967132
972180
407251
389662
586446
531768
148153
600578
626002
519863
331507
885592
329638
278263
728127
754566
799725
43086
770604
753415
738938
206889
292057
71761
462521
234757
109042
925538
73151
329135
612276
445809
650087
98836
484236
558568
966384
940849
251655
667531
32116
454957
56196
720
811081
520439
967154
827457
51427
768179
735487
305435
339160
286772
561273
559204
968779
198982
713845
599762
642479
640780
326480
644952
797142
824796
180801
917601
146586
916218
533276
39694
70091
456092
373405
84650
740954
162785
903582
279130
283148
988938
279173
485737
804932
417700
669131
609628
186552
9577
189831
156744
23754
162577
346781
95740
365522
446672
394433
131142
57856
587730
326198
317792
231922
39294
432682
356571
74200
151292
196019
759485
917328
190305
317713
148828
99902
774113
351243
258081
576912
139952
165048
843243
733687
336985
683067
165319
147605
93269
119516
180983
769448
406490
955361
75810
736087
258394
425132
675435
592038
653238
150505
235060
952360
492455
778655
451578
383907
990846
640747
231744
452527
262358
595576
741290
577682
893553
961799
220607
863914
756898
399043
902798
622950
690497
238815
376994
602833
480169
587867
951306
920826
751161
315927
63894
62211
322474
231297
783776
849728
85944
560715
95793
753547
369023
450227
464004
254649
822580
886101
525352
709043
786912
187156
553946
260400
695020
228342
238550
432567
554195
34225
111232
512820
846915
894876
788101
737542
701041
236663
354274
600385
544573
256569
954479
474954
854705
221345
156038
189071
639648
131663
524916
601602
62145
991116
97527
408933
554060
661847
283210
1320
92594
962808
225601
380457
870202
181887
497205
47902
755781
793671
560816
455315
716488
108186
363766
435278
979952
862151
237744
339696
174521
660427
923405
367943
373923
750417
120946
979880
467688
826803
828540
369355
242875
177446
494557
502501
279724
738064
992458
563352
55885
205175
67557
11473
834645
577268
207128
604078
660066
701064
800282
608822
62511
244517
671729
805597
985143
693384
209600
916229
29085
502882
672263
914162
488268
883087
646170
202041
824160
357766
653329
844140
225219
28923
409098
46610
428506
8738
924928
83740
260500
62397
321483
831222
168371
910163
424909
341656
482486
693855
351897
22995
419352
776776
805796
349913
220140
108567
989978
137474
131161
215691
385746
551611
769736
367762
280726
678060
278557
592503
704385
928698
836615
799160
928379
577863
308511
260702
265859
450681
938706
597485
359014
499467
296262
426449
428526
396429
688210
550682
37006
945881
506809
239875
411134
976401
990361
795761
179
473022
240161
184330
439526
665515
722839
594877
205738
804522
867954
162685
411096
23541
545538
910050
907171
331460
36863
626648
355224
213844
380708
735037
308293
229217
691473
366437
832372
569502
76351
278732
605069
222907
857169
582803
301890
215888
284779
348946
944222
100643
656088
779048
485974
881028
405694
496726
629376
892861
590653
970471
898904
408946
890966
82909
590083
655255
199276
529383
835215
320356
663461
567958
151911
542243
714035
898763
235277
654993
812510
231139
703949
544248
655318
196704
884919
742775
93735
947787
323188
501341
39920
730061
982543
94208
437347
251307
24180
693272
35942
104632
4516
228124
279847
731442
177938
512146
800493
178594
754205
275894
749915
432902
833263
511918
848336
559995
161054
129101
33036
529161
798794
602615
763544
130438
871569
738231
306827
431086
476075
618807
957624
519451
607860
319751
540670
239404
144429
66971
340636
151358
982104
539250
135300
510258
187927
396095
749826
328482
698640
259267
148702
326932
430782
412398
185629
401825
999798
223073
541990
128050
875631
398149
950758
192396
993342
58746
523931
429970
304462
241854
174554
101310
133892
449062
481837
99841
265264
207705
204165
497794
194149
324243
887849
398893
183009
326228
134009
935767
687621
518453
595757
655896
532246
217645
563171
610569
966328
531055
369294
575093
148654
269954
751889
452097
394101
272201
929109
352692
811950
626149
806662
28055
149266
765762
547005
757069
97696
1701
88279
106519
316345
853476
70550
11801
789626
9458
813514
609269
930680
933302
191958
573322
880303
52237
464093
972693
901464
962377
78014
273275
265247
901109
879155
945123
228967
369037
523538
739881
437069
347809
162159
643187
129478
448644
520269
83705
934991
286539
213098
242265
47505
228192
202553
24513
434089
307826
861123
763717
529202
979173
461888
109390
146551
676665
360188
114824
669672
167272
767540
147973
238000
809720
837096
519978
576670
221418
810304
11916
754348
978442
949496
124759
406937
499500
481297
895627
765170
17531
22428
796223
829738
560525
425016
106677
444406
524636
480931
120708
840330
326364
808532
347024
929896
95298
893676
564723
1464
659188
284604
477819
988482
424749
178548
74591
277010
148558
378681
975976
63009
133030
355762
176191
651105
250903
311195
334468
836420
550547
792060
544221
156658
186488
622697
983416
237010
215722
416283
521071
68494
414716
646806
899480
454526
266305
617452
192584
218621
284034
222476
217645
920845
475751
749432
446000
798122
153825
566009
41205
397695
150813
149232
555970
221615
476334
429796
927699
964841
165456
958422
887024
143653
91931
312117
263748
32707
489415
272540
424288
710694
258923
360061
605182
940623
812621
166628
209884
914704
744903
576376
37055
181684
41089
905782
900133
409263
162862
255281
755918
348076
842388
693530
851751
827125
784655
542163
363472
857373
924328
718698
750491
582957
147076
92893
341317
30360
778306
136868
635276
121817
840455
671470
195745
485233
428230
418862
205607
201229
534808
28109
552241
809630
185193
802530
130011
682844
251669
565313
497885
500382
725744
855354
692211
219828
364176
924333
704887
914415
368939
799367
442350
246339
420551
941208
732093
606242
184742
90625
837855
399567
518000
378494
821957
136222
683260
773505
127564
674594
711739
936749
813625
371482
352504
21373
718349
928796
409646
432605
684566
125599
238823
857277
648407
674602
410702
625372
729822
501982
907112
224595
3011
379605
112855
673530
849083
631874
191273
358272
550755
548978
161324
811534
516203
672364
582858
635504
670486
611598
336960
965350
632269
544662
893662
847413
615209
248280
765866
499641
701605
848377
234255
997900
592490
996329
921799
821937
353766
525670
581251
426320
446553
328913
610807
110382
931478
483054
500754
22001
249715
934277
188290
89626
165299
802089
711852
859461
196923
420926
849267
5173
798677
166453
845610
721225
286289
515620
74942
578635
111343
287722
17945
400265
399590
624578
427109
307206
928885
369570
72683
300865
663046
657185
449102
817777
120331
785530
629262
887111
379446
269066
994290
243679
819358
78214
709528
164471
500874
159330
578698
847469
391324
658001
360331
803276
188072
290697
133067
679168
722462
98601
927324
178308
322572
785106
677725
618975
642251
313044
327747
898209
917359
443365
279683
453611
537298
460193
382095
722575
507303
842872
157643
556307
136785
475533
266204
372936
128071
994170
797204
959789
495964
499227
259080
720008
719235
871451
853549
769170
76487
518241
847086
157009
935357
886234
136495
354324
386467
637541
386221
657922
318298
372716
982266
628455
499787
913528
873139
422779
607390
555761
432909
292721
530946
922560
532768
253484
861642
572426
28860
493626
306575
367278
973549
816842
46478
89996
893260
81755
117066
289341
892541
529648
59855
379767
862021
430606
939105
874995
381264
139898
100926
22944
890263
203172
312193
223929
719335
652585
150459
833496
331094
573102
464477
170285
218355
255769
335307
151961
57109
511892
739762
235225
758929
148744
834976
680071
577097
593320
496799
717965
507491
650362
744634
123706
329566
957127
867866
457690
291612
564304
324221
736117
208307
529658
554056
25654
957238
825035
494007
40055
942349
379502
818843
701297
442647
533704
802933
760844
267715
902318
772401
314937
673085
820270
269722
661946
849511
722760
33867
370433
955767
877501
980672
685494
540674
216381
651479
384720
818235
279835
460409
147451
636395
840177
380324
690572
2520
43731
545330
558961
903987
735954
934824
979442
208130
684037
862597
381786
796205
713800
535723
311965
55478
643836
218837
279533
305624
51712
742765
391810
726562
855505
855282
299554
812567
708380
15413
90839
374913
612480
934173
420947
695463
36025
560426
332918
816524
901282
683779
262962
990425
730258
977323
213415
219335
586364
569961
112458
811178
563881
779724
935687
727486
937170
634247
54792
768342
384905
591303
520688
553766
736007
103972
608321
213272
583751
317288
620378
791412
220298
411308
709393
157306
127997
154110
344077
230107
729906
726934
862361
78380
701403
989676
926193
225979
310602
819543
829220
765991
483946
685737
98551
867218
280937
461704
98665
730263
652960
945042
857155
236414
638687
757977
702157
622280
693265
687746
484688
463463
402694
727189
615629
908268
635718
970854
234618
616675
550308
244509
396700
437073
430435
438615
967590
181318
928427
762713
745742
302087
310280
616111
583342
25813
894592
133329
356686
67584
387657
656539
472606
114318
713490
617704
815033
645882
832286
840259
813714
150306
25402
753448
463303
599479
119976
62238
810191
377311
839114
17849
689509
379747
209894
852467
869493
421692
651349
190282
122905
110591
752825
531672
336310
364430
182924
619074
913826
905059
257557
239940
675866
209373
147879
641988
579909
433688
164001
454267
901676
978034
718607
620771
853131
922360
316791
213531
280326
242870
248471
673089
922090
180882
590895
239617
374695
554649
60492
775863
659262
129398
396928
111026
295885
133489
392554
650391
814982
114024
737760
754118
559584
105275
181581
936253
101704
624837
879719
421546
664947
254336
695943
81560
540892
694076
995139
161281
335261
184685
530938
826610
517536
704775
274368
845684
688071
499017
188310
790724
260491
986533
327945
937608
281736
452810
208003
487127
995653
314275
686060
245074
527301
962062
877006
451217
632401
6033
666759
777261
863508
496942
895403
254315
996253
786563
347247
802140
307810
855366
93397
574285
947378
962175
774707
984249
857841
44103
942893
160716
828100
524880
481189
657184
18493
100204
637833
608157
427872
727375
740877
890792
824666
341593
622076
394886
884386
8219
806295
579021
850
809374
321519
933670
313952
986171
319676
192990
323981
119397
205447
503116
737018
866568
401738
526260
204193
420533
32819
872601
67397
763918
231951
899085
686965
231483
923001
655292
358750
72743
142540
661533
380622
60617
74197
454354
471586
776738
75940
165646
794662
40369
771938
643490
487665
233295
704803
3468
93393
399077
806894
999110
535855
465528
177186
768661
741273
475778
854454
870549
604049
540229
675104
207769
350976
859200
403454
313243
199846
779541
169442
239431
621176
713886
306706
955331
151408
566947
420846
252900
804573
107000
482215
875037
263545
967951
343005
771962
550240
755377
428427
59981
653916
274328
45669
379787
394898
289146
152856
704981
86249
262466
988374
266306
22941
978866
650150
471498
162702
904462
508193
400036
145972
395740
144937
939434
458780
993506
25893
897931
834409
402955
665845
979811
634818
72596
690798
770266
979826
284861
718057
936833
274587
331270
708952
971729
602276
503248
986314
85112
767789
93030
844745
84285
51708
304736
796438
946449
391860
825891
294628
657573
336910
264027
465615
626455
25740
748240
552787
134574
279937
361451
230147
916700
775927
69003
241485
616534
115246
78822
430254
987995
689699
668587
133156
390547
291184
414134
407565
866774
307270
807649
424643
333380
774949
702073
335402
617224
876591
561429
668215
697673
924413
328272
679811
796192
485702
219152
157682
45753
846448
314855
380092
283890
929561
541154
57842
510761
811023
399728
548150
609287
644498
868270
763467
686759
999045
378433
158321
987414
643247
728977
225627
991824
670607
571736
921570
815884
867417
175456
972907
893869
101334
706455
72433
942000
197333
18275
611277
502016
333879
801264
680332
194876
307117
101084
580346
794696
352335
888786
448241
349951
799344
629941
835753
550821
393047
803188
978201
653628
461004
412278
611548
509269
435892
980946
381376
560163
761740
655222
911684
617866
237308
303873
392745
709755
153326
431490
701814
769410
543730
292920
253850
298874
822692
308580
787411
28972
316326
635469
664653
727115
636182
62354
545466
792659
493895
220621
159446
648464
442055
427351
743749
962116
51704
655438
776628
926887
285383
242236
481944
573795
136771
767743
553127
386836
934680
740643
745583
959003
516105
7203
629975
459846
340369
464738
731124
981245
695439
796697
461083
994453
100254
399168
584487
702337
134433
356385
748134
686718
70351
71018
200509
611968
912736
78171
652012
664798
917413
286269
404552
216844
59433
827432
671726
453991
777705
27335
110010
636765
319173
16836
745881
57004
153003
484163
590416
738130
909511
197904
554642
60722
713030
761116
604072
540290
424104
920153
541862
838134
773907
92134
613346
941465
404130
740328
914302
508681
783596
405045
501590
475851
175599
393620
915961
838567
139894
966330
727998
257050
822562
191437
506455
77239
799984
253930
747285
481974
792152
138102
49702
271064
829080
104761
539216
152897
780610
212994
307322
108159
502322
460640
280343
693747
630735
620960
362022
332337
716343
101293
917815
150324
478481
947656
387867
908747
93439
335493
977150
462439
55060
712738
670620
421650
985899
664486
340028
259355
738422
956384
255778
400403
268397
371026
940631
573971
559523
830264
65198
586455
128190
828366
326376
330946
846415
360275
334026
897212
434765
803829
93523
695744
877378
783165
506728
649913
786987
384639
665747
970252
999127
140719
704886
939024
405244
242696
717040
706688
805394
957501
639942
492989
40556
801954
988025
15322
469584
192853
320452
517261
406620
656206
265571
972952
135858
425026
557192
910256
80257
426760
533049
425261
577828
406585
604768
140706
162647
875387
118268
999490
584301
244740
933217
144927
662411
18588
764855
943600
59727
142562
597135
23242
461917
227368
481557
438289
565905
640343
959415
208741
462290
821294
995462
344293
569865
822198
631576
210643
954252
793622
486714
247044
995088
819432
550197
887756
412295
847237
634612
291150
822279
298734
735728
890805
527854
452131
543687
831203
611854
356644
435299
176326
108930
983554
25009
856440
912426
159869
979207
711089
678198
382829
573672
788724
692327
920677
386473
630156
380640
941738
458863
756904
831688
340605
222980
561203
229326
655507
238138
262815
299720
119295
572329
142754
12405
482308
685114
112147
262216
656357
592795
129613
912059
425130
302863
102723
393398
136256
476763
794558
623939
629021
661334
543927
509413
220181
870490
953012
968016
467426
565990
563528
169622
388425
348085
604651
855240
801578
916342
499916
523068
732545
527548
334773
726317
927611
663953
299206
757758
819088
868061
998054
916753
8720
794553
985464
171877
588315
781956
119106
996399
514281
221553
292766
223156
949504
107025
753088
617464
531632
446511
246811
512247
12985
437704
368161
427813
813963
641230
860038
338055
850327
291455
172395
512724
792089
963041
237706
422338
71758
742686
597067
980880
923317
809630
552283
599441
999983
366792
407077
396755
248863
850242
342446
944971
37613
614310
130144
433325
41756
764616
24730
902456
945081
405462
393400
436832
668806
113830
585967
46122
403107
979827
460415
515851
904036
166470
119370
11376
353345
242855
205723
258388
627074
774725
208176
804941
318729
776449
350233
864168
896925
337326
337172
915252
53459
243924
904610
63897
25818
541166
323224
921294
655213
858634
626752
134648
285573
213310
629128
354373
366845
838340
15525
839999
679991
423019
319332
477388
814130
122402
56156
899283
222228
493428
389636
898188
217895
340541
507831
906215
144106
332560
650406
498690
587140
357989
694619
724102
267410
335744
881072
240820
64575
71198
326587
850211
898688
842665
626022
978219
659541
246088
734063
641955
773561
475067
841536
112670
504604
365961
873330
967989
311199
840664
350332
93896
171479
416201
96443
886642
482698
129806
599962
658978
556985
917076
296000
611184
753827
127385
568521
599655
954076
522874
403607
707153
26244
974459
322904
491562
738307
227704
531030
157445
687475
880344
251005
460786
824427
454999
333683
393187
907664
50082
53867
521686
395711
488626
411556
427301
614961
516004
37986
705729
697597
474797
366300
400938
174711
624477
644756
330970
919949
410627
81714
217599
550417
448688
842170
990371
549416
328880
822661
818125
745491
86036
165742
681708
281626
33598
257242
917079
142341
119282
361533
534268
363166
773260
871131
193631
499419
893330
258850
521963
917201
732424
344963
925169
546582
818242
772657
233737
372891
271692
503058
488774
867988
171258
293689
847613
219642
414695
434873
623995
919441
319224
831420
343991
20654
981908
714413
523092
901567
330707
16553
371806
820159
876547
51400
502789
328005
14522
789048
110025
519659
214240
899120
819047
20586
609391
792783
3503
17790
140994
987343
540694
177963
37717
659164
545188
747782
636612
757831
766823
651531
78343
45236
406487
803289
24576
206559
304227
478172
645079
860644
896341
228520
664885
966121
718233
535073
153278
370930
843071
989504
224391
221759
793619
392527
982374
531213
615400
735634
26901
328870
396530
84706
243775
201008
599781
804362
109919
439304
206718
505839
950428
29868
830862
17950
486749
793546
225843
68751
641800
690032
522578
729791
150966
964879
504960
494309
219116
130885
652614
251960
100101
7817
900745
168010
157639
396593
275390
173689
817544
427716
991686
280707
455007
845761
266147
403547
864851
399678
175543
420642
335982
292253
440577
452330
845698
44771
579475
777187
879723
537018
138316
582678
467160
527947
707362
161157
385089
974760
992371
227159
200945
367973
958576
942811
455210
447469
314734
348352
332249
217439
32263
824660
336756
444876
953470
272490
625861
182045
535475
854805
540526
568525
395567
600250
544808
221795
668827
515700
677216
136647
998044
454677
842652
792187
44593
18963
498153
652169
430129
798340
132262
592690
570200
874014
95968
236162
467992
815173
255298
727254
878806
612829
411139
209082
34898
964309
571924
617806
305016
818197
34302
953476
385085
724906
294993
277662
190021
609728
964849
222329
329015
147986
221354
184878
577979
57131
258098
910396
418271
631291
114042
938555
464591
393159
178968
151801
429485
268291
760741
61665
658023
693686
147667
715122
374480
943250
733224
418315
132626
6086
537208
834698
641840
132598
154744
192876
760868
867818
204212
537623
906221
704463
623147
751392
216167
648874
467523
939495
198970
664938
777699
260984
647849
413570
10068
776106
843176
114336
488480
19324
723566
949433
432195
850570
32965
345901
624873
608093
664762
92429
191767
712761
813112
354560
121619
504753
615166
188186
231715
350658
86950
756022
807811
464483
766969
675258
668904
833333
839074
542797
219266
954594
183406
783149
658423
364933
349511
52673
116399
94265
251310
209713
402311
440231
912882
754269
373379
955576
865292
225516
412626
843024
234706
650699
62125
754286
906124
422691
324149
291082
285995
891180
83945
255012
372618
91732
988153
995
556106
222492
389914
987296
160281
209843
86670
322596
793214
296760
158668
470495
639359
60196
159243
183666
841082
425647
223044
480718
734648
901935
376687
99682
9201
87354
874496
849126
267043
470297
831221
401460
442592
299455
724081
649560
643243
882688
561566
34909
977402
96058
794618
974184
414007
755066
330651
368814
66873
910818
820646
310086
670586
22405
524774
290250
367212
630981
887258
221841
272233
269658
488238
699873
48215
606935
551590
348194
251415
274867
708906
34558
778257
185443
236692
185738
551387
417677
1086
629605
596259
671657
975997
481473
657519
824054
166069
515660
681535
20504
200462
131708
977533
630902
982436
491786
106401
868611
215999
420995
532672
702833
281784
939419
645904
185516
430453
930916
920683
156078
236937
329111
571396
15956
334062
2498
790312
102478
122940
794785
609120
900721
217183
839278
529426
621653
543473
665702
650771
899576
947956
93732
865203
550985
960164
215277
956199
389021
884420
304916
83522
171415
315731
497468
553637
822642
827239
599428
658844
942316
410859
93036
96934
703886
579366
833254
438883
586713
672113
146106
361985
458456
602882
846735
197398
331883
725846
167635
32865
510690
175393
155852
43255
999251
380038
663365
18384
460881
329903
671773
721315
131956
652839
533678
834217
934699
863273
246138
633101
953336
237484
291888
368584
668768
311073
61254
883167
553537
447143
742571
203975
966973
286954
771504
671265
223155
537186
962236
369609
324312
521483
197805
538138
437366
610761
761904
729693
633499
473691
694999
375307
699800
98302
474195
413525
42836
163971
387443
609365
235354
28536
684310
966916
992727
764646
980059
85903
652443
274272
632951
337089
615715
565351
816495
194416
30873
38421
52521
665438
249980
387115
360482
375679
162582
493485
904622
371673
425019
800188
356777
773079
972473
924136
764911
123293
868365
141715
369212
955665
447188
613118
753747
531343
140384
734084
503710
902033
889694
135502
177165
734430
36271
976171
308008
337153
107841
504242
586790
394837
81378
742944
952849
773347
911146
959247
31333
570226
898850
916631
762316
618176
574318
985592
823750
30869
910634
468174
973683
833845
280338
972465
802673
61311
17480
161107
624280
798696
78265
463790
905383
421008
560602
274323
480915
651821
959603
685238
8085
935041
250284
581283
338377
31385
985651
426767
165277
910052
182144
703804
35254
336665
73864
369182
4035
961866
556897
149304
290939
143096
776061
291212
305888
217080
710297
102769
697542
998755
223901
164682
500236
462813
867973
323767
428618
596708
955375
239360
880335
214186
290222
879826
63405
743336
843187
354484
943670
158146
662925
449970
963200
892888
507903
964323
771845
102185
506108
407808
179574
752257
928905
42501
924656
421794
454126
620421
801602
341476
659668
866468
440738
258295
167754
751251
517033
865518
149607
881402
753080
554379
342142
205075
591635
222824
550612
518531
27477
195998
162518
507467
981223
865363
710577
855737
912701
540844
396835
132014
959911
730925
48668
854258
106070
150104
679506
490598
937653
631253
77949
531959
814081
99322
740811
968428
973858
657551
305927
185862
163274
624670
620129
451888
251861
404327
465433
63002
747169
228219
681999
294190
185350
978266
443811
993554
851929
803573
191884
643600
674827
69862
872000
86258
307708
809246
721109
110120
949004
517
792745
706384
422981
961822
124247
133791
40866
251474
208340
821380
465249
833728
740276
365846
572302
240431
581026
772379
279715
520225
564099
864085
48770
301583
28851
52116
286061
338253
897016
250530
306567
518048
979825
88509
164969
287130
46119
114245
479177
508047
62492
838425
288066
798664
444920
329908
631025
320850
161380
520083
925271
95512
110676
892082
393115
396500
520661
681046
708159
404492
189144
524874
993131
189178
848752
526381
82577
938720
432811
350829
358619
83717
697819
373561
311093
365819
666598
589089
66859
141885
826193
936838
72414
767970
127476
401435
344909
210079
350222
163088
741757
378488
486925
173214
710915
574316
265503
872074
74896
411516
863868
532327
377216
158650
658348
258340
68489
51215
626983
88460
619435
141454
622653
691456
913578
892771
165037
147527
832691
860800
903719
937915
264397
389309
755320
451135
341914
400827
905802
654256
412413
736956
391292
622784
21706
679817
943415
674168
554358
441837
599723
109181
754074
746281
76666
54468
398513
663834
425829
21174
655948
185050
909130
294813
195647
718552
245676
630254
82893
384451
76154
810472
917417
560141
112742
993340
987998
727341
730729
138743
613239
520176
267218
773841
313277
977428
879369
239958
307952
617198
120010
120657
445053
608813
476373
141641
599232
173473
832220
631540
969738
308538
729239
150925
887056
937120
786642
546809
937624
263906
194118
780500
76103
890388
724240
844647
977357
399427
785225
636035
964710
404413
410662
432826
138813
365510
730760
720792
785530
42264
900665
314576
10448
482224
259600
862255
688241
183977
491720
469658
864314
273550
666323
182902
981531
40076
130389
402954
777742
108185
693537
850008
122880
505022
255768
778312
594268
356122
490781
369350
705330
696318
509152
608962
929018
73058
968653
344252
361150
168399
598222
169160
269294
502637
214336
523632
16047
402891
291620
661695
348503
670893
55125
431354
283556
15689
412964
400019
932441
419242
243779
296451
373489
920649
959924
437387
10503
45305
660436
246835
376045
191374
48467
920549
619778
705490
551057
46127
755811
655490
494485
36956
426430
997921
626110
287344
556199
137936
243445
368274
564765
838919
686509
719559
369088
307783
677564
721017
619544
517324
399793
825375
779831
478257
462971
926709
436976
488316
321016
908325
122112
890416
776646
215541
340740
471776
944887
818234
240003
908432
351587
905663
931993
622131
733095
489983
769322
120671
221414
389571
631592
360516
419769
187330
260664
487149
467633
203067
301911
243169
308963
794074
164506
320796
745903
874296
187349
754962
395228
238180
985195
940039
472297
546225
452630
593911
769342
619498
529784
881662
836414
205503
896525
96371
458317
589401
544294
145594
946322
904523
778720
685264
464230
520908
116795
830901
780794
480592
817953
259411
104055
672388
620807
37958
297871
770140
96933
297239
897859
662063
644706
60133
716284
290061
470153
842696
434961
465017
664105
783996
273523
399241
979964
658932
587404
297194
967718
628339
879585
447671
478087
632441
225092
332902
13877
660461
427293
917376
733053
157542
313225
563828
822778
946094
957945
715167
863407
676635
484519
181866
888781
807561
286174
816529
801976
976176
452759
104096
241737
670057
927863
698104
95003
388210
981954
679512
746154
523983
87827
683560
973000
316541
795095
51370
731191
110869
436638
129217
654006
637580
632727
672844
999775
214607
791192
730628
189683
912860
155010
384096
290617
791810
471535
580544
629153
837832
826107
78310
704272
721250
383828
247175
67086
270926
407420
408987
713823
349781
761126
965397
242888
225492
262010
411410
101301
281971
329654
935015
501070
315436
782666
634696
768137
516466
951756
27155
379929
221467
914872
401239
425949
358838
461767
889389
446401
168527
335188
838503
76987
780866
964470
211652
682706
272130
801620
336554
335545
283120
597017
823219
485057
606221
367245
507291
446167
165325
327401
934348
505841
468613
32551
303373
749920
22544
230423
487578
553956
340896
302617
722872
56581
136950
253476
441758
649096
63256
623023
773698
178865
677403
965412
474834
542458
172299
286751
3094
543773
806659
405503
502865
760499
471487
902453
333856
96799
22055
347601
402381
112407
941062
648237
731340
180436
714194
73827
75945
585888
553698
382723
248540
131775
561311
932785
557677
791600
573101
293264
186115
108802
228508
932398
946377
80741
169950
277911
152732
352118
785514
670179
954935
524082
266924
914124
139690
798811
660941
573222
54827
356783
15398
535610
293304
746364
746342
92011
744713
149337
646162
115633
508183
367351
112140
992683
942260
159575
255500
183896
254633
772261
651656
890196
314015
681882
916267
223394
106700
139317
798762
826513
566486
197360
332181
131327
128617
782192
247324
612148
198294
365538
726571
531735
258944
332617
766602
465530
59198
888846
153136
240280
50232
727112
32870
76399
957640
387846
80091
921010
272470
785090
606365
119450
419828
607427
457427
92547
602013
375629
281560
427239
157893
972797
720692
376840
167842
270222
953563
222008
41279
115765
665169
604110
169921
345834
503090
942332
205596
797522
787453
434457
609466
344753
374258
867741
320113
80426
649561
164367
806023
709695
41955
349452
208687
276181
730259
731099
918387
972710
651267
455700
98293
303350
82938
296833
517161
770346
458660
605570
360560
786405
249035
27431
973398
355835
846916
504499
507285
160742
180266
235969
873622
55358
267260
750400
250349
816366
661324
411098
772004
114434
329029
472029
785957
835679
778013
178991
962882
629594
743916
398889
450021
944276
924952
14569
859993
367917
875424
684383
253544
163133
820814
557603
838829
97366
415163
271555
459846
81929
789065
32221
299798
157425
710383
569190
610442
222886
8650
994912
889213
995875
423472
188413
848396
87418
562272
258224
954222
797170
593602
239417
767590
966639
836319
940575
36305
962953
535180
808184
974682
526461
87550
393305
412374
737882
731079
82174
504266
570503
513834
419661
236069
373727
551267
447841
684094
648634
579047
200139
114723
695737
192136
71043
629174
79669
364907
856550
311213
860776
741219
570804
491920
541913
252140
537083
560532
394787
915785
977053
130584
40766
662616
324579
237961
165122
953005
175767
8842
818460
701007
671384
314524
49843
565932
815042
870378
800275
341518
832843
868784
201034
99358
774338
818974
799524
823879
199955
651840
268098
539959
89440
906278
909668
848664
709339
190409
813786
573272
684624
277835
402157
416799
681187
779863
561954
900444
587169
312530
258829
720013
886135
542954
902641
713866
461376
781916
970095
207570
411697
241220
463989
549
709711
367203
844340
150138
162507
265609
193293
145937
523990
123210
925842
233970
729504
415896
148084
658615
167076
878613
830850
559161
633229
782912
483029
286520
629245
857145
903411
14249
999392
868399
245568
487170
78822
805132
850400
689245
920248
675495
330361
515204
260468
601830
6725
303235
456294
431345
532323
100301
729192
626184
316335
816213
382224
353135
938922
598056
561896
473999
871416
812987
870115
270354
346677
561962
855230
146169
999697
382765
427913
651515
68760
521913
77457
850211
753288
766953
288754
290124
143959
521084
333312
272401
904561
223275
274994
103293
638655
324126
817562
446334
371753
298925
511979
733280
241900
357755
94540
626178
955227
374936
915395
839510
293081
450491
536363
177120
363809
704003
896636
809732
938410
932469
140107
917304
872586
262961
95858
162101
216356
186360
417863
448513
345482
125259
530560
516400
895066
902779
669020
696224
106437
906577
525848
996396
795650
322113
315553
123486
96210
439675
914638
103778
339215
11149
98412
52021
764164
491791
271358
106328
810147
468340
894365
200804
582179
371652
147065
551987
918288
346597
612915
104897
933636
51052
780652
24787
585852
82127
929979
815771
173916
599776
821254
691208
784189
587183
845052
303298
476442
277999
206390
19432
21770
706140
598365
667951
152467
117344
391066
853331
631941
742309
573982
819331
191851
126516
182026
765209
599719
968837
143800
192234
888846
235690
961383
870857
246486
313935
830287
527593
976733
573518
615444
309290
234707
13970
735159
751477
718370
442107
598434
286673
291553
327380
162601
858543
698375
105855
91127
558402
985512
504302
596885
887550
533634
509728
556841
558214
898222
834213
814704
936142
789002
206586
31390
83119
898757
233754
484624
995969
392618
598989
628066
795028
647383
538072
48755
830839
890132
688079
882847
138012
304125
547249
239046
10820
461192
899108
668927
655958
513184
341894
457152
902835
201058
911590
513893
868631
810794
59233
133055
564011
902493
334391
53180
324646
304489
632308
572905
746695
321767
883132
757965
383990
915229
575084
824758
102304
555251
844067
598127
439173
728963
549216
196688
837876
798738
999648
499848
977201
785214
705879
6365
683496
874786
322115
671358
135484
679308
41132
537433
523126
650307
160116
791705
113015
278065
544219
726036
413014
481526
916064
215634
275564
996183
543770
976740
785458
921769
993104
46092
463147
878215
812861
675726
400921
524175
849465
684987
822042
273173
892372
777529
418905
966237
715194
567984
326628
215424
76700
193240
581044
683625
965403
743443
47606
808104
393899
460422
936899
134748
70403
914950
656786
661206
701804
815920
444844
664701
968989
358540
910714
490278
523835
586047
374009
831323
222091
423739
198043
669426
893843
2949
471314
863407
87241
870637
943135
838905
197663
49493
700652
296499
459894
362551
953232
643009
35709
537892
207453
756544
485040
193634
597435
605978
979138
281590
684664
618688
52722
92737
774837
869944
338968
539799
643435
31360
432047
434695
733614
82987
447881
700220
739662
107507
471108
183763
282534
546989
756133
461278
611594
547608
942224
895705
912700
653209
946038
136096
901218
613433
31776
248125
352854
839862
591319
58437
201841
443267
802655
355250
556190
32545
127409
198497
738927
725063
82683
383447
385270
116470
929255
906605
735981
737518
648980
302372
466611
909714
334538
534973
214462
895295
354772
840464
715510
295467
993813
486391
365295
555762
572528
969240
530614
534135
49466
995009
865655
955621
489039
176092
981975
211307
298257
904746
714056
15251
798748
746651
920980
431211
644471
701665
136572
728382
174031
379128
771681
341232
494959
884348
253533
220894
724427
868534
159751
717632
61599
894238
379274
865001
259668
733006
858526
193856
445148
92491
872804
536390
587081
156304
463875
982422
437585
723488
87234
978051
925738
846910
530687
748620
186952
323618
220158
251478
523211
239345
588344
773907
746141
609007
478118
146923
6709
98346
397981
978578
984787
953172
801631
888073
877038
353949
12098
776254
385323
87219
721217
712679
785557
956861
482063
971568
776639
490526
465921
590010
27356
857400
954481
949486
935608
78109
396511
665995
72848
816506
748327
790959
402633
697258
775521
898961
100482
404649
726437
588638
377770
352995
971385
621883
839053
547470
460822
726164
76845
519371
801179
384574
124190
752963
885781
308740
580508
598543
30415
863814
958062
520065
461604
611032
195941
561915
148139
923092
290777
924175
666890
288127
345403
29986
545231
859483
190424
531579
991968
330127
143390
460970
895228
739536
488299
18386
261191
559557
49962
678185
540898
667110
740061
346731
488575
95113
870469
884914
154083
644871
844419
323104
961239
861743
755911
964006
46922
207477
944469
840889
958973
326830
878818
516241
267485
335738
36625
656476
143224
304527
810515
915971
112840
815765
555047
306280
638254
155848
522894
673455
466976
232993
786341
130540
500795
782834
503429
849704
568759
377316
37092
577972
206759
667393
893007
549460
843739
912898
306180
105129
115952
696624
21572
272711
617220
175790
407596
346456
263635
699991
460626
865024
417808
614284
817258
811419
874018
99934
507243
869706
378542
221653
893537
91859
846303
356725
942114
85878
322093
935132
811739
967803
293874
361042
896863
621648
131211
327753
879542
380074
802016
215340
70113
214310
268630
838024
733611
520270
55636
200428
997751
306146
302076
977749
672242
647690
95004
400522
63320
792902
743533
929451
754278
14753
43281
664634
889094
37292
9693
981910
341867
221470
781165
137623
727407
738568
255018
398270
399016
143690
119560
992890
397184
957533
68044
256128
318399
64867
313142
609069
280875
56876
469961
838961
954787
151202
632631
289563
803643
251536
905108
103660
56352
101436
337909
208779
657695
285939
723575
581292
870141
958487
669146
277529
725219
282169
924820
275847
463799
412299
904212
865562
599834
970267
469075
913394
595598
841380
586642
697021
298676
826969
475063
403914
134061
321047
958290
291910
869881
155806
499144
441906
511022
927233
887599
124703
287852
397821
726304
471188
372973
149825
946636
493725
727447
262199
287023
640489
704180
60679
392709
561575
941920
172494
51758
559256
909661
192883
699662
591153
464184
69893
20239
510683
652930
749601
531443
73725
122725
183197
961340
160268
100865
259128
591990
826304
474522
663878
697634
711960
974655
448138
247678
285118
531423
348385
375688
43575
814295
626024
987406
349182
968912
517862
545183
471577
457172
783041
653852
773885
598652
972041
933443
837379
979864
779973
265896
705507
769485
416269
161570
845756
382528
142699
768218
560771
863686
553872
821138
439352
434199
487616
27987
31829
151221
130501
372993
209821
659125
946137
551856
344434
610255
880912
701200
836821
141367
987095
841230
653896
762233
875030
292601
709446
595434
950212
78050
424188
596592
487055
796371
401704
812276
265354
481373
387405
649987
308470
655890
802599
461438
272849
342181
783332
711392
344910
804493
551663
171651
152479
729269
48226
877421
441748
58601
169268
982409
931525
555017
621352
698148
386083
49760
39884
423801
569871
848328
86984
770657
203780
61891
494284
756867
54473
608957
766429
378652
157233
692534
672578
951494
240258
612964
420187
337600
597449
833082
79619
971652
258859
264113
440689
655593
975985
51642
905144
907876
710244
301828
666860
969077
333926
488682
344197
534061
490756
501846
875957
258738
867150
509251
313519
526200
199633
423850
986905
841186
78413
275337
641505
365731
399488
754271
507709
366078
203987
409042
690900
993203
475404
505885
597878
256502
755077
132855
215999
85151
619439
239881
4071
686182
952503
501536
503661
370401
201424
106435
468813
954087
428497
398037
40003
958732
474816
587145
440572
106094
316064
570642
163796
593430
913013
333986
223969
203285
945490
174217
533823
60687
109265
51612
874028
65848
57547
472805
696334
860099
71643
81159
780258
224039
354853
334681
700483
597191
936701
918659
668296
643310
906742
931677
513586
611670
677609
935902
255546
937162
354595
67376
112434
552305
686916
842463
779693
72195
942047
950285
4373
467725
329657
294723
605801
199069
739084
348323
948055
541570
436259
399867
653614
627785
47555
193680
969661
297391
515812
729552
705730
582721
141496
270051
956252
532840
406966
646345
934967
757076
748916
505746
473405
332298
322455
353088
278576
254165
335550
354276
399196
581665
698650
551824
578561
267592
585561
735105
285479
930389
512453
426417
84743
479651
59772
154506
154053
158339
583716
664160
899776
794272
333332
610192
791922
181909
536750
481305
311566
476885
673924
606720
728238
129433
239855
152156
366710
127979
185079
684803
67454
478937
37210
705404
758028
319619
40850
781230
571459
702276
833383
65646
234438
658207
565269
264922
79717
107561
892220
186529
738747
297469
488762
621650
194141
638750
571337
365772
473807
782350
86227
360885
189386
274204
397707
983503
747244
764450
56950
454009
456645
986828
798895
90381
465576
257033
986052
421526
120348
686791
851601
727272
375230
788781
782694
578962
194914
549045
675676
432194
51017
503915
121720
724742
474945
511514
261743
66619
852763
411188
608440
601320
149891
280888
587880
621656
501483
286471
845177
522196
906825
83596
618379
314756
297951
49366
333716
938466
320758
704747
731490
176625
617680
163613
816974
181563
63963
250353
548686
731866
131930
727744
412871
575716
835833
532121
649605
279225
315648
426002
556425
10198
449125
503674
986012
234071
539187
995087
100380
186804
385008
691078
694382
298025
233467
290324
394935
39838
466996
889195
873131
574122
577621
230070
206668
954327
712532
735582
965830
194975
861128
274689
887443
799222
710883
62224
317583
979769
972267
582382
276401
572336
982852
517347
876387
312402
433511
391541
463082
714457
340622
783373
252234
972401
904181
433857
677762
340551
404745
762467
799456
243444
182157
834269
200932
951457
786813
707932
886242
531684
96520
8524
462571
840340
743565
125214
153861
643805
186323
888628
227695
76405
873938
328192
932652
239977
761211
375477
362289
448778
478869
788138
858607
441730
546872
423939
910919
464278
464855
368688
504660
894121
396151
319275
873232
151470
577335
591810
202934
426466
425294
545195
963095
56161
372186
363188
6803
332105
442468
851169
703357
530004
964830
337150
254454
966000
31894
887380
158141
615111
773548
55529
617138
272595
187006
230165
306243
991926
49040
453308
258309
620658
759615
131847
706972
704873
557272
596500
359627
187080
745660
786466
203768
341552
497490
406749
480774
610762
342084
864851
712
746362
77281
743530
923634
26923
958447
754111
83825
892720
373889
999707
192243
304011
24927
392215
745725
403046
400280
38377
461525
446441
230694
609780
81521
403398
681272
667909
394718
240718
782722
998798
583273
691123
891761
345541
628712
443926
495022
164221
415149
722048
397874
659218
945933
404838
144295
493876
657478
446583
213905
377448
670762
325188
702033
862983
930857
252239
996768
243324
407071
881757
385456
881155
83429
575674
640251
407924
244927
149021
836163
916896
861335
226851
486239
647982
29783
548679
665581
344283
183126
548779
784363
317894
363618
349280
100909
736820
61767
385139
895627
856392
501651
100031
126356
908903
56358
570550
451628
884885
822831
569778
844738
32320
40026
905886
397660
880895
697211
78314
102804
769408
787113
126471
287451
391335
472689
407926
766449
671114
832108
997086
426455
893879
646247
334020
949954
223126
69109
223902
524474
823669
380820
891694
820559
367171
575873
283569
358329
767685
969611
869902
506969
777638
439223
838187
101792
824126
405291
660078
736820
97797
249638
588796
965856
576017
884837
889701
427958
628122
760839
692277
444864
676890
749224
731309
316446
575684
950076
657381
415318
92284
115929
948339
692955
589930
593586
987767
246317
740751
543794
461351
54457
344652
394272
934806
479012
809848
412792
159515
508971
397945
895468
875574
346056
925468
199965
863278
100487
744105
462983
926019
996030
245781
517722
227430
759761
869707
210583
907642
66059
744323
484558
384636
475077
751454
132366
500113
656712
388630
154790
148204
977272
908571
761127
897330
193518
498754
185731
124704
645737
592119
439354
850061
570209
127908
835570
901171
381736
607274
548191
191687
676683
277821
484834
111930
247761
226873
126256
921626
56615
250992
379645
481359
744150
395659
859522
671832
837212
525209
11372
588644
140178
662859
561301
817373
158492
275205
812291
20733
613452
256337
165954
513779
610029
926715
243649
718030
82145
868013
396415
548108
416704
304063
577827
676204
966719
228420
385654
314539
775598
493706
824142
651137
541432
303936
103427
696369
678086
112233
30631
332039
103047
370040
240488
854000
600466
988335
990114
948413
914887
58074
342415
121739
228796
610509
491023
425681
205167
911551
8742
384145
15737
736859
726227
102075
644333
290160
783860
328429
910077
704800
158540
558107
165175
382435
34641
48867
906277
940102
910812
510656
695849
886905
560005
129076
95473
60550
403983
617970
281942
689875
656310
325226
849560
225304
769155
744607
375294
301272
83889
685819
276140
888180
570902
629933
232292
66486
115434
989939
205097
40058
906985
606218
985101
448978
454726
312784
428926
732985
73738
137060
778890
559505
898040
427011
227157
876875
871254
657285
995566
297036
532168
394216
200471
641146
409690
890633
849512
974250
512246
904579
817890
987118
818296
897980
697709
386950
940382
858870
140031
56044
780822
390497
26010
20262
422955
663651
836031
351521
545224
603520
661030
61017
420640
346378
320485
451466
507451
208484
824033
753795
613441
716448
400079
751318
127611
446426
403790
516656
254368
565039
482391
466713
372405
195592
200952
264283
15253
308863
142892
505131
419118
538765
347400
518605
900659
563812
548985
340281
42774
100352
57360
867328
564266
449458
293440
95677
703749
972107
983338
268722
438915
438623
641087
126450
162453
695856
304988
232577
202013
355675
500708
140579
846961
79322
5405
946833
96740
474957
693827
381664
444682
606523
929659
968998
716628
809962
60554
222687
96024
171881
480235
125424
692622
975844
624612
702930
364665
308381
723857
471684
590015
483570
295962
177547
877656
203496
374013
269032
577575
321303
759241
792046
3422
793172
739168
149305
82003
827831
724745
359894
4500
445473
276698
125125
99025
946932
174717
951063
983664
546638
166866
240629
560334
28393
412188
125964
53284
265937
769557
382285
267708
467882
880427
126857
637963
872854
895460
428472
360777
343838
370006
338024
421538
819963
100590
626773
262035
86114
180640
103809
466905
509162
695976
668267
839006
68354
956945
262090
354932
654041
182662
492908
354311
457350
191111
514098
966234
680316
35783
175612
751703
920606
164353
118032
785074
985124
76996
603068
184173
6784
322238
814239
969483
656779
584966
502764
555668
899034
354803
583036
949450
561842
816159
37234
134407
824788
345064
320465
167261
492873
582524
266974
183650
232411
895969
329674
576461
314045
612385
825194
173364
818249
584562
758277
581574
793181
765414
625106
875482
254830
719467
519939
322505
548828
573075
289178
376218
13126
187712
491861
230020
406421
29360
727477
509700
191156
362146
394513
651023
395226
510649
309565
649678
761081
268777
38779
805402
683756
572935
616483
58015
799667
372217
810119
142008
748172
651131
265291
859563
870919
384028
749363
805465
972806
298339
118542
392591
58369
996647
655777
957581
148343
541701
482733
799451
643116
839286
195766
252309
73015
465060
170791
443494
805378
443556
795756
685829
268268
244451
444713
412794
423062
275834
916254
798604
683574
829044
827574
362956
756590
391962
539492
277043
595945
203845
852964
556249
189479
310581
285677
493746
613982
638221
413387
279531
570961
366439
217135
849661
947993
4487
680661
950525
117234
208206
372947
982352
546358
323948
73949
791592
856536
974921
376748
257994
875617
155640
774280
96658
56131
370703
543635
937322
636995
233975
693451
183068
737979
269222
577007
276506
723453
811163
282549
267801
399414
268286
283862
423064
407171
882534
381186
228296
920300
830275
200645
259568
251722
541967
450385
776025
895068
476022
505636
83406
433272
353458
252983
154433
579382
174418
552473
740193
400562
87139
792012
505733
341239
434983
861882
343278
532643
504079
954493
518535
401804
276083
860621
608324
293281
209002
329492
235079
922375
861001
746224
289890
79558
467104
878837
188732
283608
818782
751667
661912
656418
903598
491990
713920
58876
818546
26761
538958
139654
184132
436348
876707
961610
744726
66839
718365
430145
420408
445237
63304
645471
178820
392487
969636
818855
740001
741813
246272
270275
56140
886154
658147
309814
338009
783119
857093
102228
222166
911506
774793
507041
55776
563106
220553
46516
78012
982641
495086
803341
659269
925665
689248
507295
573463
662299
600169
577843
466804
827139
348346
634514
939297
878554
232950
111535
284112
977880
367859
966600
669626
57741
501858
34021
167445
259925
694128
729601
868798
816863
523430
56899
594825
248894
332051
765674
69197
910213
290679
801945
567024
119348
466545
68756
787241
207285
788197
715418
353297
662206
955999
992936
258495
761448
952792
354886
846515
817561
379280
669247
965851
401290
879872
269900
507991
746853
201890
780873
664497
435467
666453
397652
817143
274041
978904
25725
679905
883380
460666
169208
346138
916993
454103
690408
434835
113096
688327
996461
778956
264108
862752
923385
927865
176975
140446
158248
497933
652749
509785
456719
543472
661711
884260
814555
219343
93714
602100
225412
154838
863356
819434
261465
627662
279866
408522
46043
298900
509044
41984
846455
893830
5228
978061
834544
926853
818520
465960
11502
737727
681125
711784
962961
445363
485574
874782
885074
23851
572009
183710
324786
996317
999218
26975
829524
73510
765620
788924
840492
145090
818126
758679
226900
655328
750051
640682
860163
171916
667989
49729
104775
453321
48712
569262
405416
926485
937139
432097
62641
179572
99259
723860
909887
595234
14500
426232
178355
853942
461352
132256
316512
487816
913595
777771
169234
51445
55097
158681
292737
971409
811823
40690
772890
280289
722061
616599
802792
796766
452508
561503
820405
653507
356346
840773
842113
500433
891394
629497
395653
504731
846681
725253
903978
944531
235697
588230
816172
689270
238244
547983
401488
623003
451346
930763
940883
547053
503798
197877
713156
100135
71557
460791
393095
961844
991672
107990
862807
677121
592680
174956
897876
31098
62752
788521
158955
500369
617638
597953
790898
161946
538061
212842
566781
397354
165219
538113
371057
882813
668961
606669
554191
29053
487830
628275
797051
188956
15740
523091
641280
294751
189378
2707
794761
552042
466300
330539
880274
877867
944713
593977
415295
247797
322484
879167
156408
796494
514226
680025
573474
690700
590444
918451
65628
201601
677289
802293
889953
636880
834049
959890
582278
778156
143361
315457
882337
923517
563873
433488
807947
620036
20098
742956
336293
343354
811512
811047
83644
8489
500608
363052
205282
16056
503124
459523
167285
246747
566446
125696
534082
966329
724437
429940
767664
782355
351362
949022
279813
293793
187378
702767
499884
748583
193503
715791
616438
961534
120574
537284
874873
296487
433184
967695
159975
367708
691744
614844
750111
354419
356362
150584
50382
964876
170034
258159
541247
569502
250854
406233
489396
799666
54557
130220
462935
651950
142442
121876
733891
403144
240621
902709
309741
780314
449957
57356
337535
864849
760449
74562
5220
774709
438336
93523
464382
662989
434324
963249
180538
411199
259093
223339
940048
910712
603356
574700
598976
689482
55370
957750
59019
663344
329438
395077
941966
349333
539435
92632
218048
158501
84919
967317
743931
977196
660215
333172
697418
18141
506714
410571
351619
107262
607764
30401
143480
399988
853823
604333
504570
761500
836535
269219
478187
461120
224161
951154
480788
958569
164515
953135
677260
345254
766367
897527
855355
420174
561010
531937
783365
456815
983807
428050
197701
178532
76685
424826
920888
415542
579816
293543
96297
569796
748617
630709
788889
279273
798339
698424
377463
842738
729059
729721
927291
385576
8976
531466
883976
597018
369380
420189
383423
925649
634064
341797
512556
544729
878845
804796
294067
240450
551479
797099
979413
871915
249812
331450
320293
353952
1216
726007
775573
381291
578682
665932
983020
260822
409549
492137
772893
492610
554485
885675
470160
663141
303753
156318
588066
233858
87074
276765
122283
930344
571110
139510
427166
156634
495585
306020
425352
939458
617576
174322
181510
1149
946357
845709
578891
476158
399504
575095
175290
159665
805786
502267
319631
321350
20918
463191
847540
905532
475029
313357
290228
574677
601322
548938
428713
55736
699753
774007
549250
619093
599603
857985
766240
555303
288535
951251
818022
498936
634578
40906
19332
773186
226937
443482
797801
322516
830940
128629
233003
905727
301251
562113
509518
710752
607338
592231
23740
425708
272161
131249
666459
526529
551511
169300
356473
162468
715208
96102
878424
547061
165047
514568
676883
588906
462839
204666
480212
436747
684173
158588
438748
883311
917086
626214
413754
928962
742472
381399
881973
6156
553057
206701
970313
77743
660552
604767
843796
973655
975728
789669
179092
481226
451896
759247
427889
118363
773924
541465
423173
88796
277957
147994
492048
435868
342495
709855
299925
982780
141288
554316
853189
758432
382233
57283
376223
924656
338059
388955
84313
343263
605082
304574
408002
436236
649100
974219
661016
959479
424000
824313
308043
90379
364872
333134
902197
815784
378733
678697
278062
68438
94794
788163
598075
838762
138475
356897
582664
535802
40447
540409
557328
649149
241369
247208
197157
770375
947026
767491
329469
918242
630348
692655
420077
408705
743095
384237
860817
492922
162410
407605
495545
258261
781578
752280
577472
644029
449666
986622
435199
58035
727187
186184
308296
254564
456254
73453
646929
625828
520176
73197
17770
865174
128725
483603
304876
474327
793583
223972
532336
197290
823303
631025
359496
502967
580636
657443
890334
524186
617994
723591
237441
470239
446473
964652
245719
893980
361630
881460
829525
332159
455282
564898
416438
557614
685946
622566
215978
839326
164907
903214
757049
47023
428931
677527
164078
869599
163203
286135
890945
451116
94546
952714
800018
386300
254744
648646
138774
991087
716907
914330
887697
525827
870213
550834
892876
576034
228862
318092
355869
597767
202631
762480
756068
209972
336460
197098
493293
649294
148052
789195
775113
796141
664604
874809
160021
594541
738355
908304
627343
501986
205462
759056
48441
108094
727316
821526
34914
457518
811694
712855
28834
449682
254262
177913
656207
275070
638483
393718
26395
820801
439802
976509
957749
352016
307886
674416
784050
260427
821193
895570
221123
353777
501032
484932
551925
627714
850412
209535
737401
995458
597383
653361
278834
265717
181822
61292
609807
297724
163638
732421
546886
672807
486643
47917
482513
573331
15178
148874
551873
273931
454280
469003
826001
886564
886118
236102
739471
173041
547933
151444
556405
62119
272928
739212
110970
251476
620441
670771
935561
780451
433851
631644
626362
407844
704733
102614
697206
261390
526891
421457
297862
962062
770801
586135
694451
796688
950971
403936
227793
448626
850939
963454
238541
551125
557522
814380
747868
601104
291579
507384
625309
708490
353904
576818
123665
234044
777117
885820
68652
279118
497302
856530
225141
801855
203425
904739
562944
415936
723397
355799
869711
377829
867258
272311
441357
595513
790269
857577
563351
919267
92051
722617
18805
920937
46853
468288
522750
28442
542753
605126
741916
910285
10216
524492
794000
818651
153138
413535
754051
134747
748400
644987
9860
183809
469868
272866
706619
397325
860341
106469
837994
424743
88658
893541
801129
28902
718293
616468
399729
652860
129785
264272
897456
514637
812512
469961
701664
794016
423707
972378
414463
906733
853664
16496
898531
331936
330389
299630
500324
882903
326329
355474
784643
403526
10861
668737
769530
451133
597058
302640
134390
650389
161940
903228
797378
652503
381658
717608
112046
897948
698414
599421
262629
735510
276491
316185
75220
299631
561094
980841
234414
69740
758021
778150
581608
103260
927154
279196
958447
942711
890164
135299
169487
744913
548538
218687
530159
733335
244142
598583
576608
473261
10573
865737
267435
160321
790154
866496
293831
658192
848233
677439
88963
540593
591371
681193
441536
79451
622923
488208
570790
234950
336546
900506
282553
479713
655719
56446
800475
475561
713605
433605
476227
144245
985208
150515
742142
758990
279014
976649
803229
482946
440111
160305
467218
891623
754932
608095
566248
47333
991668
945858
622763
468506
415858
297926
833172
457310
712344
802983
974962
969624
956455
762988
255497
338829
960761
872792
72498
483085
320974
912505
839375
953828
988662
359669
139831
957149
800152
385355
507215
277176
179366
977470
156490
816413
866715
814281
927229
615387
833116
598939
391269
9901
510399
969051
935232
606043
675577
437634
824353
868973
201202
942138
97158
168051
7979
996283
104750
229548
501753
776264
181
967514
475527
468778
269425
732536
95919
11772
528749
373140
46644
120864
51507
214718
259827
436113
6116
501070
768333
360287
888459
81332
280659
641265
937903
857978
387153
356551
531459
627391
984401
483574
452773
487067
473795
340344
21377
782112
186309
776435
305606
178232
685168
63269
983345
725497
403009
881819
749580
247870
336545
683481
104617
762301
192942
289542
123704
795150
561844
530088
697560
473360
567562
59579
580529
806958
865082
681867
261877
736134
150090
693118
689343
342448
418171
801304
109516
365558
677753
292249
60408
393404
81298
971217
270256
196279
746322
704094
642958
315381
134396
839621
754644
68700
226842
100989
295525
840157
500026
609780
955928
968057
244400
340736
602695
881699
183749
179638
805687
523043
430246
856196
364307
575924
374526
372297
787719
12680
477161
155688
194351
932219
840570
272950
716528
223063
413109
658753
627851
630804
979930
773358
147438
608056
572121
378949
826782
588078
842562
900712
806544
151208
958462
244853
708507
394875
707369
158638
843342
627657
523255
141228
30369
160118
215991
623807
261013
437045
952719
558086
915475
436658
939453
993276
141154
87178
104820
932108
542655
403185
147957
403506
777319
551197
467408
502090
137162
393978
520462
575535
607949
999260
954706
100688
792084
561482
818024
525480
487494
965898
175266
505618
403748
86900
72128
383121
620570
318321
438458
93258
560470
874335
930002
385336
199692
30339
711727
249313
889530
967202
735653
277287
204170
932922
220673
139452
980179
717387
423145
937231
623313
183903
109951
576091
647161
236719
151322
952348
175997
615388
820444
28050
697170
10905
23313
660906
573837
386687
836771
670566
85139
981227
737982
439616
978711
547413
851727
764700
778181
449634
890564
740252
870259
40995
142767
676693
505068
941308
10046
483684
400606
782992
980210
51121
766378
932770
324881
679212
160008
416435
313724
734979
348317
897586
189483
471003
753598
92071
344720
511644
563225
789403
151834
193337
606501
419746
3882
129276
477858
441299
226593
529666
150181
834249
770648
566499
985777
820846
702311
201624
408832
359351
298764
276838
74390
47134
547655
40206
758579
933498
286881
710364
437057
209063
966483
629174
720236
628955
813816
683880
329968
125514
596000
242213
979843
867312
800401
215413
849554
296988
324169
767608
660906
426231
610704
670633
444800
124896
391138
402507
439689
963153
320619
824587
763028
385386
365346
51509
753928
466072
897290
545442
944770
304445
902794
656161
710853
543524
446781
393781
357418
171959
56754
496813
901586
1760
101532
964111
239600
168691
700108
622918
442166
81390
593121
294466
768754
19270
598384
86338
15135
787334
402391
672770
459862
426506
301618
712573
702867
462900
397025
264630
38545
975225
806981
862825
710669
807122
943252
514604
445777
989619
174462
322737
744452
775337
339808
187308
842860
972660
667995
62926
183708
345280
646815
454164
806858
992611
552798
480227
883435
361846
245056
243965
614840
184400
558752
56512
831345
468430
553990
64203
779931
41193
837467
113551
801128
738991
951476
509326
701647
30271
612178
498193
821094
829203
113196
881338
857165
607496
804195
776128
807370
531302
764386
278062
553112
682750
33852
629123
472725
206491
369863
170186
896391
957143
407816
164610
857585
541781
394196
458431
531979
426224
634849
685732
963151
339563
233954
571242
615910
990435
210350
570369
845690
626460
81362
492587
419967
383807
529252
328693
942227
748612
488140
605459
611403
776651
827760
712571
319219
806404
83949
859648
403881
683514
692938
11832
189034
75482
781307
71034
880329
482163
79465
899212
282720
181312
835994
628731
802935
904596
61507
134229
932699
646568
980073
712170
322536
502342
946617
181149
482663
949570
557086
335852
769777
12751
515828
143261
370658
587223
453207
298554
947979
500955
183220
536636
463263
629802
511358
624002
913253
894503
953259
180609
949738
656878
364225
507771
515585
781425
308915
691830
199477
119860
591791
371995
875214
352669
693901
204198
130553
560498
250196
517455
728236
342024
871810
623728
908178
304387
152274
193783
644788
165675
983008
868774
208496
551447
738019
959522
895428
734653
515440
966534
562292
436641
520693
406099
279006
833921
664502
963636
609345
634612
800741
974262
355383
775095
546180
21221
145086
769784
190353
231729
435557
645172
893682
276859
681384
231388
885286
389968
371954
236052
402457
518638
691026
343779
573660
714641
244696
666965
477494
748450
38920
813631
384808
103432
948253
917745
137797
873541
974284
572855
526499
918224
163329
311391
503182
38783
420566
223266
344793
591882
884445
957884
262746
948721
58289
605362
877032
700455
608637
547196
913678
411036
320214
133205
201582
852537
543204
434288
846380
179926
960174
920030
16473
403612
610037
877653
980105
273845
807732
520868
629516
422297
799607
150819
410147
163971
914332
41218
772336
922912
278532
442361
860660
834413
951054
914745
870285
899250
462277
216913
500180
777252
527751
502743
794284
731046
260947
757807
230438
589950
524685
716698
58871
621099
262309
544163
249607
421772
622383
702299
55840
514212
451737
73946
5419
788553
678062
334888
978962
994
704772
508462
719116
320690
695933
288058
544960
682430
968649
835351
121458
306897
693930
585970
949110
802770
689799
703216
240059
346242
270015
223559
840302
136524
675590
586941
377718
110203
756510
753468
965596
692909
285456
425630
312356
506891
393451
334227
946737
281972
278416
501873
812620
979640
710902
189116
194558
430834
585778
995980
624621
627713
31757
870583
951925
283869
227876
37317
746837
791467
952065
11469
11699
906259
147540
536044
647712
370685
9984
723539
626565
252069
643068
440474
339064
564060
210199
33893
177572
51905
382867
687123
802770
381983
750788
89508
721374
387539
20338
114944
102121
936162
765700
928696
790052
343785
496227
340365
964740
96716
220504
341670
886497
583674
50026
966603
481579
699998
349972
840285
354305
763294
729209
724843
63899
903689
268216
3111
322183
158092
94980
901634
135902
235448
583249
972301
707417
799549
819325
247933
533572
751427
268510
192848
689988
263070
813494
825918
438322
57037
550718
83840
247440
655515
685829
207189
581684
497030
577825
59948
463653
950457
860329
418080
559748
433258
199719
994564
564322
419915
196987
403462
195933
23506
990479
571495
115939
623790
58781
16471
338490
596674
430776
104005
587205
551424
684734
761966
755335
433408
395562
273558
341548
381611
330125
610919
560651
420126
750681
638682
676098
681405
472810
835662
533562
477556
35061
134316
148041
350424
239451
19837
505653
910142
283605
971860
280104
496324
318092
136971
86819
721134
617967
538671
576712
113748
241610
984284
273174
614354
619055
84695
964522
157958
466535
955496
308855
405003
460216
100269
900702
631216
692451
751098
751449
201010
603960
532952
850735
140406
709051
618935
934151
485503
271811
116242
592628
451141
601049
449477
792168
800639
113789
35527
665189
528829
132201
101479
184005
250589
539795
448883
74495
275736
691567
504309
100571
839611
438598
154864
667320
144970
967686
485294
321077
135908
649080
679510
103477
960369
423698
682033
314780
932752
760170
724477
821057
30811
81104
338590
820407
614795
108658
1618
975755
375970
183689
217865
751131
982824
585454
750558
780044
407222
986424
426899
999716
866885
689005
768418
906262
724838
136607
836578
874922
177853
323797
444763
587817
708193
27173
403848
764763
704921
706904
495005
233621
985642
963569
981634
350473
97057
335543
363878
775310
589919
865548
93053
515014
709437
561693
36444
875851
712867
808888
493467
753033
820222
787109
877375
322020
645073
911597
59524
413429
831428
715029
644370
47769
50856
834239
179276
135281
991388
340912
756812
197972
937012
565919
497819
276127
739550
579386
503846
565934
368680
718014
414433
28912
552735
129446
935101
971535
266049
118221
515856
883326
749729
234775
65290
80161
955227
712862
608433
581089
626826
319236
319527
41675
372685
544700
354785
995435
955049
212681
386012
486206
782881
798135
857395
53354
802111
501341
400926
128906
736643
381654
868612
257690
486974
864901
224146
458300
306834
929248
706028
440641
641797
90780
381891
151422
183518
520010
918423
51705
641303
648777
5500
42761
410932
683306
570689
486919
272008
42754
729294
449672
323892
233606
662208
384751
564905
616477
261703
285346
463845
34685
80888
323491
309897
84587
137170
231292
779452
510744
987966
223957
698936
822374
466098
520953
446546
147489
205235
754929
876000
129120
793529
161152
103087
401498
926142
912802
883711
842982
662743
398230
303421
155974
492413
429733
634026
646480
718134
41247
183159
953015
89705
650742
107731
686904
844649
940420
533986
486446
942894
658356
90950
45402
157491
286219
307497
236839
850417
716259
694298
531545
758173
782971
207977
88061
722450
126798
333789
589174
838252
415871
412791
199157
473960
312273
964206
532811
631499
944882
490964
68099
366076
19704
344404
891501
840525
898298
665767
510588
55596
231712
568964
774652
906932
572891
79098
804653
477648
970215
126914
542969
704677
151016
468845
420860
198992
959977
567510
717365
142668
256725
359432
836726
450541
827866
188032
464406
550644
181557
110168
844032
109517
602209
137387
893035
802248
861939
351941
477588
287657
296579
601409
148768
680632
559311
637300
648743
981738
566414
904444
448294
59437
560190
581519
81584
580445
706755
110428
504163
111959
389930
200011
71131
327675
478508
49629
850076
990213
217360
180473
507102
501361
286393
765570
392871
528697
232354
834059
199786
667581
936260
279050
714183
542387
366179
222305
134202
694340
497423
471991
885709
444248
236809
370729
668256
37600
372063
252358
266739
182131
436887
365801
585933
885636
401805
943578
811785
728742
554763
953087
890147
149657
15210
323248
894634
517796
660660
259623
885972
269390
208685
772604
818580
974698
441133
53049
223022
435692
516644
178627
242163
508508
146951
637548
746392
574367
984065
715928
351919
271943
161909
532514
140199
362129
603390
556122
226509
331247
71329
310680
421874
796234
463006
787155
290408
56941
757219
808592
460514
901944
741803
366199
467441
681484
481891
967845
657774
228622
21133
69703
137856
593281
43976
622309
478139
533626
347170
796958
993355
571791
513836
539773
623498
795
104909
536937
798189
22203
344903
314826
737245
236117
697222
21371
622821
182033
568362
546034
805678
492157
850365
917022
109353
989915
696572
710678
267550
570550
428780
687337
721273
826313
56039
322764
599073
97623
520007
198601
648453
716172
813220
124235
723022
841357
682901
991231
811805
789940
247980
809547
560183
350675
109941
663794
734540
537461
135464
642788
187852
52530
285520
343230
58904
919023
829319
177942
289850
672604
852240
401735
292293
289042
450614
643727
879173
761765
112791
337047
964286
243619
139186
654195
216418
443675
16659
207804
20584
254579
784750
868248
41700
137977
563834
763762
995686
638848
225199
420353
11649
249558
221684
539879
571926
502742
204487
145229
303982
105411
797768
84021
505537
893041
965975
60091
750504
818817
874871
622231
10839
60910
792106
611999
122650
458610
481175
48967
968107
196494
400420
896165
732149
335463
181475
304369
498841
661394
213095
298892
399595
984648
801814
405289
499738
283363
562600
559964
783843
584971
486132
680284
848180
147524
340123
881945
597898
687324
458591
73935
38650
429654
368096
258362
912055
979322
172729
778518
347555
784905
594755
676737
375526
701392
463144
926276
234104
221742
776388
666051
287297
782296
42348
524925
558601
376634
12676
260244
469052
316282
532909
481716
958121
516796
585683
952734
768488
694835
166457
149596
379223
236959
526242
73042
184966
756020
517643
142720
665784
146375
289845
476597
115698
119427
440492
13652
44406
39987
341502
513525
141995
751409
993197
266779
835012
138043
20434
810395
210258
571292
878554
770044
456959
643421
617924
770688
376126
917627
740420
868577
261177
889219
502928
401046
476566
26886
702392
422013
988589
416608
779758
217483
420127
901151
482186
400076
526912
4850
97128
447571
890201
174471
54779
624109
188051
922202
813817
46632
238792
515087
214494
664211
765380
126349
844099
609512
374531
723448
195715
789752
810643
389155
991306
968417
133444
355875
746621
162966
639952
396954
895710
195032
192881
62051
716351
43049
320316
886929
359204
43466
879447
383532
643027
713941
132944
41121
7575
906742
381811
819779
504403
55410
30153
499326
76991
271759
362966
799225
758525
379760
307022
983142
248566
217655
496770
979240
157310
242938
491647
186675
562190
244510
855336
482365
62368
444501
424365
496402
806447
565152
565819
295605
534132
809361
849002
476767
292078
408433
449936
817795
167002
882390
543352
327241
381388
918316
726899
605020
663592
261904
661713
316807
761005
490290
167031
392657
259469
50595
784158
365035
521015
848367
301338
180805
376742
3624
262603
120262
47474
785958
45363
354966
582390
597832
637864
25245
812163
119777
302154
293258
876309
613846
275493
147981
214972
239964
405164
743122
420855
334981
298281
140382
849525
609683
654777
122722
153588
401658
831946
975353
353345
975151
722327
183652
537170
341722
265990
5405
601941
903606
481681
710858
179587
993113
837401
743747
43647
192261
401757
75154
147541
102761
53054
514606
734575
29596
810801
680965
550618
895402
672374
140814
921902
838195
596014
868511
312346
938728
643145
824866
409956
948369
979138
322865
418977
12474
855756
105009
401006
442060
593162
562857
7647
518125
409400
759946
163924
819849
139381
56702
41973
27514
158077
248473
429681
130452
192995
971200
725963
785721
812726
465180
906653
850277
380914
536727
863529
554975
480170
288637
31897
757730
613073
635643
490877
824627
583178
14518
195312
247066
869250
546423
462275
612242
179977
345497
536950
857648
477769
137676
916337
722839
943236
241856
423850
222011
539622
263728
686525
869321
362463
296773
384373
444076
813439
665071
835173
252430
683223
965544
563471
771916
827069
534972
263066
135703
858254
21097
866826
807054
250677
1634
243361
395885
598071
770114
310242
800297
292938
446970
94314
712524
749246
787600
266075
603727
326805
630480
806791
345976
513362
677323
913814
653990
309321
22623
821114
367724
438475
687394
52653
607727
338902
886709
441676
213672
21540
606806
305666
715577
708522
209641
250714
763314
510976
264142
510244
660582
754680
330840
254749
887439
245426
935869
826107
338602
87698
123665
503072
9483
769703
189552
929110
967025
563770
732237
786752
323256
361754
676696
499716
247600
700492
8990
103194
878655
375900
470682
570114
127257
595116
193411
342500
869925
967553
651745
962085
53384
743175
518335
54670
139800
207642
596038
749886
992110
91427
61131
265650
807999
979953
76838
878004
736286
700395
166179
491085
553031
875105
321290
661139
268642
110209
25211
316300
475701
456040
416733
309753
938073
219560
696847
629754
886118
741589
286380
638969
922095
794470
782846
448609
912268
752471
896760
403923
605979
568905
713634
317862
146367
519389
685585
734254
170297
449902
650439
719427
667203
224921
813969
387000
552545
225756
499635
139050
71431
323102
964321
934492
780925
911675
153258
179987
681347
396425
568177
320242
118963
80086
539046
794253
350003
866512
450853
396863
638331
477507
812355
175553
862237
922611
599262
162061
239013
646021
997824
985263
34410
193869
523258
19319
450923
625080
813344
828685
367500
44333
420577
660035
172731
262410
773537
246733
373852
881900
437370
115126
219012
739338
427388
718195
44358
362013
270385
242324
497049
275906
515536
227353
49689
841602
566522
935247
827772
153463
92890
720938
379397
776566
430426
993179
361645
385190
848923
176908
150837
1952
86708
876300
853747
815957
608256
849760
265979
87965
358751
955035
87629
685241
365870
514539
546982
887036
339271
669531
443735
797739
880464
334374
547512
697673
568380
503294
819799
749750
587717
202902
958547
641835
531144
738268
418972
587418
509734
520403
611576
736301
271243
99318
298570
517777
656258
523293
540380
596221
745211
99654
821683
698556
811856
891858
215034
786700
718089
143933
253558
208146
20605
517701
830193
679638
225546
799656
582187
300345
922057
817313
792435
200552
157765
594308
997613
730803
788356
73645
431223
834425
558275
13286
999562
430975
433640
575576
490616
858632
672295
10330
735139
734126
449550
401587
524218
41046
899754
947656
482603
908306
532976
949598
82835
395785
417061
489224
548103
533953
487779
685601
545776
618441
206098
673698
908578
386861
490662
799797
176298
321652
644922
625590
958023
410975
381946
668377
835640
470980
337023
414265
609594
644541
817473
584038
666777
589451
392537
533546
880690
437112
13745
76305
77951
306651
184119
305076
606081
770654
452189
526523
88455
698245
397764
843737
248647
231641
221584
995713
752960
626053
210798
605772
784245
629058
79056
241890
223033
813494
150323
362733
158121
670690
354107
437014
264610
198884
568404
973511
321262
777988
792518
353956
152692
473222
911792
619472
365222
601172
85341
288162
353050
336654
309248
772390
336176
327599
986702
366417
354022
174625
874012
161932
334801
832294
307824
413819
840831
406063
758544
918552
7022
506027
313826
708391
348814
954893
484715
138239
318858
908109
87293
915262
730300
208131
400284
919844
523459
721923
10525
145614
680251
766782
657187
365081
994991
187749
425151
801789
322580
918141
591646
987625
736233
492144
959051
562353
687198
925512
843577
490086
198742
383369
713600
178300
260390
978780
615032
913589
285219
313611
796008
95918
955468
245194
573854
725863
452399
454648
229597
379369
576942
697712
310952
761438
764593
799282
538331
918650
328361
656468
24909
869557
165557
123035
119501
463088
623787
138083
293843
389351
129709
168400
675781
131374
377297
74784
98402
702309
571561
826606
798538
373773
959174
421537
481891
888465
299996
809724
729312
26225
908904
634569
875306
814376
994473
416925
977079
325276
24342
991066
794631
571715
850911
683760
695617
286811
730590
942820
924522
10801
249819
42830
492891
603554
724510
292571
904904
964519
641576
911770
908041
995711
60159
871458
989448
906503
796
962366
1511
376478
412081
358656
917636
423486
22701
543593
260055
404973
814641
815572
677322
651772
961463
216573
367573
317889
267327
732725
969435
267752
683013
617806
309572
365774
565320
690525
428518
79471
832293
148156
338245
493193
426761
204311
233532
693801
275168
141249
890995
297163
972337
189868
334220
121710
148413
222342
80458
302683
182767
327971
918592
362771
24592
415282
859022
582361
781599
154656
49502
608777
439127
462995
251087
968528
421214
472844
647894
284929
597752
304538
726685
726298
315577
709638
868764
677524
353052
429399
845366
799920
889280
195799
554855
91387
286144
200064
45734
445429
617387
407910
509604
397102
788402
337077
106447
739701
261068
187948
835518
396307
706211
204879
636900
123420
517820
749358
908138
162512
383429
914289
993277
546793
514718
581588
995531
95418
369265
688682
594134
815120
667868
87169
258422
469253
704976
870974
258634
371668
245919
68972
599979
830717
436249
776677
395146
805912
744590
913515
129416
66976
693920
24426
10774
23956
607672
92697
885042
28423
251879
983984
505357
946138
364666
391684
918271
150450
26907
563480
885662
161786
557864
842129
636645
978262
694736
425551
127116
563227
534728
63037
359540
881360
338858
756095
25658
347426
856132
523543
702544
504776
190162
543604
69672
124428
210389
765695
607564
168429
294764
623565
501085
964179
535326
936377
149258
899389
919888
714817
188994
245295
141279
397715
464293
863892
262586
448864
215958
789288
938324
969096
753175
372542
555257
116878
703500
547352
250521
502914
632547
508491
64783
983445
11510
388625
685979
418604
133534
325719
111020
79809
521427
187355
562820
967882
611886
426627
240495
106750
575112
89654
796834
270595
500165
385329
723402
308708
964560
365899
861454
778146
467787
88406
170803
547690
175448
248605
812246
450694
231415
551756
493729
281815
377116
144653
55325
92244
710767
72656
673106
194741
660148
87138
516314
247050
45420
671076
199493
16722
457061
173819
834872
411967
24453
57344
552192
913766
732800
882507
186076
328123
137546
890816
584577
511097
905134
62282
373120
711971
695258
960077
885484
648019
111279
434275
765569
129106
606754
998679
651184
83697
360871
931291
262149
888001
578382
356040
971324
106131
22394
586003
811492
725160
535161
147833
808631
941098
987278
609924
898783
838811
879666
656791
881685
305339
558756
993850
550427
435509
916541
399213
467857
258370
117475
845618
860115
544927
363006
605676
517485
617243
109104
324668
283873
587067
336129
292670
417874
337058
873160
719354
55266
209689
53893
271164
218553
209584
167274
400692
144892
956026
65897
662368
426595
858244
132901
666455
707678
123705
429356
5684
361910
681058
97056
656355
3840
681953
9603
224876
329060
22766
225807
37934
539873
252894
12885
319073
741597
205130
267119
278830
785432
190580
715404
367628
969542
9045
220447
117331
307303
444232
799399
27596
308295
417134
114920
968872
799308
710408
321807
569486
672086
290653
928440
185732
807501
71392
25262
918991
78057
979027
213511
321960
21110
523097
550650
631718
81402
207395
108709
720490
204416
711120
383146
286514
31405
644847
769275
185004
11916
267905
627932
237919
643433
399843
5227
997575
728276
145245
183931
221509
543600
403079
917522
615577
828415
193477
879310
872728
709388
26360
260163
989617
741426
954888
571301
778040
3900
934609
814395
115081
504772
381173
356566
662953
17383
287632
496599
166375
4133
217568
730428
539871
509409
37495
910899
79448
320288
99832
173530
556710
333990
672466
948320
540016
502569
653396
761924
718864
442656
838281
284095
285694
479859
38061
938276
553295
388545
686520
931694
347572
425976
264912
213048
90288
665426
266229
26736
768084
975072
490914
209033
173355
269258
265301
80310
728692
770040
852621
29209
249202
333884
185015
766484
937397
890582
260963
547378
943680
411504
668320
454752
280226
801385
538847
471784
482107
102883
454943
835445
102395
838412
721343
393442
216467
652000
38261
957398
381988
882398
264346
495808
702940
459979
21587
600728
320618
648093
104048
962999
205129
39343
601798
105485
327912
909505
865218
217250
861229
661089
771624
495075
183733
357391
751132
856133
813819
142873
734042
712351
247318
880561
488223
420234
518893
730116
132544
904443
279213
898065
720458
506898
485967
654078
660632
946443
675616
42095
956115
477797
586697
114378
852152
150357
456273
711727
484804
659511
303492
263525
538063
141755
159539
309843
704000
89798
935996
117437
468599
569850
259875
247620
346571
675839
683325
982319
739492
822927
134498
563006
596473
857089
542995
527013
583522
557142
130769
545249
214035
819043
585409
990742
310559
846482
352232
121266
263682
569574
740088
366865
214077
635602
389350
245333
110004
48924
621368
879972
561428
960351
473046
822890
167033
18883
482068
822293
218021
245981
491412
380995
468213
764837
493344
399630
943842
686169
471564
970981
238224
208181
92366
397365
949384
380708
145904
16820
763769
755569
462261
9237
458318
430192
206630
804495
445240
482771
305806
381835
653924
92237
566639
838548
162698
470431
171283
85650
301644
975154
310062
962476
940543
361146
325344
996885
823991
9007
291840
613179
823382
727017
903555
76275
181058
898567
46080
275816
356450
394997
295453
904520
412946
94480
601597
72396
786256
152110
42139
172039
549953
375891
141649
112386
806689
476861
923608
153663
572715
840672
407955
507643
96094
397988
952610
32581
843833
504576
630660
421105
316469
230408
279517
358408
462480
219859
450198
321293
311376
273607
797782
770514
35292
132515
11139
246022
970724
440643
261119
729917
426466
411871
303976
756704
328006
885628
923240
194762
973168
100022
903156
73322
347128
489485
567299
162625
43582
629078
518232
695940
798904
982559
814271
773734
808005
761075
684248
442878
356596
614102
670068
654925
396576
370275
380255
248858
758176
366052
46375
547745
519374
14173
771353
271338
908840
515462
438340
435909
157474
623020
728716
334327
713303
730736
821307
443707
519296
332393
882073
509552
460062
532935
152550
903496
225778
379894
90953
989451
493733
275774
206762
185998
987918
924974
22291
770518
150247
950483
364483
615484
625028
181168
940385
869424
513516
32088
886174
473651
435009
93826
772508
738943
452584
487084
693277
121983
658242
670933
81188
650238
157014
891248
488916
338587
202229
150360
82707
438156
988987
684582
113514
373358
734012
199007
786863
321380
889273
724115
203063
564823
488290
879384
140947
859597
887955
928055
421831
17189
914056
739095
831562
598143
858740
631855
579279
648108
566856
585262
142723
37744
166851
514568
758958
512697
852026
355964
929560
240828
430907
951961
540056
742166
445314
53110
976986
732185
231814
375260
456832
98245
42193
965274
200296
167974
881322
337337
261677
193640
22531
472879
7368
516561
928606
606521
904762
437368
93204
539795
936633
163731
889274
994486
306510
164415
167878
331720
772157
859200
942608
344025
424960
676023
422422
724301
107778
814215
52899
613442
990343
470884
774272
605580
717416
936457
201066
639202
87498
997019
992499
197374
776537
214510
251225
554005
819329
144969
193650
989143
967913
241384
215819
374918
151478
825566
780140
243146
806638
656217
924357
244813
102440
505610
381599
478028
138324
808093
624570
682121
746655
249144
49165
721228
439963
853057
458400
398184
85843
63576
617319
157359
330750
938976
763685
8312
849349
259317
603309
919466
598446
976480
353952
927306
650797
930133
105592
247710
409918
423385
969539
462506
491924
534065
191033
291712
446124
245637
698847
691760
332607
383158
724279
854063
491176
4560
748837
691081
978197
486931
503189
297515
949657
836126
658909
324342
827210
711139
767233
268711
62451
199957
806749
547053
285975
328861
903970
517861
377931
887674
213044
855373
420014
153977
349506
800501
201070
475237
36019
125338
193098
672873
849185
648831
730005
941715
469260
808773
224473
330745
331181
220280
814789
428272
603563
285532
175277
123055
980420
202156
838495
742283
821697
266489
432301
536023
931234
198131
188746
566607
459958
614750
311846
196388
28926
202823
560176
603771
774543
997756
252600
58042
42818
197066
763622
347591
587307
381881
703129
307514
393555
960036
943582
535798
455964
344005
645880
604395
957984
401491
915178
207957
969827
772369
614040
938306
175469
794303
485044
69785
338081
639459
489855
293401
826921
957735
381014
91304
963458
645608
36221
787293
439903
933464
379708
926447
377986
734694
527741
773133
897673
8033
369814
480828
872260
947799
467552
869835
670259
314724
626713
517898
363344
772086
312209
138878
117865
42191
903251
436793
764830
77377
419883
954457
933876
821779
851853
192128
537210
681029
252704
149868
442242
267277
962380
577757
81558
273261
906295
503812
96212
724490
243797
106690
989534
937355
551568
716531
613068
53898
59760
121895
706043
664793
707994
540578
900026
42766
119398
304392
158
717124
131779
415623
870634
388675
827687
734817
29519
939314
856962
227232
760295
125058
175374
548112
699320
775241
985406
89146
884157
303661
44012
141542
434003
141294
611333
205471
813429
814110
483835
883454
799500
545151
333925
644111
329281
752861
202658
601766
93084
274470
2098
132310
393822
627841
81039
375842
667391
997782
293486
806185
291675
629572
544243
280805
352929
18339
332494
869946
175548
213744
787846
268973
102800
337238
987429
144104
266553
776115
111370
54981
793167
100313
393819
649833
935100
538738
228104
739762
816992
552791
201679
437143
993806
913489
301225
693088
585651
52029
581278
610718
818164
261265
866867
39459
299400
612449
772220
531800
770950
758564
425820
857761
992037
111830
338057
547818
443860
247042
352361
179994
853295
278535
293023
997938
419207
664275
135414
719914
704030
414936
210982
688449
760779
937461
74760
894002
842050
883854
279592
460816
671577
399357
364217
833759
339726
668884
297388
190715
880469
90980
405801
744519
320078
659774
191777
328362
986751
47127
926888
942013
599034
199665
396635
934802
389363
273663
854181
444558
491992
341328
689371
376485
737726
288218
531636
865628
270620
667370
120208
318200
925221
882924
857905
457798
480169
930504
621265
306695
237492
954702
672738
458053
927133
438191
701190
291892
498601
585620
627124
7311
747903
755857
680144
957688
319297
581277
331523
306642
854978
54747
115330
392529
799474
571000
397606
177986
801400
390861
893296
730401
425833
871045
401317
801628
83268
309182
909179
888549
191968
715987
888908
173861
457265
550576
976038
257799
428735
188551
637583
784582
556988
614011
993694
519576
689926
321152
177967
796626
33
805059
742053
683376
158207
895542
96411
820703
222001
519649
404448
233757
730719
784697
761976
28467
143693
387723
213233
531257
343479
338963
628592
979478
399996
719869
118793
437732
73560
412513
325411
377621
341127
311752
727188
982444
531012
571754
875383
268272
175564
421727
203094
995890
618008
974483
924984
473895
864555
789720
489510
546247
476722
498275
635675
301302
948199
540303
244395
209950
598640
702202
680408
615089
286540
993175
264358
344645
462222
524260
698451
620915
782222
221497
25915
668298
578882
788146
273202
869153
820019
486711
579421
452851
339222
934253
558558
430230
780459
530492
374985
966630
758456
86129
303116
196290
511408
803315
803476
603199
403736
895845
836528
671995
575896
470427
369524
742784
677478
917105
874884
357975
944451
95158
696585
310573
758150
621136
969410
242516
971072
364584
817974
274557
49882
335396
732731
207858
527245
552533
908507
478164
417185
402202
843169
875062
921260
211886
320776
711235
448719
733444
428305
226455
632392
97641
852915
155970
624385
832332
68251
919433
181255
70170
738384
175925
712947
391799
582044
24106
144219
599715
240272
964137
482914
789937
526128
39463
280171
215430
671198
157873
899869
267597
931747
804501
536921
856483
974678
222213
602598
306389
335194
882876
37057
159695
243900
155664
105424
149195
405501
615450
489680
575357
188618
613653
272793
329117
93770
117407
683210
692490
240304
181310
725305
251823
990723
806641
541855
664369
709151
814014
424792
272568
709302
613057
719765
724022
881485
8491
858592
630978
229824
249312
973761
169039
32613
425103
843279
168293
919502
25598
915791
316554
328416
708060
806857
91022
346361
683302
623186
418878
935662
956043
514148
321475
276150
985783
754491
574135
150626
147165
894194
742531
975032
149176
269128
158174
85151
589959
90194
722531
170163
337722
322053
429627
17433
959013
62324
282385
864509
452052
541555
399503
993743
717584
609949
391716
715730
700094
568231
904272
961066
653145
451307
682120
46988
501025
733316
833878
237314
686336
815928
747260
963771
550242
75791
919385
24729
626668
869542
520059
826372
879588
723471
149260
359953
792171
837223
27450
373563
451292
991946
32960
903181
979327
690852
309281
247936
993725
495526
537909
423419
809196
587604
857111
498405
624247
786022
582411
504339
682859
779673
761777
85644
38304
936820
175905
325483
932276
143686
486374
211689
434314
191027
521577
145037
451422
683150
777208
495316
77375
864138
392911
884581
873381
229868
929849
613051
914734
286357
163250
901695
834871
742318
676626
819515
737576
359383
267257
837717
672539
656326
350652
819285
785672
434378
480625
626887
620258
414031
892853
259539
508941
407114
290766
256920
872935
474986
614883
707681
359897
453389
635831
473619
932507
457096
99250
693171
890309
282566
413455
676699
518956
34351
534845
712623
706304
5840
550677
555100
464142
395580
215926
4377
442215
629048
5078
401053
365586
584245
282136
130087
227739
657946
146151
71260
429613
428653
441923
369549
404240
493312
198263
71607
961074
951255
692258
829228
859599
248813
580127
826217
645530
926203
78465
768550
262135
474143
650618
923855
53190
295068
525220
736538
270891
24979
329989
96662
909449
656226
43586
912978
296000
414228
803154
145302
517683
394394
835788
604871
71251
277911
817439
192590
687127
12124
809082
908690
568854
464335
273014
499621
663668
949334
528414
142107
345022
899429
771352
532687
333452
202428
424501
813642
832706
73128
301009
409676
647694
671394
786945
472116
956495
509621
926576
82777
399353
802062
233783
804092
877589
578715
203999
215171
61745
496452
637418
633779
667729
588944
302012
956187
501103
889423
956499
116936
759909
510102
463841
47338
740256
772950
827383
276919
908910
901277
83601
342111
408889
677422
524778
599353
642999
438353
368750
694198
966827
390847
848057
794159
872693
321191
305992
770637
313304
849468
525061
125290
972812
415392
488992
604044
824048
659156
842240
210608
19575
757739
113124
847978
124733
200881
620122
739720
551401
453953
643607
719770
759447
947288
149774
658717
357117
294747
8294
876151
198057
148456
883653
357629
324295
395206
561062
233064
257421
21420
902137
225504
613595
849451
851726
855888
509400
203026
495612
822641
166757
350473
831331
400203
392605
548942
524549
743043
281628
760401
672238
96571
982422
457193
842128
488726
972182
728628
82239
145331
575837
68558
291006
283365
949935
306172
254968
455576
321175
249415
737118
582797
130039
960480
148307
546946
531309
355468
298978
69726
951051
765330
212261
577467
739959
189035
260399
143778
648029
784182
432042
576201
530977
468975
440752
715334
594942
225138
907780
403088
439345
141274
338350
304511
246113
192607
306284
648018
207968
212851
58760
861057
875134
969816
116916
757491
318140
427833
56590
530826
117993
920797
843492
588018
305691
612883
11616
262227
392363
513392
121558
801591
513684
158458
607278
784971
489001
582982
129781
773546
152382
178775
771790
116718
661201
671961
499133
57054
513853
602534
750449
460392
839354
230485
287770
35852
24133
727380
371905
766137
508460
897078
285463
906007
937394
732382
727628
945404
496743
834256
183216
919129
200599
757460
803828
387081
660471
185189
963418
698289
735976
796685
795461
9784
353192
764649
422028
760949
10392
212117
583476
134408
62058
127224
848806
153972
940267
537898
498102
973787
24428
700518
597751
406245
84979
120576
98971
55258
372186
504827
701676
133080
451078
662446
610870
773073
407064
611619
815591
946914
18989
195800
511355
864214
888275
105279
639472
404694
603839
438357
104893
642548
266652
881457
284222
728312
952526
699738
778612
913727
557374
615958
713527
630635
663240
507726
480805
867345
438594
344436
290844
897689
585533
364444
56791
766870
51438
665768
533296
658177
997557
153905
189737
744499
1300
569601
187601
864727
74778
420486
444095
509853
784400
521733
77031
424323
273997
263096
472671
17512
712364
312216
624349
827875
883561
56430
652238
70059
320323
483072
794851
334368
437005
750342
795421
64436
332231
864532
528716
800142
758768
249526
748960
194513
958489
716927
877041
771934
317022
760363
123077
889422
397901
646309
375234
178402
312076
48596
290638
485996
889915
325159
232900
202322
528780
61344
56539
347238
142869
897364
404494
922120
716422
995855
10249
383989
887875
511309
886601
906639
83041
799202
266393
453663
421702
649217
970809
696462
891993
597293
735873
881524
611282
393597
248270
302519
848845
947472
494371
584854
487124
999026
254241
183534
377783
653626
622246
48556
147633
600190
981421
503780
727395
161777
769408
387985
903940
193946
316836
257184
311860
865168
185559
138536
59693
801237
788234
726692
904115
301
324301
335657
346272
9683
329063
65330
633736
206722
408705
286121
393408
29135
600873
661493
135685
826296
524012
300255
395323
76781
530300
477902
453598
995261
540023
320942
374300
795383
155045
995914
177886
228015
360002
899553
805741
492052
152144
581735
149121
487775
626855
342045
460596
323891
632689
525783
610461
515698
589923
957275
212834
173731
636795
142949
621638
681390
236124
996033
206149
483297
773452
268501
410507
264264
969908
200326
907986
406350
39520
999039
350442
142306
62106
871829
480068
705184
636817
559524
874058
290432
325026
564911
816715
611103
949450
438562
593826
104164
411744
443988
641919
266997
147448
724449
586616
486392
361176
990648
292423
464619
850670
865967
138602
37050
19408
621372
703969
776445
624220
295366
945556
865365
430615
916540
753713
144381
494112
686507
677411
932564
369821
579341
185795
211665
190066
932391
167019
453964
683574
22594
386310
266331
935917
76985
368001
561821
581348
179065
798434
758157
576019
857551
218476
543909
702385
639633
73560
725860
82966
681176
659130
765599
778091
607842
917388
272776
669027
879835
143182
245508
782323
33579
1530
715864
69171
516203
477611
347155
389946
993010
161724
190698
273473
38009
168847
875641
276056
920340
185566
747576
408890
612719
894573
562963
99048
561064
753421
167467
798247
994622
970332
613075
486239
187113
430490
761524
706076
660776
165711
881863
430601
615424
712435
42824
367523
610201
82788
17577
165124
151137
967186
732847
475285
564843
234221
252405
108636
347336
382322
484902
485251
749733
819340
683487
371816
341643
75505
162757
639283
343276
923353
449054
265752
787744
873753
587104
849408
163736
590253
246069
855515
916680
317743
565565
597271
477054
302566
615587
92662
861584
670272
329737
200694
157159
954163
520641
535866
337544
647929
595613
399507
633147
272387
604801
610689
771288
685666
674222
660455
165914
930858
620707
127750
654592
889245
245480
966315
584395
159947
191333
37517
976176
746973
474301
818759
18997
40535
220196
192294
948927
527838
298820
967392
909002
639387
383856
465419
206515
362535
651773
804044
733374
501957
708169
974791
276917
17830
174805
344207
802920
961521
440443
775203
182069
119899
125263
28072
275348
908778
857257
566249
114051
63026
447711
398019
194454
884062
213200
89512
947927
64108
289161
384362
678348
267559
81042
326110
477593
40572
933164
948247
837668
963205
243659
724968
475045
843975
164579
246481
870500
769968
234185
577289
23497
817300
519807
239532
839242
346763
716934
422528
874273
266803
772190
615324
42505
967760
190414
609475
837808
74314
574070
744081
359173
834913
461957
351638
509311
637627
983360
190525
744479
693850
709004
720540
167287
48341
543675
215948
489828
14645
124584
4535
381233
641398
631626
278530
584023
999643
678261
514376
265651
143401
103902
73754
13732
863219
135114
353927
740298
283436
572009
65412
388231
343753
812289
957066
415657
130138
260900
438041
442750
935774
242958
370700
78884
591615
181733
601273
834939
198815
808644
184703
533316
389850
408933
612120
305248
882354
319086
13182
339703
389069
749219
560686
809170
126033
522480
55587
525838
111971
590632
402492
901165
81946
503742
909982
915840
287558
104268
216629
379282
181846
594107
624499
810064
598382
315640
456759
631011
625692
169148
371178
486726
725976
612661
135100
848042
838047
728056
362107
288070
803830
914566
178458
251249
657091
417737
753798
723315
504619
209232
562583
747898
305303
521966
623838
550352
836276
138293
97668
486742
606050
268358
58402
38210
103821
908607
708175
296946
387494
735879
586169
404278
960162
759226
629336
318499
256708
370836
514220
491984
47633
481324
282379
781529
781665
660430
614957
387018
98831
560536
934760
628586
468822
850953
88815
179800
215508
985626
595832
530356
18692
980743
584527
85953
977125
101899
415172
381671
350435
102994
539988
186646
583246
233034
270467
958082
846217
590243
102583
457598
219221
925558
25322
539487
947483
926260
855020
194099
874875
242788
574398
602333
540856
498081
907406
617182
626413
350122
46018
170581
299160
670706
620673
94894
920869
986510
229857
433075
439532
406891
638732
359420
11999
609471
319364
591777
372685
659494
443557
303329
810651
588438
796147
239269
975282
695538
141256
528577
541320
963467
200792
992402
809196
123667
39297
313528
738308
876410
466465
840426
383484
402154
427968
663449
939309
889392
642237
284553
372235
218206
507064
956236
575933
464214
633050
646801
251091
385021
543761
284644
441178
737176
473672
776606
846317
612664
430790
201122
479715
517692
951078
883429
701388
445438
702730
45861
953090
518552
112992
990236
207379
773864
408901
638701
887518
752032
352160
711567
945643
247541
540367
772135
774773
120357
538165
413700
985586
93805
120685
492994
324251
753959
987311
151426
772423
850395
150424
140016
897069
359612
377712
128549
19933
235691
373236
579109
291502
414143
857000
821447
3523
870971
4682
431211
458851
532762
438428
963942
666173
275964
811365
107237
556952
212315
538351
7976
515453
844014
274968
67196
961298
455758
609593
988050
192264
17713
349152
4829
174296
387079
758831
241012
627665
551703
829880
905440
336520
920617
893116
23110
765534
188064
566851
933201
971217
27957
707324
92823
906313
745808
138135
768869
269551
747616
314725
217557
172166
153481
666402
706220
825865
850000
227118
640872
852286
50511
436919
887448
479929
321293
899752
823660
471378
5684
449733
80710
746992
271068
912161
439292
201537
157478
543902
728681
833977
896473
619263
756803
411866
144607
475559
27942
393999
510562
163628
619253
286693
173451
320421
568806
791587
699446
677122
910310
862207
971615
244566
174136
979091
267679
472771
416613
976952
751838
454395
841294
976058
797459
668325
157571
737511
860824
121629
267232
159410
658362
602622
919163
447634
724483
849267
757668
921972
696330
843855
334469
264727
99858
394235
692347
588103
68625
309831
595436
479984
177349
504758
76134
419558
726422
559704
862913
798871
854520
833754
897042
717786
68852
27669
734375
331092
125254
470588
28706
64825
793712
944090
330188
107314
389151
186722
741538
91785
296032
34689
581337
495872
955962
136039
36196
63555
531263
613382
371123
209450
923606
183671
300733
25341
548640
817076
922646
105682
2258
225299
968816
545700
995608
812691
460516
63458
75904
700281
765151
119123
476235
325572
779467
784734
815905
252339
544904
144219
74512
670741
453333
513778
583364
643377
519098
668571
619583
986804
681572
257640
686427
253
771511
473872
823648
833342
851373
109557
655065
589103
276791
656929
688213
383733
951759
104633
349727
693515
838187
204394
516666
993342
23352
658458
421915
551834
914313
138834
140010
856543
208045
67269
990880
730651
149415
601846
375684
216096
858153
830067
342738
479110
150065
334340
404505
170051
702454
336047
439247
184203
790171
963108
876996
934986
209802
800126
240376
349859
639605
270770
674355
421300
852265
688069
452188
375865
649979
890150
894378
288701
844310
599777
152590
148341
804597
701518
931536
919709
107916
358087
77198
463644
306285
875822
663215
487225
386958
572505
936835
708517
717792
13198
21849
601989
143952
517068
262626
850714
642589
378265
170187
503116
59310
992166
247350
501177
128901
147603
11753
569866
930435
484841
813965
436513
269964
181965
181658
871896
375654
924589
804959
677304
960908
234578
22768
788747
225465
987116
393492
698666
98434
116000
680519
963767
284193
636716
455024
990967
433232
296461
570636
157948
971785
878171
634010
315771
732104
567694
1756
350433
800364
662717
735989
336096
85289
57509
706944
461329
76422
1749
799797
573853
584560
569871
292108
733069
691274
843162
127823
55880
501185
784427
49636
525156
891582
931076
316551
657909
34865
924794
900807
750929
743492
977770
783754
901862
619783
852392
636458
29875
780182
642637
343816
297583
114750
686393
555687
627534
355222
742037
374879
59467
197626
580317
946443
601902
532186
519283
158780
785377
665827
722496
839083
645921
728263
178197
793015
561023
543505
892343
932023
677240
186038
990102
557973
13898
790637
717003
47066
33160
179255
972252
968824
589593
504560
125009
418171
300626
690581
399923
383903
818187
375177
279908
808334
196088
782532
681587
800680
635449
421256
813436
528393
976563
312217
376577
853779
381762
910508
138717
889428
628505
877680
550572
629269
660274
668647
296859
699898
611480
586430
523455
206944
721178
563306
572878
631336
102652
559002
917230
109792
471608
114130
504628
850194
556106
51058
374420
702030
989172
385217
91511
867610
42371
122086
13059
628573
713846
750167
911383
16643
194896
461351
389545
289445
532143
739637
812780
558876
774989
366316
797370
288598
308673
187835
343672
102216
141352
516305
477170
348629
994670
295343
77733
574821
330552
873776
198
861041
203269
462768
861401
362455
4571
546287
931454
581445
295421
100628
596682
940673
980542
326622
500277
323443
711879
496656
419630
436353
830468
191536
151648
116332
614927
364248
640551
916528
295547
172559
265208
557502
840334
58106
752366
689892
702930
698963
279161
767864
134515
305476
787783
316377
143403
688601
375402
872649
919134
941719
369517
182003
988942
952511
287294
446485
707541
504963
106965
723802
387431
957632
250533
957144
631957
119294
759153
881267
986403
564867
176987
909088
706186
93792
362245
299203
193445
946547
377697
480396
189576
152420
889350
65251
824730
908063
345300
304240
650148
329555
136568
407270
124335
492406
635367
807510
615860
397211
552171
880499
761681
872732
715647
67975
274198
527722
310494
697254
585411
584156
965197
821726
31262
506163
846187
249058
725154
441145
293163
785326
545107
933625
34899
837896
636285
64013
974851
666881
172514
343843
611787
808606
93169
359046
579946
360892
14115
235672
338265
220503
791957
217951
605719
34595
939258
579519
49104
720158
331096
515361
985600
977894
919459
401494
424031
604094
300410
292418
198784
290451
703601
197123
344937
43165
800422
7400
725809
122825
236858
341727
784473
318562
54260
641257
550815
358531
168679
603286
702719
278025
466196
21646
446295
836483
65257
593456
465099
662697
703131
712484
360109
311701
780424
584316
911685
207112
106113
35729
931680
376718
577915
844009
556800
974190
565654
408148
842630
561246
411468
842413
735840
832058
332376
863110
473745
604317
197637
205657
725169
821246
319623
375844
689685
944270
857566
512533
852688
36214
465404
143334
899636
223410
257156
493200
599616
262460
57238
681162
846544
35415
178912
357393
653506
837349
274859
441509
680006
287568
724130
367797
909191
485518
248302
885163
503821
850510
670485
769762
254356
362310
699754
369019
191876
359496
897163
822455
782624
813923
745455
961971
984035
996691
402911
792925
124384
362228
863784
44788
580512
233860
551210
672901
771708
560221
44277
69882
599687
4497
285421
559957
240103
550904
558021
570010
50963
84893
309930
643505
509229
344344
606297
161571
332906
907417
74360
467614
817114
921076
780042
347200
142549
492962
284946
359255
777790
284011
165919
122461
481254
91076
636665
324463
381466
655564
966740
754706
966949
46556
167752
412432
199672
768821
126792
712389
229916
455720
938852
777716
101877
714037
942128
969023
114092
964402
928426
142108
663914
818915
258217
555413
361113
835377
946891
620095
600453
496823
375247
80239
218513
738345
647294
652421
420637
327440
515313
69322
145714
999477
737829
204248
627819
450275
361760
956129
184768
925401
871348
815637
260219
632129
537578
825638
601973
830646
822816
456258
951987
452363
527920
126312
206421
906762
241459
406439
164994
321916
447622
464138
27243
973263
410923
646536
259397
594799
673304
708350
934716
576451
303039
441123
218048
272085
379500
255276
221825
467736
397541
265012
960030
517356
89934
428093
173638
601633
79870
857203
384954
872210
471009
895698
467998
539780
121707
301694
208675
310235
542288
245572
589352
89421
68156
877127
281516
832931
565989
880809
887549
967911
961454
623475
725421
4240
493835
983955
248722
523069
593184
156685
448545
275424
194643
731221
259629
49832
414654
343439
804798
941760
604951
387174
980988
659708
888826
264250
627951
14294
600115
339244
166642
9428
346183
942808
594832
22854
904967
377550
741243
66847
557901
368715
117268
630040
62875
672513
617713
885559
877016
328601
115645
722307
3400
763978
948381
394030
854999
102910
155339
467949
4677
980844
265961
282495
519388
893027
986229
556095
282016
925644
819744
876791
665202
743824
1350
261310
466033
796194
846682
522771
548771
533948
156102
113184
513013
822080
172230
440416
693661
192603
65457
68288
627821
63380
785679
644230
889173
760163
23725
39410
588302
50113
450190
872736
818933
931855
739358
956844
139938
81952
702366
876555
564692
271725
307878
316697
589177
922469
574463
293990
158303
353445
135961
191406
225152
515227
135134
254029
241376
902158
949054
339938
348280
960803
358345
945180
429041
480103
756867
185945
289918
641887
805997
867716
869746
722593
589567
835793
100081
290089
21901
29883
227667
958971
258711
446601
383092
632009
219117
239659
750793
246798
932453
40820
406980
268600
239343
728622
835646
838881
406597
251162
955930
611057
716794
98328
346405
664693
392804
447179
484858
382545
420840
195192
909000
532148
919625
173652
448595
243517
425516
303222
568043
590896
43370
850035
614986
781627
963692
355995
415311
649450
129929
33889
223381
632807
346087
426923
433874
1962
881852
102646
442003
968873
865732
830304
850096
750973
883813
792994
414929
503333
224974
176093
575576
470107
314732
967930
411361
801044
156273
64270
734966
299897
122102
216136
39722
465734
205896
127890
45131
691515
178977
498972
729401
111374
690925
133858
429579
176
321269
372854
683539
529464
914001
945214
285733
707582
991588
917829
801793
474601
422540
750206
631371
679522
13550
217033
165047
23055
641070
858016
542338
263590
161511
21131
730908
573053
302891
956581
442929
75646
245125
31031
450056
858565
707050
746988
935032
780465
522540
545420
962982
648619
832634
717419
733216
482013
154579
497688
131807
205363
446076
151444
776175
52038
803787
388272
200751
434887
801066
824442
232385
639008
562644
980828
446853
704073
968419
814341
257015
801033
558425
261275
115682
898159
72596
258787
504816
535302
263730
255103
815193
465151
656761
477740
674349
953863
111690
845752
578692
938225
669049
955899
905223
553951
266718
143185
337657
906309
183272
507109
425081
98332
144457
352098
855182
613722
138210
872724
998318
713796
148634
859620
283831
372445
164090
247561
839011
247960
562781
648869
709130
782348
333435
485886
681246
930424
318374
113824
889206
755859
993670
785725
292428
397155
396393
691205
413660
371106
336465
305877
387080
208774
798071
909181
376693
66748
132719
63511
868068
621959
13259
933074
286993
592919
311835
747309
801298
224319
806450
435995
523672
681921
161613
242331
711384
390513
558203
418396
789612
965189
168318
341239
906239
433059
275481
783233
709057
789880
542907
58724
975116
924977
606202
58830
107285
266622
814315
453138
548365
270394
44903
842876
967676
529430
212385
716708
131355
312348
149835
174526
798704
39646
811709
414124
372317
723631
861077
50095
552611
771307
711592
630863
283411
696732
162969
879108
435881
195740
227380
499614
187318
398168
517370
864535
879754
505395
58640
382690
980046
650228
41892
25432
987262
228338
291012
636833
682561
199642
808997
801992
872749
597124
859212
42894
240059
821492
815353
918208
159743
301324
650670
158923
47124
570494
61740
673790
30901
412976
977842
263258
206442
530070
950316
86975
974076
422007
383611
502616
691632
754133
962709
929983
725958
840033
611712
649432
449607
9725
939933
650250
426759
9782
397135
428406
944542
392286
328682
758404
438868
570329
718791
664891
51299
529877
67584
188649
68326
629738
505331
520172
328787
65492
839852
933291
391186
858448
13956
584144
27896
476635
81420
692364
185330
56271
235679
779045
254200
357513
941993
301680
286246
116354
198142
79217
847606
705879
108489
229240
699168
307214
236496
735426
516583
560280
911827
726578
424599
655155
527116
914062
327592
366740
658506
271219
554880
587282
143694
671399
101379
45411
70986
439348
445669
426312
44265
731927
419841
115457
387720
630755
922285
704875
836003
984309
622266
622096
200515
727667
859010
984602
125499
763850
689046
974422
607760
173925
894195
706563
599996
514826
564550
532624
784150
626736
439005
88268
93
703309
513888
530678
309066
885560
246685
185756
336643
275980
410000
290316
822372
117796
727282
325304
270283
307136
922368
10172
684762
716849
796567
62814
195475
648941
197705
450732
269780
515886
291522
563630
61308
797947
165718
532171
317960
803453
245749
74762
787570
61642
969587
80339
822456
367879
350257
280251
142664
884331
963597
393751
121687
645004
494751
842261
432453
485013
919904
492588
14814
805005
771321
681530
185557
573407
293210
785187
321726
300602
233687
877617
658651
362666
638869
160807
526690
673796
301117
151517
581154
750460
557125
137316
255239
717899
621434
199096
691511
190340
54470
590546
672633
605391
555947
932597
899721
229313
475150
998649
941974
554421
96230
949656
692428
739170
102676
398368
836034
242712
652619
79359
692240
468176
965810
957965
508033
470202
100029
863900
165132
437107
123227
654815
649976
888556
431289
724571
783477
862923
265026
184408
208711
734743
96357
928148
313049
782986
182550
851276
393721
34654
347660
490333
516131
55492
835698
990430
643160
199658
391907
458568
204271
559359
794440
940160
521219
434320
996964
510763
307883
108376
74074
595603
38332
753573
485106
331494
381025
961714
491790
871276
179161
707125
812546
393246
666698
89717
386655
962514
476476
950260
18850
13617
776124
909265
948040
645511
858469
857625
941447
703211
274856
632314
260326
775224
477247
782869
814231
795657
966965
353269
119824
882891
326039
259174
589061
849483
7192
246051
330758
924527
345603
108005
700476
109953
200295
779178
143684
659230
297662
367557
866443
477832
359944
520617
178858
644222
230923
572652
851758
809135
747715
713826
324802
141928
150741
908128
920766
354025
947457
44594
7842
607241
121343
448299
49554
701769
269381
137879
768787
45431
544156
424461
781823
953400
641744
577798
975066
31606
329858
946272
574068
404440
283017
955687
621400
70420
286733
850332
899758
752887
780390
645809
932813
523005
400251
794901
425901
89452
754617
944301
109755
330703
265777
211251
5513
869732
484177
288322
197369
698816
765249
208391
567712
535828
73791
449785
5594
549610
634472
57278
325398
741376
415139
323528
393339
274374
196196
16257
486298
77835
139405
869501
206545
975484
589719
224206
69279
412253
285310
367416
589190
229544
545156
999302
493796
326846
202826
285869
674113
107903
880041
60147
682815
869069
326732
466147
806173
403861
92769
265443
974271
462153
710711
455432
429876
78741
748219
619736
366235
432341
869312
542735
52749
378940
186181
375206
509333
416439
999825
41245
304915
199300
720010
880271
17202
809813
916735
338548
809912
357988
80109
614581
955141
847057
125105
191652
336110
868374
856138
730682
999588
691292
72717
249232
357748
895779
357060
500362
90279
433663
158451
15196
209985
377355
884316
601904
496375
306666
315722
577437
147843
495440
956609
438050
252010
732733
281183
917088
813139
909090
543101
397106
353414
887721
609055
460307
361738
417967
873314
20911
407162
519181
196344
147437
909691
965111
667736
799922
705121
113888
482611
986482
853269
358802
289180
698302
280912
225037
309867
258644
537730
591624
81800
858942
976140
225483
369237
134377
409493
268705
559504
801862
859443
563421
653503
638737
884166
530738
668156
321219
254986
995607
257622
587251
520593
683412
581883
177515
711338
773285
431286
168173
504640
735434
97530
471885
856881
533487
874908
442154
312597
69700
226396
354400
576362
345464
615540
270222
275959
978653
983934
755711
300621
410846
176170
409745
129594
710213
905514
498605
798760
922478
607110
557681
70836
424374
928926
687980
414961
900683
924983
376435
467507
417885
307081
586627
761004
283529
166005
366676
825200
409819
553734
255683
100414
910033
524961
687497
175356
710989
821836
81554
825357
294446
110909
256709
455191
822476
874316
198861
647381
590602
334355
215684
120514
721415
841439
194886
673068
75218
790742
846976
437997
474746
425260
223202
531873
360105
708667
816038
995402
635719
452365
229799
216333
554505
371594
53512
132634
675459
957970
205576
989154
871147
231793
809019
550278
796246
188832
25245
358011
49727
858764
439251
288103
91299
690298
480691
157203
677816
316812
134132
555491
653317
635827
474769
777214
677825
492798
155205
112968
18922
230360
252022
639532
499126
434768
124391
746147
453726
939428
145499
545852
798680
255340
389370
702471
95632
664663
389672
858070
413135
17041
925152
596755
161885
238455
338087
900368
483688
170302
345192
112431
714971
627333
752934
858291
383858
557063
769
376045
512366
681251
993817
972452
181639
231888
8551
90847
202712
844910
97233
58001
33606
881398
859939
55844
868425
426549
581729
998126
703413
163689
237599
342696
135796
659275
965086
666231
49569
976725
320579
191708
609536
914132
205096
70115
410119
989501
632868
35498
324825
820225
225741
214060
522873
605477
591466
493661
706283
95355
566229
136402
663997
727962
463093
16783
824714
856725
288245
551422
602183
961015
368334
398721
950689
615530
828741
429280
559950
896792
690309
396552
345714
834443
569662
177501
646250
14343
495919
109664
817466
273627
893348
714581
61468
363845
806699
991153
198413
471488
377986
213628
786404
174666
103450
50547
519146
825228
847037
544450
218998
205914
584997
784658
470123
54370
388033
9306
193959
377508
268838
560734
563255
880442
790085
28950
269430
662527
974372
363476
677706
215346
769242
50366
930564
294401
535913
663778
708049
90514
644028
178099
243972
885439
663882
61197
640704
352918
697350
256578
427479
656503
619887
75490
521108
850355
691040
863956
452178
963232
665673
804008
844382
780503
350629
373816
928894
883187
972402
246634
412828
513401
261092
90608
392911
122802
10533
445540
5605
183791
537267
101541
91215
156990
649507
927397
683355
932274
384083
309768
959544
572261
992996
651564
234727
483981
55806
468274
34235
516444
332038
76990
439766
510700
906388
38085
150450
648637
245102
407840
684156
382676
678506
353339
152361
633018
702555
31445
56347
950810
432925
126711
447737
757364
997825
824921
123216
503747
729699
206772
983551
814913
297581
584969
814695
66819
209914
352650
266900
715089
541408
372265
891211
578596
470952
953508
859164
77397
272603
240541
788801
726497
462416
544607
316175
887206
794808
668824
409565
943675
746972
592064
619722
159420
617551
969574
819253
554279
441586
605570
249762
395411
411918
322510
922247
857532
276291
940309
525359
514462
471900
656905
390697
971610
611488
439806
172296
311682
755625
590073
763759
15788
157782
186463
968241
978821
964551
451997
859198
688357
514185
686513
521087
968613
650619
385643
597867
914892
850824
949844
342309
47598
814102
349033
700666
708840
251599
317617
359693
138093
110112
955055
113499
433881
183320
185523
472583
537405
110025
573267
599616
952018
747169
631398
924563
957703
506494
958886
434212
932978
908602
153038
815964
345318
720319
503831
673734
457440
907020
923636
76762
224596
116302
826960
609004
822117
355862
649861
790877
491232
81187
576334
582046
605605
640467
797542
512183
467010
119768
96358
320666
479914
537486
881475
492794
445968
911024
737103
118838
941154
953652
112863
801288
953630
855896
226067
983795
261002
433013
923274
695656
866108
92937
241513
727742
5327
651623
156960
289227
374624
634745
802793
731137
625761
849590
141727
198465
124607
696894
558478
817184
815178
755620
130844
917563
597516
156670
909348
957155
192546
849711
824480
477597
444382
573215
966314
122176
590391
584055
987481
986966
916759
220655
583061
54584
179459
894675
873301
236525
105371
392772
74815
911483
627821
470016
634826
28544
969262
358130
879517
553325
754771
837636
18446
966522
138106
311895
404532
593934
829242
136244
815955
620080
961082
363820
965157
379309
387986
432793
917399
235655
359475
643244
166678
595488
84984
826369
142140
713999
408835
4847
813975
586550
145713
279896
412596
413035
15555
257995
209350
230129
497657
753470
171153
197615
577668
389842
509915
762441
256296
679287
937324
927166
629436
251313
907919
966113
581681
124442
682782
52859
794405
288447
223585
766806
128516
392680
823050
303096
538871
308202
547045
343709
129123
829820
579665
476749
756618
301122
863643
397849
895366
366780
917909
949330
687963
827769
326630
75783
917605
666129
185390
458340
590025
233468
291696
553864
828150
720203
545611
31688
300833
572750
425805
545290
829261
838510
923760
535628
806718
93246
194481
652812
71174
575040
750039
219511
123178
630245
954439
646981
495267
318185
870550
62156
605133
163365
460351
770247
147579
263877
474979
434979
802027
828437
489898
629859
554275
964961
956939
592551
31544
887382
145549
724597
69726
648775
814187
186448
803766
252202
168325
207809
675899
514443
232636
402625
545009
792469
971945
830337
105949
645687
261028
234555
362950
53363
866163
247413
30497
145347
740398
498626
817447
142258
97372
4021
147270
903518
456790
548727
652254
860934
451877
449804
431658
24008
14610
309420
382386
777462
145103
369348
47128
680912
569720
868379
97163
822160
316832
606432
731268
231956
830739
328388
51202
667388
285183
493963
909167
472510
567858
456805
394004
33910
565566
172324
833173
561424
532155
476509
715100
712999
424177
696405
381772
180922
161296
682545
287791
262815
532538
897772
924007
962704
755621
490050
725622
346001
589447
970764
744589
30561
136575
203441
221915
781400
541776
676224
382148
531397
439946
108871
229268
996160
80894
136143
288092
910165
341010
598535
770862
439380
630551
936628
534972
240954
929760
364694
467322
237184
138152
35508
929968
780122
793838
790850
152099
424167
880817
181738
335869
119413
206318
64448
609498
282347
202130
565382
187971
798157
463708
968811
836309
843899
164969
678516
86985
258602
558938
938781
163717
765532
162541
437727
677352
492189
212089
216444
95428
327580
437952
284831
606161
566521
270225
672373
702352
538432
23947
167866
768185
887287
734303
875125
466948
70444
227078
251989
311634
540510
888023
718164
590631
131789
515377
449176
242458
173083
725550
893934
466103
737711
946100
580783
120455
554697
439791
32587
400296
154078
806694
349049
905686
759791
343056
553521
872722
192072
633566
537162
717028
610345
36286
139018
572653
170038
248332
617646
166775
436340
409861
921148
996871
688984
679894
552173
531416
584198
681484
493638
418376
306439
765326
431655
186617
836538
738697
312176
381801
991075
67297
994669
775112
41591
946807
926416
763387
920593
105447
161566
502033
242585
78145
11650
82576
264403
703996
891084
938273
163222
307696
197451
819403
44322
49399
382819
398493
343158
912213
978745
646670
701157
215019
983230
999836
678814
493038
910210
835490
540701
330177
741907
380495
681281
995816
111763
381880
910759
319115
739782
252789
915272
716515
376265
947413
397209
847312
398085
751520
589021
745233
156357
497799
409191
635612
112919
994805
483174
856838
31477
306418
964367
839081
180052
453306
712543
240336
112671
466285
253395
869114
310168
849267
577837
14352
225983
746834
674208
507997
288738
481045
391126
852140
503396
792914
591260
344873
636370
218091
277738
708738
565276
214568
285220
722324
868408
588017
222367
281993
333634
218902
928597
206916
695508
102680
933652
95701
638004
47955
632156
518966
273952
549172
906774
152158
590956
421998
74051
439241
949907
684869
86203
246939
108658
905961
990843
277037
254774
762082
690541
932028
688919
884549
558082
648462
725019
857029
631909
601096
744927
181469
995683
32814
622776
416107
803473
81975
890538
716124
715225
247335
614819
876205
398331
295515
306968
243421
679382
429341
378057
831866
266567
225839
194554
796503
926292
778640
910370
237658
533041
288205
900712
783108
213466
900294
138984
900671
874076
514536
278799
548186
40362
112695
128818
774556
638450
185596
738271
696298
693119
162841
768943
997034
964892
467422
187846
524138
220569
244549
486215
258514
59819
647345
581114
894804
170676
484984
666365
883443
824183
200383
2986
74226
871363
839391
324595
655486
214848
428235
736481
155308
232738
348631
752612
611540
64453
260559
728167
71077
849235
78238
689994
485227
672657
687035
148678
743604
673983
168193
336695
888879
328225
94045
848768
246204
619183
55271
56923
186386
644353
738396
708669
353269
181137
318226
904117
366096
784162
973934
165910
495669
90934
802290
918781
522968
925385
870271
403551
502853
481973
510582
215564
131512
424378
303804
971861
233474
893065
205506
102045
815521
56659
757479
415741
200355
88785
551246
342311
846690
321821
63177
864331
816782
429841
662294
132574
717648
517650
619017
858263
141494
108781
424332
534838
589289
532770
300712
318546
30463
773893
398398
561301
295823
331334
175011
332142
818109
825059
395244
767953
276989
394358
531752
647991
826051
615976
582711
20073
367936
334261
921519
438016
437031
408278
190910
93877
194453
979434
458201
818209
935048
169581
989565
61639
459740
970381
83369
806450
31347
440731
863806
386872
396637
922526
205904
321305
375795
855987
661907
114698
501717
716383
415749
657781
637487
462510
906515
424337
338970
197617
721130
977582
386920
387110
115141
317654
320859
862830
258638
680339
447727
762156
559061
575472
595145
661959
212473
398908
368354
299730
751954
164049
391132
194673
206616
924700
339809
983742
46844
832771
610870
692896
908598
705797
854514
677054
423888
16215
495138
606915
416377
691754
890529
348586
735528
553344
519765
664605
499805
212097
676871
417709
937058
246034
851341
414806
383720
306981
314130
334304
67609
132894
844502
272134
235294
527301
218944
379719
601219
297721
572932
787502
121092
491235
19824
565256
610669
448484
212626
344832
764365
496621
6075
745229
577525
556986
774963
39389
117651
968655
178031
986160
214414
204424
227533
518763
173787
999677
725026
72435
912386
569746
756659
328283
694360
408449
957298
503440
399973
374489
653854
540077
698735
904509
926667
198461
941768
69535
498604
905696
925882
524251
835440
384305
356744
148503
417904
315210
255311
755151
522167
756506
513806
47851
616992
322360
357643
505671
403952
954148
505856
952605
345828
590408
440772
383872
362227
79664
880788
545199
315953
532782
42374
724303
780057
241055
492163
382447
161733
19911
128315
617996
806835
761694
664349
540336
505693
360133
187375
600540
833852
7093
896166
81172
595853
54689
751686
66586
215325
404471
574333
574810
53967
327844
635827
873548
810572
521778
640696
926517
734113
575972
964915
566390
598303
172832
469977
276488
44704
866296
785867
578705
791230
258188
404738
202505
959833
531953
364239
295139
436702
882011
390091
185787
716738
44481
417285
764513
466322
801088
342535
622822
784255
871428
852812
856161
22069
7846
189600
59869
671246
920564
732037
249883
919346
235676
304092
414244
338405
889915
130000
645023
584601
188077
54729
185611
293370
755500
800577
925891
36858
92116
40451
301608
623535
976125
347415
5488
747516
207306
372479
494118
384470
579962
362643
939108
189139
406183
334642
478374
162702
825382
165072
812545
689956
388759
961345
665643
329346
690811
214415
148839
682014
920107
422642
584919
877702
896153
612259
715976
335026
838742
929750
285584
773323
575023
499518
284761
56994
309911
605007
156804
827282
885890
182000
126787
384329
313413
134272
665947
583806
289406
927416
564393
883657
786589
946695
997685
646475
386720
225776
299993
401053
525768
162607
276461
95897
404764
113315
869804
852613
34499
519827
509662
965598
161446
620186
585546
695401
705180
4756
910098
389861
95106
408967
553802
30512
756895
251371
369788
426557
658543
347704
482323
761288
830148
568358
810927
433902
794037
740813
447863
841
699973
800336
233683
491751
984993
820754
767761
404270
374890
492037
467427
811604
490388
683692
138223
110346
293739
776190
771638
663015
713761
599089
457206
575941
172034
485728
868835
913416
651027
173948
485348
144768
168102
302600
69716
124974
979541
446861
81973
976502
267750
665485
610967
233605
916360
672575
922293
957518
677717
63809
328124
877206
883819
24274
628487
769796
380532
883873
266253
605236
548324
806162
876833
638359
53782
158005
884178
673715
919171
268204
266612
855533
142276
587807
2067
659010
413329
127978
463920
13414
28810
397751
48811
501601
524629
785049
500795
937883
87235
682563
133597
462556
991750
439247
970498
876860
591918
537010
108234
488533
494306
131531
820603
159559
267800
415050
355271
946253
58586
725139
463142
85033
439072
964232
65115
18882
336351
740196
586770
888570
339129
348354
997451
568010
107811
409630
103222
81061
128541
594146
866629
399648
478779
547758
581793
832526
656273
543716
685026
899108
73748
877337
269007
149592
584722
476203
858686
202309
705073
154626
181160
986239
99229
943523
587706
659325
779121
883756
710633
103353
223016
535243
896485
203992
517786
571965
6268
975764
605906
317000
15604
263723
680619
535339
502452
583735
48182
443021
386257
41201
611308
647232
537255
327509
523954
261757
868548
261785
21532
163132
752253
912193
412114
377360
870182
279183
594462
369792
495283
41587
233265
11138
938716
479714
962765
521619
203981
345924
721657
628266
63581
286013
399579
344413
864545
902383
591963
918784
957205
570614
954724
578087
699954
703365
117139
711396
322549
186992
159608
565005
910872
344531
698891
150834
939528
91739
254219
333370
829586
254170
236213
95327
811309
758727
89927
44175
32310
142732
22999
532639
93102
314647
602456
181613
126415
536297
788073
697168
50669
806661
270264
706848
682769
236713
992837
247622
703954
383460
886145
358074
523129
774271
756302
23427
376348
231066
86633
333051
309056
903419
946670
518374
333073
502351
878798
698677
84362
420054
560153
646004
325650
475284
313509
868820
833143
62824
963270
785650
215920
712050
881041
701989
871678
215220
504321
555207
497740
796762
663551
919935
839103
317146
961857
952884
858990
592568
366440
631907
9524
56671
699876
412634
334340
721123
575054
480551
825244
870531
522593
436341
878100
221871
666705
540174
770378
101390
660357
289911
177817
180263
175901
285275
355694
924612
567023
604438
608686
175420
38563
196547
702078
62486
859100
474993
705985
720741
559524
449289
178157
410839
200524
34239
761760
317787
745122
694132
41740
428488
44129
684939
772363
195495
405575
914939
939664
101771
579070
407314
467434
724611
721715
189574
321350
718945
27961
845533
311267
3031
533029
568235
596242
101657
610422
955726
586474
533635
981203
313850
142081
2248
387244
481778
808883
776377
386237
68
424760
984015
873262
738074
283767
586759
788552
893971
768183
476183
751384
510933
84653
242181
559881
40207
466740
857015
351748
391989
446811
582055
497424
448803
250107
400966
827539
929677
683385
491964
932978
258163
789269
161315
220943
684678
692336
708601
405168
624084
975120
175141
288144
920058
978690
833943
826744
95108
363737
639695
217997
192223
488396
713415
715334
976268
288468
868025
800238
590435
168846
641731
884021
645412
807738
62196
911923
896992
790061
681366
963366
399346
130485
673888
617860
592911
976842
209562
886851
350689
334805
103973
434236
448867
507153
2610
83255
983154
766893
393822
620676
533822
363461
429607
578701
281615
415338
687576
183179
336429
186968
523816
746129
602660
813510
722716
4757
850518
810830
930258
169184
760153
737900
529532
24595
849372
79851
882343
333437
401435
341147
520017
293393
181597
612424
266929
706602
609302
750977
302334
923473
582052
225473
520839
875768
441084
728308
95763
500579
273200
243795
762657
55549
444431
812014
13589
938200
209424
664154
180436
183269
518623
142244
525228
525739
943018
341954
159364
924157
109703
797943
515007
492689
217040
878037
41320
675256
499696
616001
352429
191509
744869
19499
507674
238693
55199
693038
219811
590705
964223
801781
211048
694333
882958
565725
719555
829966
68683
310661
771586
69750
244231
896150
340201
701036
262086
730858
777507
522510
371505
557224
552318
277581
44684
574219
518364
20318
703265
167389
514507
159523
698868
762453
183965
951499
127747
734936
688949
330941
346199
662260
564613
422719
120498
576559
924354
396832
598993
149687
94617
566938
112329
730515
155697
333032
468603
192794
621437
218398
303436
402964
249544
205602
951468
349831
588471
115916
13776
861300
71715
175478
422710
781707
925445
14968
699746
65897
142665
24893
798761
120715
987088
41667
39269
268996
956816
349170
58255
834775
480214
139584
564273
371580
75139
822043
553934
336995
122997
117290
188423
516835
229527
455726
570422
416605
697074
140280
638367
800125
672395
795786
516866
690188
478390
376609
134805
192873
949038
377787
29962
722488
6568
645420
452077
40740
201355
557491
73471
715074
753337
435500
428746
195350
533121
212559
588321
868000
297869
441741
277826
59191
962971
525096
124080
875168
48983
643952
714242
728311
636481
661774
383751
15901
759060
90068
541397
187581
951581
374547
810135
386651
108041
47359
661503
235492
277072
37099
406263
820806
930373
525170
897984
270748
966032
795321
699290
29405
406436
184260
322837
899470
736149
803174
710263
792260
856557
493502
795060
862256
513143
283104
513903
966717
774372
267552
702424
482008
688894
372991
802780
398832
428917
27174
291156
568478
918503
521212
324654
741732
257589
156154
781249
98131
177018
787685
460978
292272
762097
631547
119147
899750
882618
999285
849436
503070
489640
671621
518612
496642
681119
61628
612843
151310
211404
107984
485284
940952
969232
878741
776305
304810
210480
954945
338730
539509
336181
146651
723929
72217
984626
82699
818527
503586
641319
81288
672822
120631
45345
846212
763693
986612
139389
700586
2877
34080
448666
309941
834877
877697
835988
571063
92408
81364
426696
453279
433087
32907
616653
975301
776880
857824
195414
731534
664996
293243
238960
569087
480051
554887
793362
766443
472751
102014
822785
318414
750796
772810
122960
670049
908794
613331
831094
836412
123954
526863
494410
675034
361785
228135
722153
439165
265377
477577
577948
880411
610902
627044
655245
712400
542673
913931
115809
463262
927366
708776
105459
796878
367968
750390
296018
645321
909716
275580
885198
262019
186677
440836
349925
890260
356687
710350
387502
968799
462306
467008
459199
857932
686043
930299
970608
254636
122464
686416
810997
583471
199387
266608
842501
546947
530373
603570
747708
757868
660905
293215
171176
557674
905037
428122
83352
161427
579814
395075
301829
328253
532162
448241
306720
989987
279222
421134
510708
226202
556753
944686
624308
838955
344418
743676
665146
836604
789895
117686
570984
963373
37629
329755
801914
242038
961598
828327
577516
317458
404019
382497
505020
653572
121703
88968
624770
342240
917569
628171
236717
604199
252590
438067
893122
432934
578021
397295
610197
135308
798369
758318
933221
371468
596307
418950
628834
791240
478418
632108
746746
779793
154584
504370
454990
261317
558777
725554
4273
259752
348454
789730
413896
747482
838133
561418
705022
979844
566344
218207
583757
646339
376762
193928
952151
418631
535654
388280
810775
103816
359194
591935
562246
220611
164553
976737
513768
440991
972464
583377
846103
748572
439029
372450
567878
438541
197616
893014
591364
19110
943294
259952
874107
887919
329903
660546
696700
637487
473790
970865
632763
743973
613298
923042
894433
871891
274881
945599
598339
423273
740027
727262
30106
448241
73233
529684
367759
58486
317050
522506
918966
846581
578754
204912
352520
660395
934887
919495
438004
830238
707502
41620
868147
624125
440173
110023
953534
322131
98095
41118
696583
73688
381589
693615
894586
702527
737383
148202
465304
322917
505131
822772
991461
901033
176133
67263
507249
229172
239731
847403
229907
371101
294809
70837
809561
205061
677090
386998
855125
207277
987978
231988
258104
464521
589382
687380
962925
288195
242317
807836
475100
648318
704994
767391
959894
22333
312090
351437
621680
922069
950861
622557
781389
642836
803070
502616
377295
468638
419245
306522
743660
791900
847264
182724
924895
277075
443648
182371
713378
373802
884351
464404
951970
206518
441807
253013
837162
984656
130190
770511
189289
604543
207603
121146
641037
837204
731940
432654
884340
506016
893769
612029
993512
604876
979692
202984
245799
489797
339049
185129
984832
990640
369204
316226
532826
914551
821709
468701
532154
536462
995781
738465
778133
502232
140525
692084
170313
698177
782654
896593
385933
27955
940675
810678
341999
238076
376417
715139
420484
697668
103981
457512
960593
222025
293197
240287
252547
211374
39579
63995
236787
654267
135590
679663
82979
811734
154064
29380
824347
538438
846878
490542
349260
54737
894084
687897
68409
914564
648183
951274
773856
293174
848835
126353
85101
593340
290021
643151
452137
777428
101923
711103
913940
375435
539234
835064
47134
87285
139423
243042
355346
749483
130525
420623
603684
47624
664037
339180
235674
278166
404925
745731
199063
640801
809923
878942
969285
979444
410910
635938
77067
265891
672283
135206
916683
516
565644
752460
417317
38977
20513
901581
773838
727505
450099
23385
93067
169310
873544
531789
18090
499820
93077
803325
831860
870847
388693
804434
656477
556638
236016
437331
114921
373244
404426
866600
654107
602410
39120
767249
735909
115788
297664
16280
38570
815849
189534
994024
914980
704619
468766
514136
955575
996796
394606
334572
816812
22069
678631
439590
292762
156972
414541
483085
112618
651584
957122
447536
338835
989336
284666
169011
945472
297589
149922
465974
371039
777234
462853
325933
270177
136757
696719
577118
750645
959809
184793
881070
68838
280409
381714
509854
733308
786485
490099
725889
797269
700373
723044
422041
758991
61621
815418
891579
411483
440539
38963
326712
195625
219957
724294
464057
375836
262722
337604
956349
649811
803406
781446
589632
901919
970203
956988
104741
715744
983472
885994
802023
822840
720915
29513
450598
258622
285576
284550
580373
409991
23592
297031
803657
578463
507420
270954
864000
812436
796660
918318
374204
273325
472187
940013
122471
326347
144274
586871
473634
247392
363949
747806
543869
939510
844838
238518
273273
291522
467030
877709
161070
247058
18331
348742
252416
930771
26792
265705
293980
904819
309754
432167
618902
590412
400264
344916
108339
954883
662980
223178
636741
971396
697898
973623
891203
379805
821377
152444
997349
461645
122706
321389
243069
522481
620286
889780
473127
440767
227561
833860
572853
453330
317678
591049
506058
437994
723003
380083
433877
156999
446248
620247
581296
31244
819595
209312
264962
221320
618842
994018
991928
487270
650394
531948
199812
442983
808170
545693
327575
920759
555701
27257
105188
221256
613832
112901
402901
135479
453653
149828
845666
846454
589382
815144
52514
476504
593346
605549
254159
629427
952354
727147
567348
609038
115576
69118
660879
861889
775302
286091
795591
345901
982022
835503
452116
191357
733536
939890
373903
986198
483297
866225
577386
595862
769583
916302
731395
65270
486821
317255
744806
371614
952094
865163
681593
880529
417485
520931
901758
987311
143010
940815
980730
680883
152156
614094
777540
490789
162110
77198
910269
812560
54939
324698
267017
519669
650960
230655
969397
477637
471814
136811
229005
427657
995269
276208
537325
700454
370146
515187
158728
579296
111045
606793
925066
953281
829376
29690
473745
452402
842177
460602
335628
651721
594826
185288
566164
213287
526103
297803
670241
737515
265554
340736
779675
834444
964858
756003
417905
102271
699734
547360
805839
201403
263934
245508
548581
632363
612014
410762
219653
533051
20176
88355
328158
250911
560534
961369
895198
105794
502547
25419
639586
78405
204340
300855
801952
360586
584453
352494
703116
890291
439662
147664
520805
17902
421568
999246
798048
26199
265248
369686
576436
482595
615623
581596
198663
907223
821308
233862
707973
230825
711990
860181
704405
161202
660833
8102
337700
946766
570050
669653
939235
726117
986402
612895
899514
498903
311099
573051
703130
266632
486506
500267
546639
671910
766779
122333
167146
475866
222868
936723
581963
171481
541316
374866
654727
157572
440985
29437
475799
283125
143084
726011
114994
41448
652666
393773
807802
686558
611328
878324
251556
585042
430940
787829
33405
884446
515735
693089
610260
312287
334207
819682
641523
59624
623754
946442
992800
340729
243342
198485
782759
547629
753806
416459
272339
598611
875630
627692
981413
573
80591
8925
184874
8490
150389
528263
45915
175339
188609
21080
253674
129343
212014
624086
549013
247629
800660
445611
879552
722373
667854
3318
386069
604878
222863
902095
401159
53715
419847
385508
829580
670399
550682
787262
984609
712480
643077
484392
597913
447966
240018
640623
781941
42526
988794
90843
781970
280308
771202
701677
465175
421277
766398
72064
979042
542130
346298
493250
229276
554360
393131
96126
117058
623888
906087
866014
284436
78
141679
631422
38185
81128
435901
564507
681420
41104
849151
535656
982194
831788
61623
929162
988208
147096
399512
314007
100959
203051
792179
341246
820003
374544
851450
488629
218155
504156
768179
102882
918550
466324
10305
761703
155186
967964
549247
961766
522304
783838
451777
587908
148740
215007
838906
691400
916317
904510
777077
753494
360962
977887
544369
380145
999683
811040
625534
514078
931
361996
260426
906295
669100
26874
923166
772096
121964
121141
101165
883049
442307
294876
339517
886569
140124
813767
890104
11446
424859
243890
673219
182573
399847
596188
150899
928846
792527
928039
854235
771280
780453
998881
246436
677989
618877
327695
570229
853817
99393
892864
107367
101174
78914
902562
547766
901544
633988
840506
204085
684731
630954
348413
27067
964297
868336
232821
896142
889638
352095
732514
447792
580247
968428
460394
925084
907320
165691
93319
43137
141617
254929
498330
9497
717811
482798
500835
849177
980559
779698
110207
214444
20466
822642
61790
922336
956133
371851
54132
906530
860631
655823
674784
756177
219666
50916
452332
332288
618743
351560
726725
249936
810677
667630
539186
302988
4083
331349
112121
762267
150630
208322
128363
56368
102249
704154
264743
468371
804817
578069
685047
550000
380133
688512
724859
464420
371523
138974
878847
86507
362070
743143
775860
390982
999158
840144
256678
297213
813321
473970
596357
111267
515015
152230
339031
776338
98760
605038
844700
367480
704586
222217
947393
268709
969789
959020
69923
901085
519593
880123
648877
581607
217646
118083
744546
670054
114171
889921
821135
358383
585067
294381
864312
80734
830272
590513
169246
572037
157125
135933
116080
146133
57226
617899
762498
979143
811780
241251
914380
996899
912198
539280
656815
924827
599329
411519
778722
580315
264518
735034
931872
138403
815731
825999
575157
827588
562869
324700
76095
598687
844838
755840
887788
131112
471894
146685
859238
712829
998369
27545
57428
218532
650783
346961
169261
203259
539762
803913
423064
697894
13610
793270
110903
806353
259691
82083
421644
578011
655225
854652
642828
678597
57480
301957
742626
702122
286016
583638
854752
288842
195598
541267
379226
107060
613540
681654
378544
650292
737159
340434
885794
164843
406086
714464
340990
746784
951800
384912
727613
877035
159035
832809
948569
331242
406930
551832
253678
529789
255732
257483
570817
49527
191841
497071
386828
569280
63340
261872
954985
584309
420395
155104
331154
474003
837712
220832
722828
602973
925071
866074
570315
427475
675304
590618
204341
609981
427013
71296
441233
499892
312975
274698
226397
848040
54728
85078
904363
752286
861148
66047
918589
513875
645270
898981
836933
262369
735250
568115
653996
702019
168619
661417
998900
307118
447465
90096
515503
664173
830932
522059
529448
831703
596438
95099
743745
318457
459006
978505
286836
895183
520342
294674
497175
356720
427171
692899
888888
680459
318277
165232
672065
592416
287463
654385
562473
332196
404641
414138
242060
816513
834214
760058
833076
506350
980116
240559
692229
901553
406861
403690
867355
190900
796317
649050
875067
635630
861432
112866
254875
815693
330386
593824
913035
429959
651955
396288
939998
313123
163231
616036
780817
620139
523049
788630
221372
454638
435158
599909
923114
291913
587056
679649
933607
918053
349467
813823
857613
569858
108241
949791
429583
811188
777996
375679
416603
790609
165551
78237
669493
691976
130311
852934
272603
55083
52135
546326
899341
680682
155494
208467
138194
927688
776390
544161
769787
435543
115362
485386
14597
532320
521611
626844
217208
587681
118210
202792
611360
160134
303288
168302
517109
600319
494135
367480
503482
645487
158905
263971
21598
509914
151291
462509
867265
608178
789044
685656
737205
106522
887648
352008
835169
92530
529665
734288
436557
115013
180377
547011
875250
279034
904529
725036
987039
253412
296143
215811
348250
499344
341131
907145
104070
401590
25172
104413
368452
620336
724867
124814
744078
190786
459436
898087
850113
50290
14455
61222
254364
654752
258964
927132
183850
595682
587276
636233
866287
885304
66666
515565
384682
854584
554903
174441
349048
632459
22462
254259
572118
765056
630311
71309
311626
805993
169951
482765
659580
627135
851476
523844
229242
546089
207334
947641
487897
186747
517778
882121
645981
155546
375220
968358
397655
736004
836859
815381
84420
421071
557010
563588
213169
927606
807243
193626
776965
564338
193192
54200
492285
69312
743168
177758
223326
153347
803581
553852
669864
563797
903807
957472
435377
437421
217821
595364
708570
696429
77979
120673
225065
120929
528286
428533
672330
291311
463364
43261
699159
156224
674318
969844
406941
146865
842837
537437
644478
489536
486536
869161
140439
671380
943053
113381
385204
132827
747210
775247
902832
968428
91484
533229
544130
779121
566651
334342
840681
352317
812184
229701
806634
510715
802419
201326
487337
754315
960095
775183
288358
313494
108166
913220
264846
988038
723026
160468
751870
727185
84429
183051
843317
39749
478588
802380
479950
474416
386497
68280
462398
663138
697539
661761
862115
911315
865903
276828
512237
138445
522272
703441
768117
376462
846050
330178
536732
341891
283015
762056
517015
211356
197485
98603
49637
387296
939776
250797
851634
946294
864075
144006
479703
655441
177692
889110
691494
995059
778379
749899
621950
599478
758262
454088
684509
459985
660598
658567
134655
142628
580910
815921
968582
610544
258833
608697
669722
782868
370361
113365
745881
855041
121657
513071
401822
92812
15162
460730
32833
285802
332656
149382
571407
400315
589283
374623
324140
482702
329531
280288
161732
414328
515136
506403
96373
367630
949330
13789
470890
981308
758854
999548
552971
154995
280277
866936
467347
66269
741843
442227
427889
505622
300381
82146
358739
13457
947606
42602
639322
606778
223978
84880
214256
400316
528416
281793
338372
84945
383016
493818
59870
780825
56040
702266
302879
165897
13991
617917
488095
678790
46279
906494
387319
871207
487196
403846
586441
73324
426799
43645
108952
999913
612707
206715
75635
987095
898558
555756
39041
982429
490972
317257
639006
960123
580960
257270
715279
14349
788527
304099
633585
640803
960109
548484
814349
16288
890368
759888
647687
285724
626387
524136
573498
103293
815679
766602
42112
40963
5683
955323
43005
350573
333765
42978
125314
407528
89267
973762
270900
427542
976395
741211
122626
156366
598598
387867
590159
814788
240509
573054
140642
773875
730789
700710
94330
154472
664400
796055
124209
135474
795714
102477
98232
402760
889423
967128
893417
165326
274164
94304
525364
423133
666619
816666
497172
698348
964238
560960
715536
29256
579666
101680
984206
515294
218545
261707
804552
765695
749091
982929
780257
172484
870108
87869
208755
932441
88408
800527
547302
446206
51313
62108
290609
737997
621901
439619
131966
642926
176443
957131
173130
420744
816699
96781
807108
270198
915883
651297
732524
247945
693712
444420
492790
168006
587909
931605
521481
276132
930309
234227
670796
21109
277376
60292
220973
517487
912167
546403
967427
939694
568494
117515
434391
319924
60180
228638
65574
550211
402733
978954
315816
691641
904362
618414
331467
106907
245529
342596
284587
857129
371212
793157
916084
296697
964143
985058
360979
417450
555895
848222
668387
225886
61204
983724
118095
369444
379872
431157
273024
930544
44592
361630
821942
926009
719173
351208
98680
178012
189687
706258
963349
459597
988255
31990
959601
922855
219483
945919
774683
186934
101641
145882
210573
215375
116667
767859
161739
785909
503578
628277
540011
906160
473885
486996
396932
861292
323637
110489
729856
992852
68043
427239
319888
493406
960575
270388
460343
249476
687397
332977
826513
669043
817961
433778
541157
871562
47104
57617
131226
237754
630117
105217
706899
164147
885591
170613
124876
250902
492637
305818
617526
909957
634920
332953
521536
889898
153181
346601
529656
304623
901868
41312
265973
64751
381480
681474
236265
18822
65020
161078
803326
319839
739998
952035
382728
633670
883756
246111
188178
907960
200464
609060
370763
924781
588505
573079
182362
12193
603632
15957
246523
727877
983103
851923
624905
265677
669471
540273
826165
422503
818814
190247
594509
980810
578473
120976
956660
53168
99385
258929
294608
963030
272455
475660
694808
519133
131291
956605
554795
487697
309456
181957
632828
448519
55438
776128
39103
416027
893974
227200
628094
962268
226235
62160
368316
814898
378664
338099
630018
278450
796000
546336
801305
949292
242728
651609
883412
849989
5754
668397
51034
549858
26085
555719
129676
973851
34169
988416
211874
985102
15596
756994
547211
691862
382646
687767
510460
867374
863239
365996
63335
558409
480605
928179
459133
935534
570152
740907
295972
915060
640185
667588
715375
196368
609558
267059
244059
2499
574957
679852
79378
84141
133785
361267
718248
416311
179808
39214
980681
734442
461514
95397
616615
986080
989695
178628
98846
895468
712480
151098
713695
844395
895825
278579
577950
176604
704210
645295
6010
548087
533643
18092
558984
534699
800622
569472
908457
601441
621883
658578
314137
10504
69592
840087
199747
92953
101536
775321
958078
374549
977686
362477
51912
834243
19913
938676
869635
751429
354897
790216
595505
578223
254244
945768
938389
537759
756114
856464
863880
309728
46624
525544
823406
838921
93119
610096
877920
276176
189447
799749
41801
751209
233956
598437
298427
648010
640271
853499
979220
708792
401978
433405
242169
612779
451758
502556
119724
168980
732326
855627
851973
785716
86473
160083
475698
726785
661540
987617
325586
916911
825766
278837
863364
507836
797589
922893
417361
167812
690159
41752
577583
749
920348
743693
417075
768638
50658
700042
428800
772225
637717
120677
522353
171185
657754
585681
210779
965532
693421
282109
994462
414883
471059
842244
141431
262366
149050
806500
353417
123912
983594
952019
515077
409190
381195
263180
14937
112370
389299
595101
950043
874910
586492
213224
670668
973020
980314
740238
321795
688033
905684
253104
301085
275218
464411
776497
8758
848185
781987
648568
24085
480330
56877
364744
17298
945530
1908
508269
84152
90251
572210
555205
97974
178787
955961
948626
73936
144745
892311
844823
631576
710342
983887
516831
202
881886
978056
452502
528934
928470
760439
864573
15459
723680
120988
640254
635122
237956
892760
402727
347770
867575
620552
711789
843380
497662
7676
995192
858874
870139
131789
377152
607186
154795
512977
78328
817721
857027
359107
707988
343380
689240
317587
873655
416455
661216
137376
527676
850840
663572
561433
477799
933560
39773
768492
592209
860622
971424
669969
121767
221408
261460
906981
358996
888215
234717
701832
701186
253451
930158
469887
265494
176699
632389
634936
803920
586590
604054
43007
266913
830733
462133
210351
90329
998044
183074
893525
333587
21221
743257
334195
586011
443846
652715
713313
699124
116649
395387
408871
203500
471768
763485
73088
675918
253033
152295
963405
365397
604760
671422
25854
215351
527933
218363
105941
180995
362783
814740
864498
575223
216968
27681
553980
672994
850076
12190
383302
121494
766858
255501
929099
660067
478206
320900
464028
800171
812109
655708
122693
473532
149663
164448
770308
36443
681310
644045
502054
163161
394209
612020
668289
530634
833294
841631
705433
548591
228107
954531
832053
769041
952040
456651
449187
280643
488931
626579
270038
15167
973690
317968
382361
328754
471126
313497
837302
782863
151914
71166
101031
734761
839175
651531
513274
629785
851725
990697
317080
779446
750107
421109
96606
882368
73964
24680
581335
248738
537727
339591
990563
489189
753646
247394
427873
592287
209925
279516
282702
11870
506888
597793
441409
992177
79729
880806
263671
542928
396766
153256
171290
949609
423747
397525
190410
636432
143311
950833
256118
249491
795123
230871
502603
893562
527066
904797
268602
173763
259785
885112
443786
191469
247118
377312
288908
854646
551315
551482
314366
298730
388178
834519
554209
664343
313314
222592
670021
505958
233255
971256
555820
494921
446892
594227
261381
286209
996114
784031
277223
7606
146706
413019
138224
410590
774295
900222
897221
225866
175229
614058
402782
543152
72552
685247
295488
260716
384307
983145
890779
302728
355591
613674
290000
911233
464466
80137
257836
726861
69312
767305
211108
706566
999670
367661
368729
647829
524139
495736
319039
880017
359057
561371
160341
446370
561031
454790
689271
702821
963497
307120
183587
97618
723091
220288
724607
811933
460860
58241
478924
947023
11611
329165
89219
852345
304502
673206
734921
415990
501200
219111
428561
876224
727527
91114
234240
251988
78677
172947
614094
124665
84388
388586
176881
772613
301292
695897
679979
79990
534921
720958
356579
980284
185052
237454
619480
218659
596622
780051
926297
963444
780085
687028
701139
697251
215082
807613
817677
406187
243926
253984
42036
407511
466802
132816
841730
539187
11750
367947
108016
628048
774988
53525
942816
144202
686656
874980
94224
795752
383610
804894
785674
531300
703997
902583
995524
335590
805616
423899
361585
826711
294272
282787
987002
968142
198071
702447
727398
800210
415320
695194
824153
266489
171269
605802
55974
614835
477833
109704
347054
28276
92495
812073
637474
740630
226185
746340
972397
973294
218407
79442
651971
264541
702206
658032
631418
288917
864639
648211
664878
157341
952128
413702
824853
189903
972287
197617
89572
446057
13382
699454
716841
491704
11770
92196
212264
635150
658762
757041
174456
37041
916369
351725
181707
640774
66705
630037
417867
841190
303261
385889
397165
363462
214948
103650
136629
398242
953759
500991
289930
189364
853272
473406
711032
317024
467948
814396
765286
720008
487771
287420
446845
341040
205659
802289
62919
872945
459741
597667
180558
320449
844699
167706
126053
626699
408029
420112
944009
367411
654559
978356
205949
737083
363534
657255
78407
711813
269611
695547
951542
721698
917352
149782
72476
402320
122274
994438
701878
639081
405328
348904
212398
596992
834425
540182
767793
62815
897196
466173
260183
493774
555937
931319
116935
439310
399839
271010
912872
78589
802098
517351
204067
988428
176967
984006
308678
646668
988198
406160
371617
715817
316605
653003
877502
611296
113781
375940
246203
341022
3607
159343
116254
300134
800130
17776
853111
750139
486223
361302
614028
542779
7678
515373
778933
265965
796947
187271
545500
598966
939241
475577
433386
990104
788339
973446
534558
736241
542706
920416
721852
946770
582564
772073
528850
299464
801590
169817
685813
815399
985054
9419
93212
968050
841774
499395
192866
68056
906432
146685
905941
45325
723806
223290
993504
37992
199278
824104
97921
927288
70246
688883
972708
935342
872678
724402
608657
995903
933865
775366
631518
101979
854418
323237
391614
915522
965187
780815
736009
483242
227247
503080
28078
272265
589375
150816
789059
565225
694719
659135
644340
269666
391350
484215
879253
748979
790350
63134
331305
84849
637339
71558
608535
41400
87164
721961
122897
338745
703207
527238
203832
383864
323342
962157
564606
842813
401174
715832
641652
3596
976292
873379
821664
451781
638417
429614
319819
472772
428744
24285
712087
847070
309153
956880
646777
832692
895646
973765
176739
758124
832547
37462
499713
746137
396459
159623
453647
202049
831464
544275
244944
675016
693590
156185
39324
644723
805916
392954
19077
741976
4247
577719
448696
762410
847298
636744
29992
93762
657989
397627
46865
153016
872414
913981
945467
12869
637751
288772
862948
596531
361843
658316
767942
506294
569217
961402
366290
46162
727673
960893
147938
766488
469187
112094
846882
558540
15601
895968
452815
18862
856408
70030
801279
757311
975525
187306
525528
852305
138684
509402
265768
31483
560108
460144
478104
717326
486871
433859
916987
579399
948032
385604
607163
668842
180793
570644
150567
604040
859113
488178
69282
583515
129005
946269
658263
156080
206336
797987
71371
695122
93758
39986
330950
628738
471456
396909
969427
282634
832204
933147
630617
960239
422989
203289
854794
669104
63813
719645
458046
394744
440523
999698
30049
957476
72336
34917
390739
444994
864761
592612
315638
205961
427603
798662
951123
961083
838447
777945
986698
93319
91527
10732
256504
248404
537538
578005
752567
6996
482999
967858
289458
780792
35694
60102
537035
908820
900704
619080
928228
243312
379043
404440
503268
924234
538926
329124
470947
548515
231924
206711
420350
218574
380812
659438
697350
54268
350750
147371
765449
62333
409635
88713
584056
914775
297854
375213
555651
998813
584762
956399
588384
585102
766496
400712
554066
707668
642293
343580
805414
423955
92647
109905
657878
959587
79673
169212
414737
474796
686872
964117
483825
80506
254800
911599
600477
38429
145099
861705
365280
114372
131646
144746
309280
894575
475432
3398
331560
22228
896144
692783
901162
504550
900382
293130
709344
652644
622057
359776
565579
354480
207895
440002
861382
998981
85734
163279
604629
737452
383272
591779
191408
656063
54387
723525
828371
351061
317951
203730
778621
25034
475872
571317
660622
136141
246296
318800
740621
787605
848078
1898
72722
568485
416407
999659
304330
296677
66724
114845
558529
263314
799291
158299
996567
81389
892082
655485
905576
388778
296880
358471
694682
815835
267363
289013
227157
627947
29230
330263
113910
489109
848250
665289
234087
971222
669622
304059
924516
360204
629034
435133
388660
248552
179736
409007
703434
795662
650857
235183
641744
59536
946436
670157
319084
868404
671206
704081
949318
394883
979863
928332
886036
979721
486672
680064
823513
395254
182304
527534
94066
392309
877662
178999
432357
259855
478419
940773
216586
467552
769257
79710
97470
583725
643732
975345
857602
985319
510711
57214
811812
576326
949487
334386
229148
624820
439744
990274
351048
923823
741224
460748
185097
527880
586076
483008
813811
132149
760104
9982
551416
701730
745095
659273
600465
924745
432247
899237
813706
862226
267208
888313
164719
479157
901739
889284
936924
78286
629637
738673
401682
83094
564691
315406
421618
604954
287308
559537
303191
957643
308545
38861
847262
846646
674136
661971
440681
135931
875439
74146
882813
212703
979286
523321
475940
959412
13357
267007
980181
403110
350304
594692
700692
289192
413202
83045
906470
629483
285067
966089
331223
292296
346557
28002
129446
829319
298974
853539
648719
118511
924625
28126
50661
628635
742603
762815
746301
752147
999878
627585
686336
869089
752470
732622
779639
725702
2570
609627
5598
658157
634624
54240
174508
55539
448561
451577
265859
543312
51632
218879
877850
162477
640776
891718
123298
140194
538782
395075
558283
195375
175520
206807
663085
836454
87328
748899
650044
46468
955658
980092
146286
241793
551641
558282
322136
802314
83601
558546
634152
578020
467066
634209
73470
841956
332722
954207
256409
99107
201791
539168
529666
643102
2900
231105
514500
875162
702213
602578
159314
41529
594971
991936
8659
622063
183443
678379
60618
750128
572141
251830
117783
944499
37554
798094
973421
895636
530434
925540
983391
787009
915314
996722
928630
689950
479487
707388
357638
583525
206725
677198
763731
325140
573309
936431
134269
465922
249230
210708
743520
149451
194793
283292
480364
584744
104473
345420
557171
153394
372127
712743
129541
93897
898147
45101
231214
469332
107666
721033
504698
662623
63007
433668
417345
171675
999424
354419
515511
878471
853320
246606
907492
503645
67876
555321
214181
598905
229567
791346
589269
756325
457192
972811
887997
632343
964322
259367
259355
212379
7801
46690
452097
239002
934733
180911
949222
878864
162821
608486
534372
476033
515802
573553
130954
324755
982581
903636
673478
823237
978376
51924
142579
564958
278088
950104
924163
111900
6124
681576
369853
792162
117239
51143
334870
679933
550249
533901
162893
732727
739195
316589
300956
567900
746075
350603
554560
804737
617720
188991
142540
429824
226800
312305
421120
545149
338642
999849
64737
934960
977423
328032
557828
459095
154847
9813
912165
678726
663974
254088
734940
479869
484506
123550
216602
404446
878052
500092
689115
187778
986912
977074
866882
536949
509069
454416
733938
364868
360140
593453
530003
434658
967283
590690
811342
60673
292376
563874
905421
41624
190674
648007
749937
39375
284461
398532
872599
459095
499544
396419
20516
735148
398001
271285
628608
194206
102279
82315
19053
399333
879727
715988
365367
597467
882568
80462
35381
937067
2823
552914
55983
555049
723380
839405
447684
522787
596934
657228
170913
579548
621915
901958
307037
626391
10770
251025
144621
915480
216824
315123
883415
832860
295352
131115
516027
166412
922301
349669
746181
884590
611858
362343
677292
338594
406284
635969
534295
70705
69052
158290
682481
227421
404347
10345
446563
230134
983773
704110
619823
336354
106277
11094
82429
191415
28004
894730
900822
859096
459529
76594
784523
483713
103655
335846
16707
326820
815000
645305
218413
362495
281012
343167
466582
270492
255412
257214
445377
645985
569384
421632
646359
975145
495623
593882
537834
43795
738213
997478
928380
128546
849287
185653
409052
91038
201811
185538
192916
487127
962786
557166
409214
785715
235031
376878
257374
199217
313214
308421
529309
156183
525552
424582
130056
836173
999608
159603
224510
181702
743185
210401
640185
529670
420049
285499
144687
394941
332994
14465
312787
11161
543566
118659
667325
91163
415747
581705
770938
938850
159392
508017
868281
778086
380809
734428
363862
223280
386168
770346
20838
274764
195232
354216
163679
219400
107086
520802
36498
635487
114310
531611
414332
710070
30099
101324
414005
985157
303273
698496
128452
773214
953578
14301
967990
258485
848254
60086
750212
809669
401106
322748
103401
997104
571646
45259
971817
796171
895062
965030
268394
746640
546090
823663
541423
810843
478698
347256
834543
763456
366416
255127
402563
501364
839548
620984
985106
831550
10127
712734
734123
791103
785725
252502
871677
6772
915461
175302
877318
616959
538032
533333
272332
768694
76707
700930
103207
408143
70446
968583
412296
563890
270916
550249
839108
492714
786856
410914
147527
405040
516631
157367
46319
38694
209736
326750
407526
490318
661972
758908
771596
290101
343010
819222
517577
520225
706183
412906
217011
706606
794672
840856
41195
522511
156099
139484
114189
682823
911400
644070
852230
726817
308338
41806
426466
481218
932917
953338
127651
160388
710640
982817
60373
708355
192280
237846
656934
366972
956140
480657
999022
850058
730602
186806
419954
305412
845785
158391
676751
341377
556357
711583
854265
739463
326784
78415
46144
985958
131755
288889
889122
248814
811981
223887
875471
296901
660983
324580
85704
333358
614387
178004
555770
44172
123263
696964
984433
537821
612390
36733
826846
703536
920232
322109
974134
972080
354844
428442
482490
231096
280800
460903
430360
799102
425567
270751
756167
227632
168
570568
424858
543555
542244
396008
681591
365379
620341
683589
56755
300652
637569
436869
394291
16564
450670
988467
369013
311408
166970
416329
325126
9640
538555
880290
183306
204270
653149
555247
833822
417924
803206
348142
832712
593102
866148
720367
706822
753156
906264
379063
585638
811776
672370
801858
343656
126307
24932
92565
309366
787030
961364
355159
726838
324338
425634
35935
767885
220620
727339
396712
2951
610300
156060
450934
805846
813809
152200
197123
329437
972827
585738
507412
178318
941065
68139
64029
639996
154201
678131
452321
633183
292463
374161
163533
510543
454656
832457
147819
748672
306038
514840
439045
26407
669717
816119
600604
83266
31511
710615
830903
84497
246318
371951
304122
366925
514853
872045
620642
287611
913720
113584
746103
38288
384794
135868
184296
468807
946313
535613
959404
737142
801299
178657
101534
57279
774131
186209
866368
646894
37916
624404
281759
570974
192568
38340
320239
938372
782641
129706
159024
729887
468266
727742
546748
807318
320479
656396
774033
642132
669617
396377
98227
127203
765004
228460
869182
872527
155029
898707
471340
909656
856091
129787
657799
402673
222452
761991
794422
792153
328336
129958
877661
91359
340699
469715
233368
472865
834568
393318
3111
476223
639094
523230
67733
602897
684434
396092
142108
678081
857073
656389
465875
735445
867577
256394
359750
608361
974482
144892
900360
169475
142511
945057
253498
843393
725192
623779
496312
653799
160948
357137
573799
490988
898146
471949
43306
698199
911748
725984
998501
282404
951708
43312
688081
176345
423176
990163
151626
360386
844289
897565
844457
404308
133394
831038
5902
590236
22061
901950
896751
12309
893056
211213
559484
635093
166035
908452
413087
355374
543910
706156
843856
156182
176541
524182
190972
662515
909081
332831
364214
136497
828016
557547
145454
143690
304714
233531
479144
176190
449042
317903
824105
406690
778291
693723
947291
778968
646604
898952
748080
797753
645266
198747
876249
818362
359271
678074
744506
144960
412140
206112
160346
152047
663708
911444
868598
899182
515418
814410
874138
727709
355205
628427
308563
881118
227203
720745
877303
13552
734258
353637
870645
501094
869293
233994
227176
981280
311714
274191
550720
162517
766041
344284
421449
665217
502990
681553
654742
425989
503587
790971
437337
579553
681496
384679
365574
499137
541240
399284
461158
272599
274238
9002
419751
291814
264753
350448
296810
646011
569215
190175
698490
176296
478739
851127
378151
689369
975124
208034
894383
321051
767291
15896
342560
681644
489690
90102
200734
998278
397867
136781
71152
148580
943742
718822
348138
445530
158883
385016
874659
199918
656657
414560
73086
946255
605566
76565
301736
331288
122653
305835
663989
73657
718546
168667
475127
194327
708344
882379
161682
677132
631251
518057
145557
932407
755990
264981
766121
28798
586947
312581
279942
164706
203581
204604
954406
48670
878862
341422
87577
131967
816391
805978
960325
780327
123758
343150
442648
54952
622680
596092
744993
168270
95066
799717
585634
531807
276555
215059
343284
216864
635849
802449
532001
570060
898618
42563
416465
794850
904304
95569
543955
617720
198597
730877
956948
751660
47505
256298
814562
462619
747428
991527
97454
406303
576788
15816
72432
843400
76254
333110
294741
22112
607391
578730
236466
745920
71655
802564
895644
660686
18674
823147
224919
56183
534511
10289
796488
821997
94614
845025
77041
116958
130093
205920
748317
178860
300187
776364
488419
317816
297713
171255
770189
96663
928709
561244
582923
850980
726311
407215
432565
263962
582915
802355
276477
610901
971109
540021
608162
88589
742125
631168
508428
231836
779001
740563
153050
248364
162972
801487
83108
711237
232395
906758
330439
416337
736299
937808
440733
582673
60463
489398
161323
936205
164204
61539
727596
279464
982241
240548
197413
811941
40891
394204
29149
538110
623104
267565
199345
822394
250672
55133
840644
355825
803816
173623
830035
517079
494509
238205
509909
473028
981696
523244
181844
582257
380311
684290
494856
277073
401106
518978
313770
681614
964129
270039
280015
305681
750071
502149
652683
285672
258741
787026
664223
746735
886943
834601
410481
365585
245165
22505
352525
350782
662594
182150
572651
351938
613805
658209
238615
427526
9264
698323
762603
807204
110306
474250
704590
481006
52230
378037
675328
29849
388301
137189
220056
848437
956414
963429
56190
291072
684609
283550
18151
27544
61102
321560
464242
856846
450451
503404
825562
691841
612710
130554
8987
310837
750882
286784
214878
327987
71072
894379
401972
250753
949519
707862
426294
597203
2894
296973
896138
645783
156540
48567
422314
423390
714876
667085
61660
929669
157977
281392
797253
233447
530637
418551
397435
822254
461537
295802
485128
823312
398644
33601
348948
389835
143787
912184
488059
258801
455805
371794
929776
125295
751414
312415
357616
608352
81436
487369
156917
12607
128073
649892
620462
431931
821466
753828
197151
442460
344288
149947
133735
816033
625715
425831
574356
107387
40567
887178
1140
234155
415582
831970
798756
22637
790171
175212
627383
194024
957780
335477
464438
870685
374063
454859
904254
706378
503468
465949
176385
986137
236658
276745
688982
175388
696038
109297
877106
523305
392633
189804
944165
42221
30859
960271
923543
498158
363254
119485
578926
308611
350400
283439
250255
934729
589513
902042
259720
119727
242392
274502
206395
46879
994812
133234
609281
379842
267135
227078
492052
276416
158803
875524
536648
997853
127202
446380
933685
768388
233005
768808
468221
133222
378955
957974
346160
74904
259427
354294
845847
772550
225803
443359
284447
718770
232951
119221
251509
351053
783263
655467
516402
597944
513681
316511
464476
162986
450089
370927
242628
750685
556577
225973
206195
492279
981199
465171
697717
848976
692733
152172
627257
530035
729921
494806
168475
667855
264417
293996
761
474793
282417
421665
891701
535332
670709
245509
283514
970463
17306
593391
557927
758090
25906
597344
844223
314299
892849
723286
660741
432157
956867
331336
159097
139876
844020
682530
474723
312633
999712
839113
391726
553498
528488
375083
62799
957425
211304
485971
596202
344927
525299
273259
518489
245762
373800
656819
277392
470154
990815
712979
711780
935085
740108
307847
676463
536481
37065
992483
608595
32681
253110
438132
836555
566791
339783
561890
434275
551443
456970
742375
537442
48307
391342
619096
75300
222147
504911
41229
66960
467409
40286
3114
423786
480587
428623
169799
512417
575336
42462
489686
36796
674490
503710
422449
484451
57208
325521
521243
392831
546233
538296
990874
230686
656297
355260
512374
971737
604013
799973
988658
299065
262114
319879
295632
204507
923386
493086
823693
848755
254080
89398
186591
692190
214947
91980
41255
920637
741783
385147
609728
796214
754362
986177
188469
733917
823562
170908
48853
399934
647638
350936
203015
614848
698609
16695
796724
229830
944346
415113
743808
288539
517046
607817
523793
115424
18521
469229
800345
634318
638968
662868
472409
836585
787129
312568
226570
537413
490680
712523
702296
964184
334957
364689
340573
317501
923548
586200
294737
603657
658790
492022
578784
754435
579940
950222
339658
510280
342536
701294
218995
3927
392644
900898
861723
608263
287210
501674
183246
567344
736160
488894
652768
477295
602351
803274
467969
498831
943436
384374
843246
682988
356507
152424
747517
704620
985137
848807
384010
812678
173108
229273
736428
861112
396179
968407
5181
114747
310276
938595
600069
32874
930885
733823
554697
874304
23237
776566
493635
467426
433661
950210
91876
921015
127207
373705
93453
305898
384505
713968
517230
59047
283131
623275
268546
929005
933625
112762
249056
246053
371914
850125
210924
28683
998775
973500
25587
109787
272360
44154
346348
352027
514811
956452
258284
230866
679640
573773
367110
29653
508633
405048
140318
990834
835692
186202
965604
667031
530246
971474
534199
759437
858285
78736
534048
80098
470564
545792
107171
119157
542747
783655
98296
349724
393890
698823
407113
742205
978097
668541
776252
438421
551579
676257
943669
417374
780135
205093
297934
111620
980337
828775
673501
193049
345263
964310
611582
848076
146852
170621
293317
962539
949449
820023
975110
953992
408592
963840
11244
477942
7053
826487
460100
818571
521849
674756
171858
496207
269256
28805
177111
764935
15939
307050
914351
4118
513452
22431
165656
70303
235845
778050
445715
744163
653172
267914
235620
876753
37816
324619
977308
496713
399358
73730
253062
28038
699921
145518
897437
726005
228263
18503
393897
373418
590520
496874
830923
441614
653958
427189
392848
603145
961286
935807
169018
809146
811181
669389
453940
764245
594361
385801
231226
748525
3188
711829
360443
310939
846239
389770
117973
90386
936715
577207
741373
58467
688105
706964
753785
836732
963909
20664
788634
974531
100024
711503
37854
713612
652915
283896
329434
192677
25632
861956
975098
606653
75639
657466
742688
787827
983287
217716
817784
31746
501377
447119
106210
180334
720985
930815
881394
376170
646540
269336
468631
688694
565293
693527
456058
703372
191732
747888
230656
129702
801989
979404
344641
221678
795099
396871
208835
691183
507910
299611
608678
656199
210259
25598
728688
89995
145833
81292
994272
949191
515185
860547
111883
67212
870731
803426
532576
468603
356212
500882
507162
655388
722007
849779
744675
68208
891782
132754
460456
827668
220157
302610
977746
213037
48147
278358
854499
695944
38759
435678
97048
776245
743990
65601
615352
328619
735976
748158
658509
690934
382411
432891
717243
216322
172802
45683
154667
194245
144801
84521
345781
952902
722816
150967
880338
136043
331578
352040
56728
875715
633401
992886
361635
24705
47432
407196
775986
711360
161629
884602
700109
616629
736948
280267
163270
171740
809792
587179
602576
160659
427490
350825
96248
648867
511268
592053
123011
600053
944306
260546
367034
156602
120391
495336
202462
762525
373176
242955
865195
911361
281749
749577
228614
963743
260370
107180
921082
287182
195883
301902
72029
131366
86368
233267
642766
767396
458332
458155
116837
551935
109810
24668
795666
793899
458373
166240
322799
459485
51161
90835
331239
62391
809470
463740
383177
127836
307
40813
646501
317300
898886
547763
471877
677248
613341
363530
577686
896116
937632
369105
42618
413720
18111
927282
394769
489588
425600
236940
150340
360657
216376
144950
308260
177018
644795
109898
220794
71188
375105
986376
599219
615763
1278
168754
766057
730719
297614
945857
39701
207635
697662
193981
457970
434830
76823
147260
712021
180263
343049
827604
852268
509451
682989
675177
702916
679604
881852
36871
417747
712991
24836
374794
972023
893084
356233
873387
64385
997905
681068
997828
307863
751143
75607
88358
483739
326567
687546
488357
860980
781984
980398
703384
29191
391848
304804
335084
753689
913678
989631
337276
808583
747728
310079
942052
434535
558711
507187
891521
493780
263093
188968
879971
176372
221189
903748
162526
790970
878102
184008
440919
794767
532358
371219
219260
416217
243812
106899
340501
341428
983126
942079
681074
241603
116028
121013
944154
767103
937186
286389
306182
182308
639232
376848
842062
536897
800596
909585
968982
87686
870185
95859
911475
654250
942226
531698
741914
296261
11035
299542
99167
244760
973479
804753
388877
878150
335815
107524
470098
406054
367664
523865
358181
902334
384911
715767
798890
902310
22410
481504
857684
189942
324491
83650
997972
376077
276077
271190
99626
252153
113416
472679
827122
599547
522640
42407
214260
657071
689618
102021
407602
693779
462616
476062
930551
662746
46366
464888
180033
745974
505802
708892
77605
742313
38070
146707
931591
598303
216554
357590
479658
262667
494069
798121
251452
514464
519493
354208
530611
701292
720147
8663
403462
149922
408459
391608
733897
71921
673248
481818
385546
779490
209279
568348
453383
379189
510605
522204
66593
426213
335475
496766
750500
366792
259403
400541
969834
279944
787094
221664
617525
633381
307563
838097
316930
312008
267611
631762
833877
65371
449924
64363
784816
398181
43140
296674
487101
683768
663450
998687
408745
391054
570351
359092
998259
802746
149545
106847
88903
144920
425960
724551
659879
746043
846228
312700
606095
879893
478671
81385
919472
410912
288972
201724
188546
647415
764665
452189
832431
330662
744060
789912
229945
13354
945602
854402
874447
197272
286245
328210
859207
477153
947512
84081
712942
877549
367003
342309
62017
477133
101823
663136
90846
191440
542868
663349
991828
570734
376953
122051
669332
690747
211478
569774
889336
965202
278855
247769
738996
354721
423376
452112
89493
666720
447668
139098
450831
311312
246007
477516
820190
129342
415089
244536
750193
327178
965119
848746
156351
160656
635025
932633
422399
395989
43949
804539
403891
655674
359371
132250
738947
709318
104187
805954
206911
876758
134882
931833
882733
560894
190783
30495
666868
640464
569666
249807
581030
924725
303097
216140
233334
588920
408759
486535
338014
127667
923068
396014
997231
178209
856829
47207
344110
895283
487887
91055
480576
113732
860652
452464
100341
740456
363856
941454
469766
249971
918067
487127
138475
659076
863605
871404
997346
21833
662332
235227
998220
777380
548005
606101
981332
280330
831274
718912
165080
766299
536450
98166
540469
71178
574110
835977
465951
848481
658962
894822
332727
934485
315239
144182
280684
506166
62220
73134
613851
55662
111215
470448
114045
456223
92163
990206
562630
823335
25161
862948
222829
452464
689478
497006
677859
646722
546882
49834
976444
890260
987581
283844
290863
218268
704771
922738
177852
412493
190993
502439
685728
305712
638655
754972
866905
723873
493990
638973
351071
58930
953330
936628
581829
947622
798315
939886
43030
288971
613665
193148
778208
652820
553934
805700
271826
907945
590582
72512
647124
965860
633726
492208
195395
425130
317716
265591
829803
870857
844102
596633
621277
509086
112406
62001
306183
923052
423975
917446
370666
352431
223650
608960
782126
593944
535682
753316
455490
494951
167370
49136
932179
803303
180164
213054
394458
135989
929944
156211
765835
484324
134436
357718
72338
438831
404525
148828
724669
576899
859392
443261
984742
294607
862843
557997
163602
259095
473062
965930
495178
52920
518439
745488
160607
622721
429404
431326
908714
226600
58683
457147
494293
625185
621935
780168
908401
809013
980401
5979
953484
644638
338527
549456
219934
587525
748974
107824
942372
131578
885962
309222
828336
290031
534691
422201
960252
546275
539670
27132
353354
846077
942035
854410
551781
265406
997290
824200
611198
164995
396885
909893
391627
381007
768799
839377
826920
804772
574603
614994
342801
41229
763423
856515
71156
332292
977019
448470
359489
985633
871766
818975
816066
707673
614135
77453
948025
783520
340412
337608
903251
249417
262252
133418
987436
727016
84230
469495
883288
642720
761867
938788
210069
816736
232140
882556
643681
599047
852969
643972
353073
759523
734661
633933
429063
101626
481260
273545
942076
889434
5302
203885
218608
376531
608819
643105
839207
13618
856483
941948
368942
857298
31028
614704
518918
822237
993600
14915
841957
743598
403358
223788
371171
759269
947938
966809
933596
102193
342130
574931
947721
634775
286362
681749
824862
318416
660318
631979
665256
314278
350174
596156
165386
528603
547758
795069
671957
12428
245559
203228
698499
63930
870692
648709
560533
667556
828042
738373
958052
979965
120481
765477
209716
404644
778038
242126
655177
905246
197110
622780
934268
822781
552569
527684
421649
599383
235699
769174
185750
94099
305316
361331
436997
580845
782256
194329
436044
127804
699692
943697
396502
58826
511489
56696
215076
634586
861907
421447
882329
808062
314714
461759
736402
974353
963296
449831
869408
500803
161887
761200
532708
725835
280299
538612
45765
1962
781595
467980
485331
213205
894190
325806
660638
178197
575770
835294
430924
400727
351993
465329
89134
718434
851349
680945
230146
459456
339486
254927
992781
114862
515019
595166
146413
222074
714250
773917
500747
964784
355855
207943
252207
443769
307361
987814
130978
32985
703860
587560
832531
888790
92681
554052
679060
875160
765513
393871
832770
375771
346147
507108
303888
598678
106367
365793
656950
643399
325439
926620
507774
64987
977244
692057
70067
570244
860967
847689
546897
958626
178242
137181
917132
711905
663248
399360
8424
802136
29066
185656
528712
831496
284374
344750
511573
582758
56771
90186
462301
807880
7672
599443
64052
261657
59374
610316
42357
956229
646486
960219
609748
337455
23824
76336
310939
133412
674306
200023
524584
985112
879762
844859
292525
649699
817408
120214
567272
2394
62403
402822
323072
313493
53554
261331
70600
480856
131527
391952
316339
161718
400367
103531
573125
243831
530290
73935
735434
713712
336505
215192
857085
975022
122475
57497
258360
308018
468059
514748
95870
905431
50198
800296
548600
537320
473977
695265
319333
674825
719941
496024
270055
752568
318819
779408
429410
92834
229827
162095
292105
539843
978303
399484
419989
818882
9065
299561
501953
606771
582243
795394
734654
217348
423572
461310
219779
906021
621699
136198
89285
760025
552019
162870
305525
376475
990750
685314
272689
444389
310395
934449
368971
961999
782213
536864
82996
793417
239425
632430
508609
871400
859960
80401
186002
23413
156958
479270
52300
539282
421700
688145
990550
583231
405590
399971
867595
389300
590487
653319
598239
199715
931671
956805
473980
983869
694214
32188
117918
53099
825651
868137
839649
149334
888504
367364
115830
738360
28752
826307
931159
480806
839714
100811
958687
496551
987043
375433
89633
740494
564166
48934
29028
19387
634800
473341
33975
643684
7993
480201
947085
187316
317999
631504
197828
590734
43652
468137
629721
355047
195003
446572
359764
720265
331427
523097
4539
354377
444523
430880
791212
145642
213601
15683
767789
548452
510469
652581
929150
550992
165430
320898
761732
904219
554888
241167
623511
712706
239408
593471
25145
732022
68201
700616
83228
27845
237683
128331
860940
967944
326544
504488
841540
883810
406157
346475
756348
230251
517334
540065
463452
793246
964216
309641
317538
271783
21750
274701
414708
158525
811588
525086
579099
148819
70267
613000
547484
460203
927535
160116
238695
947597
554821
640828
112399
835428
819065
206259
149258
455633
646439
396039
492872
519695
920228
675827
635007
280246
874030
198628
431071
559063
421499
717620
5931
706265
325924
287458
421207
247761
238821
51242
22967
570947
17991
338443
22482
775011
519008
631864
789591
788974
274486
785909
136415
106803
438532
645840
896733
933866
120855
90909
852164
417498
325128
788609
37845
607770
186153
997728
29804
158305
50987
383284
185472
392760
361535
389822
980792
410081
856126
277430
317210
36858
523728
502990
576873
315138
964977
836544
188145
475098
673659
200974
470138
633198
699083
639911
582694
221887
595154
423128
867907
926722
689307
119835
128343
845825
544838
809168
646611
387213
330200
774680
644524
908411
844073
505131
111983
793170
71081
566969
518949
894758
982604
712820
270266
448805
246542
75071
563796
499060
911917
105427
895832
625451
374860
766478
773957
918106
575274
52348
697758
165721
412360
210230
725914
19749
336364
339034
833400
903774
115
897001
517165
511387
698936
892807
112077
322754
956551
930597
369277
763143
840770
111006
808201
951765
445728
983805
236782
39455
466502
540542
372484
668664
804630
308795
370905
51857
247016
466181
84409
88069
706838
375616
397763
121194
589826
892331
298600
283662
365664
238375
243999
320682
217121
737497
892883
507698
932728
185681
711655
405934
208845
628113
561869
517046
448345
527317
631707
35285
52210
785615
862225
832525
610050
418512
941120
210803
433268
568083
114859
986053
80765
500444
933493
111488
13998
348524
369090
221808
684402
64953
644738
36077
221486
371519
394639
716822
493993
864696
782039
226580
205428
622538
789109
774094
592822
187237
837986
447541
586466
86810
45739
398823
529796
438099
443531
222766
52796
775838
212033
875802
632483
981277
471580
431177
936329
662274
713642
114465
378997
662577
554084
993272
49795
481783
399991
704713
348948
410641
226403
213593
52911
214010
357884
926183
788607
778058
867475
833622
753452
458679
568224
370590
106062
739405
130200
423608
134471
429298
68367
868915
343124
550021
570139
44709
166842
551168
901181
917715
8910
581920
314099
417836
938585
308730
490326
406839
625686
538276
593209
522601
936725
182255
886611
31448
99378
259827
522531
861014
52854
851031
677664
312520
255282
503269
440606
873912
165015
70948
809623
411774
736199
776355
757870
474892
130613
878578
484162
928289
108375
770902
296530
747245
199527
437749
440767
436147
109143
481515
25440
529625
212309
420713
246839
727704
561289
550691
778331
69365
143239
914623
70135
858656
264641
83176
95611
930647
198595
437233
834134
460212
599468
448098
963326
255528
489894
812306
301776
274555
137165
368257
305190
818378
542216
514698
263993
424939
819594
546008
731669
528944
839320
669744
381995
654843
337753
856005
673791
828220
428361
428516
711699
556838
316061
577460
609535
112100
461630
127163
180274
182631
105965
548586
459186
840945
194433
445899
289408
864275
803472
922539
990416
75095
125905
9173
947680
568439
125746
207650
426643
199625
887324
973356
763976
753980
335733
610513
254798
416289
875869
293176
946377
759099
130447
174119
574801
814586
392590
331739
762724
25067
31019
420413
220116
273819
585645
537247
292470
984968
331669
689381
215737
110981
297107
710304
637370
847606
671184
273197
87659
373367
842793
433116
304901
127253
852866
407708
912793
900649
792324
649990
29585
123731
942378
46788
741926
503803
727319
461694
130891
350690
919196
485600
271396
216161
922748
845793
825767
781607
980966
483955
969983
38400
206212
849613
24613
178853
556467
234302
642093
113679
113246
906045
37949
729339
481294
586174
547458
805524
69264
47396
712162
113391
209626
403877
796793
31984
775440
822589
533913
613301
114280
303091
617886
741267
901843
866247
337704
643966
315672
811587
692353
818257
614060
943912
694399
655972
351648
980222
951093
131773
240719
451889
757958
65896
85081
526333
450453
463952
821781
639276
499716
902788
564458
995557
498389
375762
685883
268901
575873
848382
119994
68039
249418
734540
142468
133924
800671
284144
761886
158977
592888
656318
941646
716775
372579
541723
329648
79476
268650
69084
653932
448816
522741
702851
797116
901331
301041
949748
717523
8699
524868
188887
625088
28928
631769
443968
791868
287778
204361
282425
73023
509230
733646
221525
998357
831919
519460
936907
893386
782318
971835
403358
503729
16746
564954
245064
247653
424241
742534
423251
159215
690826
71832
519386
39172
515517
604038
70473
76962
119106
477334
437653
535776
761514
837309
958290
352347
496993
280215
432955
29333
111918
677109
520483
174775
852105
874567
606627
229896
278041
473974
430127
424808
90333
902746
512413
602409
326003
830423
14038
584537
312656
394095
682786
356175
421466
250797
97084
444
383063
140402
601411
897295
781247
633074
585788
963621
635139
975671
273736
344890
785083
699164
138543
558077
852122
984657
776573
17762
115243
659032
734000
477379
731958
371773
119650
985868
44904
191131
124920
354620
113348
242446
744358
488321
359686
208889
656797
425002
944448
165451
408507
852142
159168
734020
221718
47016
866390
618162
375044
161365
693681
387731
714450
241013
641709
623733
271425
53247
295588
490329
517515
3160
774060
420740
196984
333542
803666
211894
800903
718152
876719
998803
131701
588036
162747
665144
913515
180814
550606
556665
476295
34063
464526
460766
244547
964458
863120
363520
351817
773486
851655
770255
770061
388846
765473
861355
421244
854768
326308
31275
923494
5276
122091
152553
332479
300931
282597
118483
530334
660666
185147
936664
165072
192067
905104
369571
190082
476848
857571
143925
642489
954486
606700
573434
851242
284468
896452
50045
472900
229651
929409
576517
205332
154088
370748
715505
810291
800157
987374
982621
121516
464143
387036
449838
410619
943675
536505
923123
940096
592829
422042
582943
668748
676558
861912
871112
236738
934521
274018
891382
126836
403396
184725
860498
255075
926022
134264
196475
288744
28384
74746
599483
831878
549187
534926
194941
111407
404000
358539
664397
436720
882211
598546
539618
913816
932087
705734
406305
414011
542928
435664
39420
256171
320855
441209
945340
16756
236751
972361
458198
609935
924582
321995
576704
120170
158084
825283
491868
216079
623045
711416
584289
974033
52992
169157
34788
951996
996188
623564
124050
356225
830084
677942
805812
263999
822680
655288
932330
193080
860995
390032
666418
909550
980073
774250
313810
3865
801772
242906
978754
688263
155643
247245
958312
63437
603059
168876
213296
827796
210593
799903
929045
380444
124620
188865
596126
326822
289773
134316
995619
144143
763571
586342
182668
853794
416761
969111
606604
477635
760228
509921
85628
205099
885432
201353
947848
409131
13759
581825
97848
914071
16191
752565
202861
421836
773200
487105
47296
248586
558228
238195
150305
265016
315372
12451
506599
192396
898526
944394
225736
16162
847731
936873
61782
962237
558290
690701
526761
72015
813738
754134
338317
13508
151409
237089
948522
97310
505449
825145
183824
409267
786711
899112
276552
857068
909674
998888
415378
977095
629854
736799
826090
272696
376601
864650
553017
642227
614416
625702
108641
187078
282448
387390
849641
540551
112074
910295
771662
677050
518427
381213
44768
224399
257203
822856
873411
521992
238679
801424
790662
940663
534983
636441
340754
297543
371893
59207
518556
952477
315241
889548
489174
693768
168782
508966
525273
993091
850502
745622
635630
510048
555863
836138
32627
513510
803043
993934
611922
426755
99649
391508
141695
290516
204359
55571
454588
371161
369707
741923
296745
894177
900494
605383
487113
868857
773395
702238
805114
215346
165190
958025
962809
222523
87270
306144
408158
585354
583458
564440
93424
451137
502344
69482
734468
197913
29879
127459
126506
878969
591978
405184
284458
508334
806272
133471
804829
613613
362514
903789
309933
915327
524760
670208
74430
175537
299453
120860
643307
839249
717746
572951
474955
81965
506333
843582
480312
285814
716809
398425
434541
886629
503228
670141
97255
832289
543906
309529
101573
459603
828089
806204
939966
312994
280194
470288
522028
406925
476806
881000
864924
373961
725886
719300
587602
542287
236770
413231
200987
136175
267886
669256
560777
795094
980333
961921
735454
449810
342709
194921
813928
660801
622889
239454
341943
366146
486592
530400
961373
849485
724009
236345
847820
591772
54498
768488
994035
899900
412885
818906
725530
767518
6264
969474
513154
261888
589476
294587
534382
773776
499867
829358
74394
275096
120664
832423
669257
800955
255619
933732
462377
235100
803541
372652
711042
401029
882252
45699
251821
844947
902646
213731
278647
520151
376257
85735
394665
308018
149968
156462
74719
72552
724289
499932
775385
979876
975862
941235
303100
715635
449199
441406
486457
845879
801829
76679
328488
394360
105665
913399
841133
848311
906416
860744
710840
322927
915615
150908
871300
226357
323842
735487
411940
776059
116348
674069
481944
91160
460141
922530
754260
590422
658940
616820
147566
597537
150752
652639
953999
470033
311551
538551
246037
13276
720281
229064
414963
976411
382725
84246
797368
603397
296429
851456
579343
868148
63702
231468
317975
170118
342999
647662
870672
258927
345465
405996
49004
887070
754575
109428
111185
276398
784249
222842
775181
840193
676787
407899
838822
817643
376612
962888
311042
716314
124966
797739
691785
360592
500543
39310
883688
284743
621760
565939
594654
374789
239360
641172
376378
630413
575177
692034
130890
928993
188186
856869
761320
636372
934977
310048
707047
249680
985454
961563
952960
599383
954969
988788
757420
169181
260016
436210
748609
291807
436497
181012
608400
153903
993514
177388
785827
749707
936802
321106
796425
880307
521089
952837
466395
47994
210360
241973
965349
392757
642812
79785
680107
295659
406696
346596
529751
656504
922796
924910
863503
241583
980867
171268
885971
160784
952364
883429
787251
482401
523520
126193
743481
480391
622155
555991
114924
522330
924834
257962
338999
254950
625055
65928
988529
820298
545686
515295
898989
4799
536831
690873
210711
596676
644509
894284
981585
627640
765933
636477
317375
885777
318471
672707
203758
893327
589246
143389
692506
437255
771279
475219
679629
984265
380590
817617
315798
615198
217879
750810
967108
842305
720900
517142
600054
861329
466853
483437
995695
348986
992685
374910
597235
385511
382949
252756
593274
375390
484843
28187
321581
814127
986790
328534
242875
942605
815469
124097
727839
100935
923730
974303
481961
931055
285344
123591
703205
632308
43520
243348
655815
436147
909933
421311
205178
663196
672187
880603
511571
435357
906299
40898
198548
248719
164616
969195
32893
736121
551641
572057
197583
588310
256749
942667
425992
153159
414243
998423
671557
312827
648117
471799
814703
925911
477234
730658
38412
519911
259898
673723
39224
425305
346560
869156
748297
5190
635798
797333
42842
999115
605610
710883
617449
973884
849837
963153
258803
765107
514077
519265
951902
321368
197865
123482
801323
267135
54281
643551
611256
526079
196472
852592
696563
646115
546851
726259
736885
141395
246290
297384
418491
359078
15485
27299
553409
874743
213620
39844
771856
16924
266311
670423
493769
200976
570684
372806
898831
480460
953835
826293
816536
749693
11878
642723
488575
807679
260
22294
895273
26501
841380
225157
704370
217627
493246
143999
850880
379849
790837
866546
436976
506015
875624
253372
491792
620590
304235
944474
131461
387156
621784
651697
375652
100072
510217
533467
932675
14455
425128
862679
130109
785686
706444
822404
483432
776425
860813
190316
24625
577824
956717
800971
446483
100289
781505
796336
866533
410802
39285
482319
541318
881668
275551
785334
145113
855289
81939
708866
882396
945616
269135
704356
368473
645584
184572
834786
804361
777723
647569
78409
408337
458038
625196
975303
927237
793011
22243
521158
39762
226097
531029
655030
212624
61131
456216
401398
938654
700547
470413
2258
320487
31982
383423
378704
853188
78992
615136
89697
98796
692839
904370
705505
981711
818488
5660
54974
745021
263840
594532
491584
760175
923046
71242
42941
240322
710174
504490
93156
584905
301263
692660
562500
843979
951367
725515
555806
477575
893709
671343
602059
584911
166612
109513
333559
986097
158763
461116
907161
891033
283839
582228
374371
433953
158849
233873
850844
594442
820819
668430
623148
399666
210602
909179
453891
589392
318556
362730
496542
821572
845353
468154
611161
811526
718887
352296
18026
245320
86419
163172
270325
597064
329375
540575
913374
806712
378702
46902
793957
651916
9168
503044
44367
139222
157704
743588
677496
412326
973341
994001
66423
504383
147156
230981
637650
59420
353073
328203
279376
192057
764881
407519
306052
747273
847005
440219
957993
164936
380790
125662
213416
95338
68248
998307
587542
355562
962149
728500
451801
883194
465507
370178
149524
267634
806774
142513
397402
956736
798406
72406
822195
146478
799311
705990
548549
524844
821746
139809
47338
518245
129723
604152
419073
503943
407316
908399
400053
352115
859146
185479
815004
865160
284856
349756
949206
407428
7216
673804
610428
314096
69790
668525
545104
801086
460854
623008
276805
524769
843291
853332
346434
102952
60430
575500
535852
920226
344589
347449
409525
151781
826208
344659
805353
598188
574062
659095
632189
868956
227266
763986
630386
905944
827275
975087
787202
696687
506111
566804
78344
910208
25033
366064
435414
716618
509392
672337
7681
225979
806555
736496
52553
273868
398979
88417
852008
146865
456110
28899
191904
702915
881567
391139
863537
570088
573159
608615
731755
967122
421771
900946
442246
808576
717518
643793
143123
6088
655758
479701
59018
564733
725096
498246
370298
671207
864173
165417
60831
561284
620980
619123
182369
638030
210107
763750
698140
697938
919877
692792
970795
835198
542667
38015
967364
453515
743097
60866
557615
208989
706179
704497
163509
595585
833504
443296
518948
88083
19546
120075
578509
302064
212783
851816
557016
25168
319567
815043
972478
835971
27667
339199
376616
61723
141229
727457
523191
520579
666031
333264
72009
868951
604785
419458
33938
401343
182101
592267
356993
484089
690573
488063
263005
96151
782757
154986
253738
435630
589095
973780
193695
728618
809696
362245
63747
376943
332273
984216
65268
838582
964008
682926
812232
17690
548257
367693
184430
113350
337743
694402
157008
399091
608105
346106
996602
838257
848543
364837
70277
560088
712891
361165
263475
484858
491200
350373
297642
837531
446193
248292
215809
500306
444212
929663
70875
100682
402186
87468
665149
806099
323436
954724
651484
821631
472274
37682
953173
930167
840286
170343
520880
741692
663082
940883
160832
87650
541971
335470
778455
231676
153148
258982
253293
884173
343645
785406
457800
515647
159122
611641
34038
987045
902917
331654
105111
831212
442019
960357
507516
340487
304471
983462
11949
580700
572841
467576
458110
705226
237475
454664
415147
271910
9109
112236
556669
706143
348304
304663
861473
322731
442747
953370
686356
398847
935022
420688
883260
402225
808050
678207
643605
518463
354421
41293
569726
423257
143934
774377
499304
118270
863792
772212
249710
570527
688909
374749
889888
165855
769277
792389
897363
702686
255095
551750
852904
494601
941611
18896
344999
338551
780395
549727
947671
502657
85498
663780
993972
850295
172524
423973
733927
862417
83578
373880
347643
834526
355131
604401
50839
957221
416506
265654
280417
127039
667333
26137
924407
5740
492113
257128
145781
556007
945474
337917
225316
357489
707721
146771
395593
673274
985972
682209
324200
404641
48293
106512
395606
900999
721516
623544
603156
299716
731286
184177
776548
396859
305043
553677
236088
902396
911797
72299
640407
617072
227588
221328
753462
838760
887033
549355
456081
705042
122962
963779
230485
773940
711066
862700
581414
848968
44841
905351
445139
283008
373794
442370
310034
584781
393864
575521
879506
124211
514594
475757
432759
874987
395839
330927
774558
381085
674450
575736
880027
455878
536733
411281
255045
610546
355593
154114
836153
303275
171827
578099
134443
49823
711352
958427
371654
777335
479709
220832
898870
232463
521215
823098
961200
391530
118224
811908
406839
852804
609498
97628
253969
377852
475981
759157
390935
751795
545095
17778
319851
307384
409304
220587
422888
638755
145699
576799
814211
218225
394082
560892
137463
488234
132834
546322
436415
314291
336153
498614
434166
871024
126863
45303
39490
753715
142672
784192
376381
87676
669231
903508
994225
760206
891956
311103
318481
616637
565317
767650
460689
865117
721832
313558
684892
648885
741619
644420
276130
611774
663429
630363
738564
853869
794673
236343
202313
131476
319040
584970
865834
606329
674063
25124
747644
401228
185216
68575
697050
857581
264768
475945
63261
778690
595992
238279
241613
90936
602191
380195
939694
539360
639651
961928
537350
293756
398445
574874
918748
714837
249540
324555
39835
253973
808660
494237
962811
432882
528419
585596
357850
231721
824698
564137
117819
626891
455766
666443
583871
965821
449562
637770
387173
662649
76674
280105
474306
708376
741738
995677
202069
164160
20434
806985
867077
806141
41012
349121
699363
833089
368020
318252
358329
575471
862320
616926
676644
618124
958588
90555
585574
152952
327951
274762
850818
630680
126561
580141
210396
769352
336855
587170
144615
994558
501189
95879
355759
876399
226007
513045
643262
885668
704951
404907
691276
377273
441059
645241
859871
541017
813486
498758
345783
804849
503446
103946
31026
654784
839565
267657
593813
978531
127295
582356
929476
448861
183602
280602
344081
273176
117245
895904
281335
955456
844511
964664
404253
733013
131855
159037
538022
711708
854665
71590
381761
466948
184779
315184
688695
804660
371061
738826
443344
444359
861039
423972
669588
825831
580980
103185
901493
859875
466353
238542
239107
77709
860129
867503
76647
478951
227780
269215
71379
524092
634961
680900
804560
692881
855622
885106
480114
814683
207568
558103
111688
13896
906382
254381
751586
736405
99444
523211
475697
565918
7729
759217
253573
378595
130741
942692
962989
105841
880093
386545
895707
600925
332629
823676
34773
952770
896551
791240
813399
301611
444793
945926
853389
904285
41201
491347
359830
231356
441693
272196
676233
824117
271562
312358
444687
631808
723231
11844
180612
740005
560709
82227
769691
320824
190963
603154
923705
782015
237101
981375
603282
548256
400456
788342
638559
623231
777758
794611
860004
730275
572376
429975
875246
274190
278490
653062
628530
941214
381786
271025
600149
605475
19959
767941
492886
997887
420447
901446
510992
857457
821021
765642
759500
576798
319801
900408
609703
500462
78445
387281
420057
690411
390776
573619
595017
21326
543410
83855
994283
997326
732328
784307
340195
796206
945321
790780
186820
534804
955041
479934
439985
468400
105592
860940
857622
735673
493012
178485
522642
436207
173932
136953
642978
830258
27753
135040
33752
216715
292974
636094
502097
408958
904449
546917
724428
679655
983220
223958
250915
742252
699441
993325
164294
927977
273487
483564
509447
686652
852871
451863
101640
474491
519633
167700
911613
549622
37549
462179
58211
499433
104945
954701
53543
31183
30199
371594
504451
594338
193283
752696
351194
596371
886857
183882
903634
374512
592233
165305
725955
53888
631583
163622
581647
19643
138962
733041
563292
435421
445666
662268
712348
630512
277589
643754
507606
5271
393559
556202
736920
401494
978073
723828
214174
164943
688520
654127
430532
704666
326863
172960
662746
981692
157897
215797
53728
599395
119846
841661
43867
416494
763505
964242
310816
625846
34041
700461
801963
2780
44461
139019
616730
412619
125138
862031
658700
847048
237030
170459
805374
844699
403326
197661
334258
155979
151941
949889
220834
370711
264355
373730
940508
985797
365491
354314
843659
757652
734716
10785
129433
480935
490835
186810
185497
379845
876866
559342
759020
699808
61568
59037
321950
584851
640234
952062
160616
237955
518414
32916
612670
774340
277697
405328
110851
927384
234932
508711
747363
522695
1109
198669
725424
746310
380761
313625
852467
612979
338224
808280
630529
758103
394305
21769
6305
507
269905
892141
519534
820399
251896
839872
826566
818531
283903
813655
44507
170512
859541
291362
781209
602125
474098
551923
664073
13216
916244
606492
723588
280884
611886
175767
183667
539694
432742
473755
126359
557640
562928
185824
155764
470086
91335
85676
554117
85960
606408
72765
839049
182361
378925
399032
219207
562411
249340
313211
314088
483511
804373
145174
178793
982690
256167
923976
167841
466823
157349
993483
798759
366005
199476
764824
927193
816641
453646
628941
467293
994575
331388
752727
249996
999549
700015
385199
178640
30117
103495
620775
636037
449239
176696
356725
304245
62955
955286
234877
59932
958609
871967
932363
772898
833990
573090
213601
397858
82950
170134
653939
790455
457740
47176
224362
484664
917760
456959
946830
380983
768598
970836
352780
793275
730548
826289
671095
410290
107999
222130
273435
348375
762104
234984
501611
158964
422386
24917
870879
917393
237426
901842
8737
861004
341825
914669
304964
563391
392538
220527
416621
853249
815159
537843
419502
857138
764807
674359
378331
323568
488257
626345
362371
812484
36388
505058
489819
988904
949135
663556
302505
228473
901533
973759
216332
711683
417592
247944
274669
958617
597480
778707
399895
152172
656079
525461
276624
521860
312525
827792
537410
81097
724968
54589
508023
677034
947717
45945
299746
897982
89069
909531
551787
560349
410234
596402
144928
957949
939301
498521
638577
347349
127507
124389
555738
610354
457668
889639
250325
695238
816664
359964
323477
102555
603222
555886
884211
5049
531446
124798
795927
478556
298901
942616
371834
970537
27940
18972
702880
447430
628073
466736
470449
116521
340525
664136
551774
312989
75257
413746
946390
127028
488362
273065
194214
638259
81797
142338
157594
534013
705698
965723
558132
810089
759324
769476
637720
950629
193785
631622
510714
495508
329721
28030
171601
710052
614246
391934
369686
953972
826541
134606
277459
389755
201937
478762
842145
723209
916404
776421
377527
239736
69051
75528
743092
928317
961109
976244
939124
557113
790654
191741
912979
27830
886074
444932
162629
791162
995125
285014
316927
845037
761689
35378
629435
308221
566517
47914
770642
652884
47733
161206
456170
934793
617507
538953
43760
190288
654606
560374
356794
887135
12144
554762
45298
206562
880896
213929
474532
266940
566490
960095
839393
535835
145772
596817
566903
393569
632508
663564
790501
626190
185716
443208
732703
461725
14502
863071
543420
169975
632237
437686
846360
967618
351592
447499
531869
302738
664337
998199
226915
166487
474339
818117
539097
480963
819004
114721
27780
559457
773127
510035
448393
322173
782157
64977
125255
729040
901790
901065
825546
947578
989681
153108
695518
47658
435069
957673
179725
696065
731181
108136
296612
533769
902524
503773
772018
527430
887837
138173
838670
680081
683639
941125
321471
393184
946654
837680
70666
106331
936619
114888
536681
923237
173597
640936
710951
667339
998682
590187
981147
82306
229413
199010
210945
326958
575831
599004
194106
892637
346146
994933
323414
679291
415746
65423
620257
893772
777402
121847
945024
176194
879871
353362
237645
944812
405486
353270
115776
726036
328355
849173
161427
315944
101578
789405
429301
30839
120723
436454
224633
226630
956963
213480
465395
701034
214593
81094
388000
344345
210901
530048
238336
484405
335115
976037
347786
110278
306490
93533
466715
138136
663293
935899
596591
812019
99383
375560
240145
167921
69305
976342
711411
325563
541051
557421
360939
223181
42034
201638
885883
704157
459307
766671
675206
296797
723900
277954
583873
341008
527960
544029
841826
440247
100367
29743
252147
222799
1096
505632
50869
953125
665660
682064
905045
269812
374080
971258
169216
131579
149782
583688
475525
101323
74701
610359
610104
613287
980114
152798
763525
312594
151753
487420
783245
697678
993241
607414
791195
615983
625343
489790
71614
129460
422055
940862
536058
648280
195410
119224
925311
979600
318088
101169
238590
503472
528387
200364
608599
771435
896430
470838
168924
491354
177419
141596
81907
916198
70428
93682
846276
710798
904671
673840
504320
844826
924233
460888
785871
886185
603563
99688
670091
728535
571591
201984
674264
973142
416044
785004
980670
937789
477400
280893
524362
40776
98541
853982
133342
485799
547313
809561
576178
663228
12804
806955
807559
354736
570766
243031
646920
202925
213713
742951
195069
622218
996278
190591
746572
390769
580242
449828
364597
204323
26715
507694
322671
261584
662189
938004
716978
313975
323085
581776
17097
746982
691561
891693
906931
296444
958836
140395
307084
561958
205054
935458
320224
317196
771264
191306
727873
324674
608923
978998
869111
760594
983613
250304
181268
674533
769973
940076
968824
644040
490991
449311
718939
638615
651581
233186
306225
220689
844730
608403
548201
828194
772243
678297
87045
134660
336668
355108
693949
803746
777133
422953
207008
158837
598097
34422
378932
727714
756905
820489
81501
847761
836317
931057
217842
88610
301908
49123
834681
4340
787647
453823
855741
879782
150017
863833
550797
27542
972857
373458
443104
918630
167260
799176
921231
308625
626845
905550
56407
388873
663598
28316
61927
634830
884565
797846
116225
8892
540983
636405
215212
696529
891270
330883
383280
608044
270896
326266
141390
830466
17605
188936
437209
880081
132091
553447
111246
693229
478813
780465
802335
273745
613235
905323
555823
819054
463042
752008
791248
841732
999600
879208
387949
548565
926090
686883
616385
436752
945764
823141
300126
28055
820132
937737
506375
757786
257580
590851
878136
45464
389252
696390
872475
425144
518623
511067
275455
682278
735535
10337
919132
894391
801196
989041
69866
195434
685016
10494
733963
161621
682746
559929
977777
95787
277911
344725
439530
446560
43781
93884
448263
519814
35980
784476
822278
213721
628425
937915
285109
176501
30809
344522
290034
596568
984798
187098
37017
399248
240818
224490
956540
23801
956567
382528
154446
813071
853935
932918
465631
79090
703957
140610
537387
765306
499961
697373
693200
654834
491022
572268
345439
89916
467105
706363
102508
966382
860509
386450
34828
144045
865597
899792
124057
300771
703415
921373
343507
407910
645576
299157
766870
965309
272677
736168
89232
861621
694742
412243
408214
884922
756364
802474
684078
354705
337319
640680
795458
47496
13244
247321
575281
457281
917747
937960
284668
744815
272190
920067
268169
356782
604800
218535
943497
487631
967332
975686
102957
971944
5888
669871
694009
127944
448192
415483
835486
673932
881583
944797
800099
985247
816807
505046
915609
425703
343059
97219
423894
150014
839099
839375
746921
715813
441754
695442
807947
300475
125070
399585
927679
436999
339245
30664
260389
901032
690935
496554
804478
278511
619544
899089
152429
637643
475692
792928
596252
36706
104219
602140
72949
185781
863385
686731
94540
601030
533512
671458
204076
228314
849825
306206
873453
444823
874370
444426
300675
178481
129121
917194
993696
902405
83327
668631
62178
928144
467804
103752
475656
293025
19412
55568
61582
284946
244950
699799
370181
333602
840049
62767
476735
477815
542818
177711
392829
821433
850731
297867
997216
940494
750532
544440
153823
663338
557514
752226
572019
247611
588779
35364
662051
35951
784224
22150
165794
976325
221492
757807
881941
382975
606698
755235
811429
932967
843477
975722
317395
428476
81536
141574
404352
440854
458587
896161
647115
527481
182086
401083
149871
88783
320221
795497
10890
665097
246347
960655
502203
23167
195290
218965
198959
886122
700277
697858
832673
735536
665650
389565
495830
480281
609227
751533
618616
943678
884272
933125
242449
872773
4477
499768
635900
357207
603161
967478
468968
483400
690393
185482
7797
703851
676619
300622
247320
482826
970018
105187
822693
143264
203028
721308
290549
840696
161312
80115
858877
475014
301741
535139
108248
345516
767634
55275
992716
183614
137015
681726
625234
156667
231185
529029
406901
823282
129591
854704
160556
526050
781902
286382
610912
749717
799316
681909
56662
302880
481290
400672
291526
93223
996494
232216
415664
7133
443032
533598
818025
229528
427905
423023
836251
2673
916824
171474
410250
235980
331814
598498
505199
807805
550267
279599
898556
578233
807881
937822
132719
571338
638900
783917
741706
793281
178196
962425
95090
261591
294304
175287
676889
312356
232210
292850
410665
519106
845082
754090
62576
140714
949491
191513
323214
264244
68730
96216
865221
835076
974774
772025
29254
208376
739142
72885
537727
979171
176870
882363
535365
442678
937561
146096
440552
404585
131854
730233
546128
87429
261820
559470
13136
141113
500932
617777
643713
747999
27071
259246
84157
36580
458916
563417
629358
607901
889511
205932
755513
995799
376277
448775
502435
935816
929562
252434
709987
412776
971499
916528
942238
585780
278758
483890
735737
152419
539616
571857
769977
602786
586388
363468
540434
571788
420583
714284
610116
8583
500855
668696
662352
347538
235929
352180
643866
237420
698173
665139
924129
922463
233060
30917
240964
658055
382437
617517
556788
187055
940628
481637
628484
950277
736477
70718
380055
999698
350872
358525
919386
865640
833905
534586
353586
824507
575993
496838
635628
146975
859398
269826
105438
110215
605284
402032
406149
69028
387219
804910
248618
956012
447177
82010
151228
256616
651004
724610
771568
663320
870666
953008
223456
920725
650747
232253
551102
619970
290208
42066
565334
619844
933024
697909
532162
928672
977155
693784
468888
357657
156750
881923
833641
17711
953626
330496
698714
680476
998219
240767
882922
254000
233302
915137
457733
566882
236540
402223
298178
522855
508856
651196
21933
923436
510309
972776
790583
657138
188508
305333
597796
644920
573522
422413
144323
173157
409310
212800
921141
588950
71417
552748
274569
796987
590037
241480
371147
364906
16059
619612
217853
972239
598940
903265
795030
536145
397491
14691
442885
328646
555364
591715
961874
44104
676379
521878
443433
123358
571788
578736
926468
245638
887603
892623
790632
30897
67536
455545
149780
924350
67492
979316
3043
716336
191715
813435
805222
995378
470015
759859
799637
133816
395852
636698
233342
3206
551518
539512
534577
188299
243675
204918
459234
376553
680587
276978
577208
994165
940917
427278
289634
315207
135118
970920
88251
588836
969510
52202
328271
150397
832760
37805
316375
404088
315456
116184
580979
783148
779545
542840
889247
436539
972503
647341
43670
126354
151865
868877
142907
875885
814878
991019
605033
66546
863465
53417
846343
145021
401416
474713
984813
889353
846538
957196
736474
236652
387342
667811
529172
317539
452436
483185
37576
605661
749553
972599
109954
923005
210344
874119
220393
948748
182191
728624
126044
490368
247353
44623
298101
562423
361884
785830
868558
799102
128396
62427
414969
648414
612234
777051
237917
604343
702115
321642
550259
414207
588713
795492
580124
79432
710871
211862
309741
433481
667693
800454
198897
131986
490699
703880
557678
68183
630840
419312
567555
198456
275557
29064
582666
435804
273839
360018
187374
873479
89014
330468
82362
596876
118353
719427
123147
450678
5564
125523
871506
212439
175527
979454
504253
173112
877485
727640
55088
293392
977881
281606
295385
398818
451293
790041
872843
640422
645865
133022
184068
287211
67498
925080
12604
466699
175296
693418
896860
58339
541368
836016
380555
106450
960036
545118
687091
401720
65129
450578
647619
963286
364639
906844
158831
75064
253728
236969
84203
908013
654770
207070
554581
476302
851493
12757
912068
753665
620042
761378
81870
415328
707679
931690
557103
416608
114790
817553
457737
180036
875565
425361
567713
990668
542183
804207
421335
422184
3608
893444
218125
34818
997098
314545
783974
959926
811413
851936
902617
401852
186312
924006
688148
76942
11624
35947
682617
929404
131940
817591
70836
719444
907301
53953
559316
720687
459749
19080
497002
989567
714627
521428
687423
106942
538969
531571
632634
869686
373157
576335
864391
727994
417091
577806
472777
456257
40688
133885
53509
92556
378977
927887
322863
525503
780701
582920
149644
338696
524959
540363
95262
511710
768637
454956
515542
286473
934361
99973
423654
559854
804180
257960
430569
107558
779771
701616
941563
232717
628299
422212
884750
451929
799858
554298
923831
587981
457222
190449
369468
753502
500594
272087
749492
625979
743383
352113
6593
272399
879573
461456
305241
446273
531427
353963
907593
999066
219426
378643
477203
668567
909987
206760
23587
858244
971395
687513
879765
336821
458887
986451
726271
737345
185260
132784
779070
76331
227653
19513
67593
765183
859607
441232
995832
203080
825637
228367
730058
569303
688399
918462
383812
41626
355537
571524
186883
821967
610819
622239
598193
382832
396302
470336
547266
7066
344663
508587
541610
254439
433883
611631
9549
940182
421433
626029
700764
123446
853940
840795
409852
94278
125899
60335
805671
136342
291761
59241
63977
368169
416684
822028
433044
283371
758785
832889
816722
409622
783424
943385
256250
824474
490536
941659
900386
735381
95466
547342
164057
641009
103860
366371
761481
189261
952299
959478
315595
39647
871843
344473
16414
250828
503329
6610
217476
939896
660590
143737
444529
725758
679790
783874
331104
654402
563426
520738
544322
328873
521703
60619
377834
186013
858368
80898
841277
90132
150045
146345
339444
202408
286957
992011
479432
824675
912161
364775
316138
304189
142373
877290
243701
327906
61372
666028
219079
682754
667957
932412
514286
232747
688636
982569
927670
251392
765293
182809
867977
13275
92571
826866
193994
346959
713093
609213
915230
176338
593363
832049
227767
606287
442903
921236
102325
473860
489856
791814
664909
474417
914386
147015
376085
302044
469381
586165
440311
862569
793106
64823
499264
177629
82022
586393
19044
694131
406586
330341
175419
909797
8914
241179
815884
289099
109691
191724
844087
492190
152655
799315
685141
975794
28142
310811
558470
84745
987463
108344
762634
31593
637415
669019
863067
483836
763628
204305
491877
48413
966312
613395
431188
99355
22602
898586
567975
499515
958099
899057
767581
251260
752874
756489
40612
21568
442490
406975
282937
242844
867597
408361
349994
948877
36618
198363
821803
541667
988132
530056
185630
479808
514587
529389
601676
940103
457858
775621
96512
295290
987372
659608
108820
663257
965075
284088
42994
875488
679646
935979
740651
170716
111149
44207
137995
108771
487899
904168
776249
43092
868917
165540
542250
979206
5812
567757
575366
942156
323839
727291
364360
418255
614709
227393
504149
308055
704987
215205
675672
301250
301602
941117
379675
826404
467423
215297
76719
212356
491089
456774
962166
578098
506645
533011
110891
409080
125274
72630
203113
782671
940704
691442
750097
317623
181650
413969
352016
825003
64728
570968
579077
152221
766642
960716
754435
200856
185003
888989
339037
640435
709528
482595
261670
517509
971952
982394
275198
51140
812051
679611
873829
525978
154600
322516
232291
938194
317528
885160
857940
601877
368599
641654
23303
901857
96115
204570
30326
226518
337364
461192
501513
254875
200300
357516
739411
279296
741008
867732
214179
733746
593740
28239
665260
282149
782772
390029
132923
482779
716181
574429
161741
216561
65721
687324
648750
877121
872175
601261
806577
34924
742193
820423
876446
908544
489940
167578
230160
799928
899685
462429
888580
65378
878778
764548
571245
176904
496430
438526
29517
382491
944019
55274
24411
644953
530277
162911
351169
66538
481672
431215
593101
442747
225580
47687
570561
141524
394008
757357
620288
307456
224405
605954
561509
716577
104430
873370
288883
467720
249934
880033
744699
785882
241275
908049
154311
396153
707949
592751
620214
83217
25342
904279
345328
503543
343965
576169
437299
168594
705111
762305
323546
954865
18092
697131
798287
964605
885882
785617
650689
344222
50453
84365
572479
656914
48115
986956
771417
516410
682804
215375
779557
912913
93668
737947
514876
884280
109007
665005
286043
611203
282654
365383
190046
968270
629797
831881
377448
384075
683422
876947
241865
485353
139816
127774
14149
384094
44325
814398
926391
406463
804003
318172
138893
949817
308837
277672
196687
413570
696499
351082
645597
846105
210721
512055
258254
483085
373041
672677
43973
182889
269798
819508
349423
485130
128987
209182
352731
543898
339649
814327
844231
955113
974561
79751
765242
844104
152780
780001
357356
815695
776838
224722
35108
648537
755913
261899
347233
442987
596044
905769
515114
9106
205959
127419
464649
764733
672689
911203
897072
109924
761304
724228
648949
139895
998431
330725
899015
4108
975110
483895
237761
801287
887262
400898
717040
415069
157757
328977
177183
342059
906409
485120
523243
51526
210711
182571
400395
112680
72851
645982
660999
904474
933371
513907
925557
904777
489767
391868
382094
256726
755964
283639
848875
648545
561291
571577
10785
593732
554154
180004
237799
99641
726541
415124
198363
388282
100586
913130
987284
960288
381224
123296
433946
266793
178193
982148
482790
388245
582049
851125
100779
896410
441998
774460
524585
262613
662804
73107
639018
638978
571132
480060
130285
387860
930026
485664
642722
580221
204205
149616
347054
88512
853507
536521
274117
727590
479593
931867
834527
18641
96933
56959
816524
94699
502053
770150
372854
46993
424139
317420
812311
209261
517503
293946
647520
309461
562018
41702
507335
469921
649424
889800
815477
650809
734262
216447
803477
699859
694395
760565
141905
954595
108403
148067
166683
242275
497018
476648
402169
598200
943072
632244
208024
271964
229444
666749
550534
26531
205674
244347
125615
439687
437211
860503
689205
60720
127260
773117
854082
574188
318773
748520
809387
2863
144674
113779
145398
39251
16349
750784
573754
78636
878812
346940
910664
159812
851512
532567
629934
616858
979583
985260
647483
805902
431359
565423
280955
3326
318365
470111
522446
233413
529777
665348
843161
706276
407301
6355
878385
420943
271817
726698
735589
20345
890750
449865
32667
871867
488963
136259
547391
692615
877146
189022
617987
33708
379546
568108
476192
575932
862941
394011
428471
996472
118728
462264
608239
165566
456887
742921
835043
64942
525615
429978
100164
137615
911122
524993
985615
408537
482168
710328
267673
350274
517629
104732
693183
532547
271344
106056
346105
895547
478191
997842
806076
448797
229287
470928
477007
59494
638787
558290
569978
531105
922034
865230
715068
669802
231335
836960
428095
881892
160407
655193
67196
915429
478904
169753
460626
93588
144941
290064
265708
714446
235385
819261
697708
639867
967230
146143
243645
719757
855436
348494
286946
327057
470426
131421
163649
437603
733901
139206
74288
176551
789030
320249
298082
193870
907170
805187
939997
786505
395952
783340
395187
135721
848964
421658
536825
54319
982482
114492
981861
365072
423194
976939
324537
356321
132114
818641
213763
725693
698534
255523
525393
30469
329
639223
775003
330059
355990
382375
890340
583737
680289
272803
645584
775288
116191
908191
746914
123826
182763
232134
152140
706789
908941
36335
567314
785958
205088
499614
526653
846811
446835
978184
718557
716981
236058
903204
55481
855510
66096
125281
444486
572783
479373
365849
260658
918077
698914
637948
290489
74591
917100
372249
120065
546575
426387
902623
286136
537039
244516
914682
258385
730779
958324
988466
554088
220123
689797
783452
641980
484594
513707
672494
796318
201138
228906
169519
391026
299156
246793
861432
426611
856278
470019
644542
80701
925393
733893
494657
932507
85732
423634
345534
22705
999492
235196
76421
484841
705428
568524
619005
580277
321161
104522
451965
814125
472730
790373
511243
603713
788267
97279
840535
500942
576233
188715
242591
24828
463989
975711
646862
366205
514570
385685
973116
992257
769673
833224
466181
612101
339955
575590
240116
83208
445115
93230
178919
961587
867825
74313
144421
581640
75563
916487
237641
205387
818240
416903
515832
623603
406341
455192
384413
885004
455017
207263
297262
58871
72079
344603
571368
708931
335130
80900
741620
212123
186560
389080
88045
631551
143399
93488
10539
937291
208613
494453
407779
754884
303414
813628
346160
543974
670462
924299
739375
210357
491514
999479
330164
832850
546417
439117
181673
560844
486607
839409
621995
889964
60243
111159
641457
37180
349262
69996
432963
567286
35748
834683
843572
214620
678493
355007
345486
413704
525309
216067
265168
909722
362632
189547
175322
286932
916680
506251
44240
156696
381681
514926
826805
204121
213845
704754
581452
111184
931728
285866
746402
468595
656408
854269
442774
871513
870710
576738
875568
307787
568491
220440
364579
929259
122854
832009
163626
152239
796197
998333
677955
272986
309487
597583
899790
977615
896551
590905
251032
134573
508969
157599
497590
314547
103194
731529
316704
224449
97407
34976
982741
248261
97432
62579
946031
470908
41442
174122
442149
58889
198655
691194
517165
598871
786321
465277
795994
985683
722820
398880
697301
610065
155364
799313
753609
107060
332129
502318
262814
294599
339559
482499
1220
598321
190415
677486
810115
9553
878484
926627
235657
553016
297463
455706
883938
684308
231482
467530
780048
987524
530723
442788
54485
509482
263738
16838
227624
648029
394751
800079
948624
59588
527696
492794
553437
823843
790040
89256
625786
565694
428491
483445
500748
183347
838259
969254
797820
66581
384288
570219
630997
992493
711269
198405
671661
892677
627287
758541
327260
538203
294696
678727
695452
47743
696236
779651
758363
343731
477226
166061
895329
88934
744586
329266
843193
880196
397078
414391
116831
170026
407690
226463
141816
591372
338937
554467
451843
786504
245606
228986
537509
546884
497057
382931
215361
345694
28304
757346
257573
309871
261529
128111
375564
505169
660788
719544
151261
130456
374843
794170
259148
407977
746369
57131
579562
731958
344235
26840
541508
608042
804867
765675
724996
161648
786798
705553
498252
38170
64371
198047
374498
911471
298535
366080
536753
407515
720573
70454
819616
222984
827365
143879
433985
892555
785524
408923
145743
838012
680153
43868
722661
647847
697800
659023
25098
498385
583180
366787
862096
580426
77852
604735
134177
766130
238124
39023
597742
961479
660629
693773
693572
241417
560136
483108
781537
292586
876166
253507
763192
442462
772552
512551
115390
228316
82935
971172
189845
703329
584184
930038
860227
417154
316007
787282
110108
828598
519166
271827
244467
374874
660848
712468
300887
619555
382859
882451
204028
383144
829031
840429
625026
21734
257253
924423
407640
555439
688118
369969
201833
404128
992861
823398
722708
739109
92987
818443
611250
143457
123214
32462
474132
228167
188514
67821
251800
813758
306876
769934
913559
771218
159117
665544
702801
116232
599021
490080
408709
199613
64990
422025
820409
20153
617478
324143
920334
772959
740428
110947
112175
408779
282295
168411
960227
154245
977796
659570
8189
842028
439747
952873
226798
787472
244353
741510
70909
929712
241742
512398
454782
792157
123421
769009
882877
629909
172499
806894
62987
302939
170414
547840
688724
711902
582552
21709
415084
795452
180403
56079
986749
951631
10592
658837
156902
98522
347718
120843
866502
469238
894066
876711
299626
327594
36018
662651
597357
425774
364560
700272
606784
664927
980313
297560
672624
174939
802237
117459
200087
33268
607212
486445
243297
894390
934124
645766
813002
464372
300523
334320
393488
896558
299462
898447
581233
901862
703555
784996
19677
395915
611766
840728
831279
133043
820279
762319
69705
11022
968425
548390
523268
853
569462
936102
528944
457941
106647
93650
686304
991035
69
363754
740612
697796
23751
124066
148007
332539
789178
114596
694120
137471
787791
477877
19000
395832
573773
715466
700206
100425
235163
261451
659812
839643
643969
23598
500112
692025
73277
508805
721003
333517
534634
204129
320749
585758
60247
741747
662103
447542
962273
288522
10537
101024
947841
109942
285095
452999
31350
602284
205913
566495
731949
823923
62195
488916
498035
216605
43143
400529
537988
583757
872922
491968
859881
482816
943399
435986
30470
576351
669479
900343
523168
135903
537879
412427
496554
369578
314026
393855
508546
987187
413796
295570
151273
893264
777795
309470
14155
444593
371312
549234
941482
593398
138580
908086
951166
61056
774718
74005
619671
216859
659247
580008
55029
464101
840842
919768
682141
781626
764533
428194
572303
37633
54578
327899
670104
634882
233521
956142
707715
314644
887747
547595
978216
495832
462564
488928
983768
986220
9868
248802
688890
353721
481943
254348
534166
919103
201936
791751
353499
431983
363349
155126
407377
995457
706564
457524
270538
367677
101249
506038
677258
339860
853056
224347
241934
901369
471206
270442
460703
548209
977108
632565
118189
762471
842543
194075
246550
876422
830776
513777
148567
515193
305944
68407
944291
964763
706770
480051
667868
717422
756069
359847
804086
926125
50519
207868
156031
786475
956584
444446
905735
525705
589588
68747
955794
375395
897393
641319
569125
126653
541250
836417
629671
419183
38771
192212
75385
689552
21984
930461
980901
245185
719764
131381
957337
70933
77578
999313
543090
164734
751664
625598
85001
850465
947866
780816
692852
485891
279639
782864
247741
574287
187669
288987
407005
232569
874199
178703
584265
528100
81113
496838
168088
803573
485412
344000
687307
749365
759448
592012
444239
611099
393900
186731
765094
523713
494945
82828
926164
768302
833991
375536
515637
585368
481631
259897
440335
35379
655672
747051
135610
435209
491857
473175
86770
470780
423223
827467
444120
847922
92195
641885
98990
902543
222568
179885
536954
149947
491697
646680
913314
508192
359788
228182
805540
420683
788522
561798
956831
403392
20101
29347
404953
940168
849152
430495
183606
318015
119904
656727
486283
572915
861234
371755
419458
512155
641019
73524
219421
228317
450233
774753
509537
67350
625276
266880
92177
883878
702541
921519
106908
772263
169613
55817
171732
596703
329501
584344
617183
472594
226060
488357
115760
563043
22710
468514
879167
887994
66180
738038
196777
660474
280908
588619
803326
662781
163681
665189
953019
436193
983018
388057
580367
674616
485842
637988
767160
750458
628827
402928
932980
602226
976177
325936
861987
115402
163731
577487
995489
594082
156742
980133
556463
861715
238074
214733
259591
37085
459290
109632
81867
333018
534369
65432
612594
578789
81606
116035
867818
752172
114258
251413
345228
401781
732141
382451
367116
964458
262587
640278
489001
51988
779656
527898
117922
88962
446156
347912
365248
699660
707361
673917
759766
833122
926989
529996
762194
203057
114173
711344
332781
800907
389059
215872
137249
324700
418279
304209
425987
482494
909980
99447
952899
971203
126585
277561
939896
772632
730607
603146
704286
475309
83623
787402
760342
937494
235714
592650
869013
291902
480669
736862
769437
248428
453200
729487
338547
146142
331712
800712
237045
570938
749718
242226
50550
240819
579221
385303
211084
112514
760232
254608
546000
162122
24104
201187
984171
250305
62946
274774
806518
234186
852294
620345
719110
833537
777289
618454
83540
201954
545378
9573
29922
206266
181089
415218
840834
838048
157077
895416
67125
982178
864000
787902
37072
62396
693848
104753
399357
768689
724347
876540
524243
751776
393969
739845
920748
590838
834972
797367
735705
489050
466615
639447
128741
992998
553680
32644
964312
859905
151055
784246
926148
733991
775359
13593
538498
718845
639446
282228
869533
939543
357639
917939
747641
926701
631117
311585
320941
358394
962048
673908
373072
667739
273265
298345
648196
850056
573465
550280
574168
805914
622017
757161
210638
796008
874142
206180
435932
105271
665336
538683
824399
718084
801200
893915
155883
850208
189495
800168
656070
112546
51127
672522
119712
844466
672231
632484
522725
338059
645331
261128
919299
783071
378809
329956
251857
700489
524470
79763
672435
251639
70639
102401
270163
744940
258864
460861
803199
58523
288883
284120
232744
727077
107037
617744
340202
118485
263
343861
671556
622020
627613
501544
406706
684797
336985
544666
259644
727995
552810
887511
73167
632537
756692
267491
387921
472893
549754
258758
336069
321281
568805
192757
611193
52066
737911
837725
452485
744786
985296
389362
411871
939275
703733
302531
905161
452304
534342
777596
29379
377125
165252
760167
882767
202406
449190
802890
903243
488999
61355
621342
148035
456205
617711
929581
239320
971230
515853
583593
483282
713920
34974
905222
562052
243034
751622
50101
865669
437622
982745
221430
409267
590376
391256
342327
764002
512032
524855
18024
129338
111417
407862
331648
147140
451844
744597
124352
370887
314185
168918
810717
787807
694393
81463
454695
703261
575489
106269
790915
922457
374654
901898
26055
909961
439106
684585
878902
626843
222501
498675
883761
435243
570837
239452
622037
615356
683350
72865
616057
735064
867584
433983
357423
730494
350113
507085
519789
647698
271163
241418
758429
613460
235042
835597
559503
22090
269356
360876
900671
466642
926539
797029
506680
467467
620644
268593
191717
609623
495856
985577
738173
472688
619154
595015
100420
712348
476916
756509
177314
236603
180050
565506
585896
239651
251540
920302
135996
731583
210992
341576
461860
814022
605208
89729
323468
601418
92076
331061
403581
49377
966426
222778
747324
163531
85134
455509
363543
77845
172858
321038
59579
404901
4976
386481
196903
678334
845179
434500
468262
663781
578121
391101
90885
733979
541443
666768
721205
232890
465742
907874
652605
543506
898580
769628
821117
579510
795839
267615
764351
731010
587097
145775
383435
29005
775253
764234
987708
557453
439225
103197
985655
828410
50781
357081
292259
397138
779447
576221
942916
533192
508807
198210
762242
82323
62776
721325
536151
178080
823516
966221
979948
873652
997798
10172
762817
678620
879758
324447
516129
333291
873145
303240
340197
867853
612246
806785
847986
962703
258792
851178
848084
687348
498557
231834
651697
340988
694220
484526
524263
849623
868831
101885
872038
133787
500524
780290
416130
302395
211745
122360
322539
945918
574400
848971
285533
949131
269080
850214
697113
439207
921020
291658
740660
398950
314204
877560
75898
616880
874221
915769
165590
287479
359806
62543
456581
796740
36160
152169
892533
240623
295600
768121
982409
995306
449290
406898
592741
381289
441811
336910
63722
632018
388848
393114
545040
748829
145659
975354
433207
268592
546219
484328
438581
232686
497513
916922
461929
207120
316172
332260
688491
874816
53923
803769
192180
899272
124075
454843
684976
745580
956281
406107
527384
515709
999593
86805
383085
849747
708435
267738
481456
587625
415517
936080
450791
856759
993287
559687
54099
772348
249380
602654
810754
401649
802043
366064
492912
692905
710921
342728
248987
669179
736741
344477
941015
755664
465299
985294
102788
802112
980811
617104
68973
843782
34124
516614
515722
515629
602526
165798
831516
926752
283122
285960
652936
190108
466876
11755
450552
412919
50303
661297
704885
866682
135082
615692
191293
12090
746479
342915
388455
547499
131494
135573
850250
10386
766733
375462
815820
559230
842266
220871
578368
722720
458157
113900
938555
594557
805878
440369
276602
945802
121642
97761
54054
810092
219098
240297
469177
602761
741385
677205
311255
573472
101948
474291
575755
13384
639208
370959
402100
886156
995586
58707
904200
863057
365096
2058
650798
405192
529430
689527
197077
800926
592668
452351
400781
866848
898365
544943
899658
137057
488758
484895
449856
132287
841198
618604
217342
267630
452441
981580
114324
983221
526389
86548
87992
871803
144760
650764
686405
584000
93628
727747
203091
26290
332509
108959
411735
38206
83936
395906
393620
632726
15333
57732
665867
361006
865978
35222
484992
998868
170988
389854
940725
899093
927080
330414
776769
581031
443782
732922
820351
606861
547031
324298
594420
183356
454124
101060
35491
273039
406971
499874
624980
166108
898359
189730
809856
902267
904638
290128
179872
750394
367642
818732
925118
441594
228688
870819
998568
490059
333426
581794
541547
634290
564388
343929
859074
562401
953729
155771
737756
589061
143905
684390
401961
393380
447027
282671
411881
519909
446342
342280
809998
522254
162077
162579
127152
85114
735234
308023
51098
733013
448840
509539
404052
822265
988127
397622
945508
379801
523935
739267
2781
781918
738426
597240
198474
113234
723879
193529
941170
670449
661023
937982
647318
932902
110757
851864
476487
353146
885209
362040
925235
335747
292611
975830
982304
260297
115715
646956
344746
601260
34062
495502
78476
722663
65486
595042
936221
822400
137379
566479
365546
170869
351817
952739
446383
53774
930819
633459
959991
188871
401778
362312
340365
920992
442120
157657
28679
489431
540076
496763
21955
360431
520154
539626
85415
801648
639789
986942
480489
559598
844351
940334
414913
961411
806699
952352
894304
201550
732570
886474
585620
322779
604389
386696
236218
685155
877152
17429
93745
807353
582017
549896
840529
746013
128390
216656
658950
842207
746939
986096
223266
234914
404883
694580
987826
39383
991942
614686
41044
781307
995583
735643
981739
210030
924029
657260
70388
574281
577819
651278
926979
725418
641249
506497
752891
950292
653027
353030
693676
699511
823189
428710
800674
766136
461403
84767
16703
431788
462609
464090
831692
902885
354234
710634
988935
559192
219926
972022
5167
453924
702524
248276
331256
132845
870962
98823
330140
990803
799688
374736
74315
180965
427381
884685
417167
860261
442802
947567
16159
161740
119879
240572
31213
269274
441539
403692
156281
437051
734856
928819
45630
896563
307491
83494
970071
881274
367095
647507
9207
798334
691155
353922
309268
400341
848262
610442
277272
398077
852287
780540
200498
554282
60551
552297
622062
770474
182582
386792
792703
369829
300078
686650
369954
296717
406330
8474
390162
778975
960699
975150
858139
376389
602142
97426
974844
246365
356526
84814
682273
485237
196194
686501
762505
950099
75205
549006
864223
921177
675483
366212
562701
288836
925908
964799
620212
159478
675967
134280
84683
33224
282833
416730
614123
336635
289534
617625
43890
319747
232901
165599
322060
516581
766083
512521
384433
313495
986260
876785
224292
868197
28562
201926
232614
271372
362326
561517
277327
654935
927854
825357
308272
339494
44334
137442
646403
267718
938442
89687
982397
815469
744706
384490
210667
217285
810587
283682
28539
691549
282620
124470
452288
171060
309763
214497
767307
845233
373630
767107
412166
615484
18863
34845
554116
90635
203876
287776
733297
874266
1558
290707
532902
873709
62688
405240
758560
637297
618391
617408
382810
934874
380110
685018
138107
187551
632936
806024
565128
432818
964873
487273
910953
486157
286352
437938
706955
448887
654133
354795
780383
447798
939196
427827
498261
993669
537801
455760
484961
719515
608909
388969
22275
688455
13014
589088
223659
183223
108985
423248
718893
232991
550978
133117
222293
506979
76764
621621
301352
435363
962787
536492
318325
430079
659033
135917
288610
390110
528606
698232
69943
265470
308964
177176
995288
613214
214970
572121
880231
230966
802884
819792
217905
776593
740318
669426
47449
54566
984972
251709
892228
787608
550877
821281
843719
78398
746188
378089
741183
544060
423835
531498
429264
901286
63071
726430
394599
767418
66474
668575
646280
271731
861903
93656
649667
854166
274027
274561
280894
993230
942347
468378
32103
185622
514995
179608
53964
890682
741071
903977
977217
582235
233773
630050
667004
225802
672555
936933
653786
36626
6562
707408
454517
78055
992393
318699
482132
581406
220549
526118
426723
208105
387260
569980
456012
187875
742875
377182
616736
688934
756091
100770
184999
940715
366632
558355
142043
307902
26263
492917
664489
484992
774120
664807
92291
98867
225820
577319
378394
125436
604782
667746
518197
135009
172222
539454
964898
334438
922788
257730
919117
390425
654147
180140
456928
841034
323028
52164
638664
28047
291336
877260
598800
562521
817963
959011
668250
925964
767696
255826
676375
159689
100941
724650
769575
200866
736484
454895
503865
919418
442965
209685
624718
475831
517173
325331
551178
939723
396527
397985
383660
131069
482514
487596
658855
793875
869835
906011
827462
346484
532970
632932
516262
424313
542464
591920
207830
24279
347985
196502
147077
718626
137540
970723
108571
920011
800603
687089
102489
375259
707984
837850
431610
422447
577999
71196
963919
92939
82455
383093
452094
888195
797944
752856
747422
767864
175217
849338
947408
14744
58895
700126
829497
532761
704171
338575
523014
523462
285620
403239
61361
887634
667269
838721
475349
801013
566843
820593
941850
640702
355283
258071
679812
303495
104757
961838
211935
854247
30199
630808
552685
109030
257415
977125
194027
609835
467974
625532
13778
909287
576374
138669
94662
505877
545147
970744
693727
423605
272035
200945
305969
777472
704870
708451
206997
25386
322365
635803
791409
497655
65370
90985
599259
487137
289004
385625
904291
565985
714241
134875
539596
398532
20633
794424
406737
11262
343134
949430
348735
550434
146029
363457
792045
916216
521126
863207
116260
384274
471929
255765
454833
80033
996844
560438
251326
762736
690222
182377
642147
315447
730149
265513
337447
356509
588577
268465
308423
754915
254488
107376
150248
920362
132766
306252
823992
855463
501203
215325
248376
142743
327606
141029
679496
149136
784298
724398
203747
456357
125044
644854
39717
402724
885690
777997
283723
160844
766820
931478
309814
211589
611326
193815
725826
350921
397943
531524
161846
200892
795145
286395
491806
835559
27589
192369
726224
860105
202017
38849
349526
670173
197733
550936
21386
732348
886184
649749
348445
124597
154602
526718
538569
991346
969715
265719
427286
528306
282025
230546
691871
640163
893105
668154
210217
601878
512700
842119
79461
615884
999333
3359
985632
90977
602329
606715
695925
199089
591976
156844
28788
466288
424239
434535
501742
519449
962700
326194
482802
441278
741809
660862
651232
983261
948982
987466
30151
496780
176282
702401
138338
762935
168249
544680
496567
805665
50267
104503
872335
817604
841864
726920
433162
181021
328097
488228
222172
206717
293478
656860
985625
572103
168473
428836
706408
60468
216635
333946
26783
770351
581490
222063
500153
416771
555071
113529
650392
40345
257487
803109
804442
542975
368760
952581
233706
468016
8471
630280
460053
826386
40140
313059
421506
696679
333317
319450
304133
956125
791026
902726
254287
241021
595729
212816
76975
205977
875052
755715
563726
316905
764263
695087
618124
25645
564139
431933
156094
723234
567108
340978
921862
268395
455217
384997
675097
450750
252065
146103
376520
755216
539099
66992
48017
967813
686739
189790
212737
233820
664705
12714
324542
929058
206746
525080
580325
122251
171979
636765
318888
803345
134923
277805
781260
317057
52768
102125
795579
249422
195872
859989
933187
75838
657167
431822
605357
757457
495019
564273
653663
52289
428836
21816
795996
510983
387985
865100
880885
186837
828258
322495
766806
479621
857411
166890
664714
749491
332427
134898
63673
64713
447996
982167
3020
928694
799193
235325
139345
793083
750282
83866
316684
808997
677600
452696
73893
934197
740617
528920
602736
53607
204392
340160
721105
309360
510804
679153
388756
200561
520979
214998
376357
554688
427120
124659
37495
47851
974346
37941
791255
281178
177258
576221
987296
160898
677178
96911
756583
805955
298924
825808
824084
804565
811849
54246
100376
889926
52282
980699
931713
692948
105498
216600
557795
179201
126731
869097
485582
465841
375280
770963
439740
502212
192370
822119
243198
419720
739805
459072
654689
448287
800498
681361
583555
392444
932792
883476
679013
619459
312887
410899
26441
602587
130357
709774
189810
391943
590242
964197
960626
257681
166098
532131
936895
218585
592464
874622
601400
281701
84540
827125
899681
114878
611879
918285
850249
153938
510442
27354
896913
162473
805876
129854
486552
509469
830362
272265
899083
372371
884008
139417
451828
483377
848919
724887
460214
7532
495758
559594
616346
396702
855106
743633
647313
761585
368609
792611
70
347286
645475
615707
285835
745025
157965
372833
803780
124361
462250
566464
921037
278891
239129
509626
362804
933411
9948
945519
28488
755616
673632
875562
73490
579997
106639
711545
278891
666623
91948
63836
38533
907745
400590
274192
46906
676291
433724
575107
303239
513519
170046
34191
923277
853126
643880
514761
972308
485141
699601
212130
80989
158122
693022
31523
32550
703746
875116
33823
334706
117586
129681
244767
942693
308306
674572
894682
610307
173704
468391
741811
551810
989204
169251
409144
334082
331905
549076
754370
492002
791187
422941
922211
869385
440591
283878
62648
117426
258491
953346
334289
316166
49483
340549
757416
430772
462252
454335
460913
140152
29913
91166
784604
533330
733764
78129
463003
788726
888139
80562
2769
863335
895709
447809
50896
317043
683061
984373
70533
814795
588397
36653
338867
27608
267392
496460
326226
8711
550768
509278
736223
385686
774047
875542
221427
803589
543049
347238
649176
849353
364015
436471
380512
796837
720862
408176
715371
956467
536077
378423
976186
967851
698893
482456
992717
984218
76326
43220
701067
829740
364613
78150
223422
561996
484327
721674
707136
578064
335954
630980
142015
4643
965709
771362
331604
451957
127518
599709
906787
510417
152203
199220
932702
522974
868743
661454
254727
657772
556118
411313
471199
347695
751124
442711
967507
84788
621628
359374
144218
339179
555946
919314
912154
741378
863513
642170
730378
109156
28008
596250
566149
40272
301544
206340
766839
585747
287560
318173
114630
539257
959658
368307
423560
422286
309299
973154
351681
201835
214162
653093
122659
983707
727421
612777
869856
30002
47198
991999
297100
565377
962651
465122
498613
434121
661979
308450
281253
174906
438862
117975
491340
872936
944364
605288
982597
923944
831908
40635
73667
6572
702139
714801
313570
512181
554107
322131
67179
214857
370812
48037
894811
170314
524980
167786
171964
9027
620347
653929
806629
31251
486770
845428
512043
878093
371988
727314
781113
852579
61702
852467
674134
868570
272098
984073
820244
33532
822564
674126
423433
854884
846193
446712
982433
608068
790823
125352
829468
132001
781016
696777
633990
797491
725762
434355
955414
644508
53378
112675
203797
496057
354603
873700
53499
285769
264033
785624
171066
461409
562451
913824
611753
838414
579648
499235
451492
20753
558201
535161
77641
358925
653693
300435
605112
254142
103955
271823
747813
585458
574433
70905
199353
738622
220442
787371
148710
705055
191029
620262
564317
921810
819080
896933
154973
919746
977671
436544
324249
357435
619580
67002
806536
795265
955934
259575
787539
358516
878811
430337
265491
251087
568203
729888
595900
61812
778043
685999
573775
266074
931393
593789
303008
675147
716850
536860
513342
148056
559274
761820
780975
935225
416696
313864
598538
727235
395322
74887
654489
321156
913258
76740
122618
912292
700490
882201
618828
597693
208767
927784
823406
941680
972542
212525
6497
225096
904080
185609
415577
144396
654695
520843
105970
184858
374487
42320
479498
282591
624397
341947
517891
77490
686613
499628
828326
482023
65670
97550
378360
52336
461174
891408
564254
188996
353801
412693
178399
141224
118636
947752
246821
603299
142322
970899
670815
97985
831073
796880
760011
514033
305566
117056
937953
981920
577907
506517
681774
37842
558652
715580
796794
854127
791928
71705
279513
510745
213282
922179
232158
69291
953190
333571
554924
608781
185604
637548
584447
143843
254327
700544
783550
793517
921071
214112
281091
41699
281110
799551
513225
707923
577362
403452
863879
408751
356929
210126
511029
908858
639771
491266
194235
15475
551448
896914
538764
411830
916814
128825
11578
692560
429707
310079
735194
386977
586898
729055
291272
797219
369364
712437
293461
585669
993659
844126
310006
143972
634791
49598
63408
838333
5037
431254
89366
334980
754028
799493
229569
75341
565467
361922
707781
495243
89470
67538
174371
959409
236436
674295
898035
539994
202502
108580
764762
438312
434506
27431
509411
614435
386142
123845
682514
439512
431280
352150
827929
299470
347711
161528
8575
874645
482206
351436
447915
752688
546503
562484
874465
687559
238375
843000
593298
76519
984798
595351
629010
146499
591485
566426
903079
651906
839872
662848
516657
20055
212281
325081
509617
580430
562406
513243
997237
340354
368509
564568
356196
611515
480487
982359
945879
223802
467148
371240
660479
269782
823653
96404
425897
448489
289058
423920
572881
362408
416850
481793
940200
674450
567858
532957
939149
624034
872645
803822
726526
798936
979995
806498
223361
211393
656766
658732
107830
171766
69937
570991
138528
536117
470665
637136
751649
536144
348260
603815
972275
872972
207240
308975
249888
729083
556638
39403
412188
672038
322509
999491
983371
301605
905294
174552
95602
949959
226381
964978
240175
930318
101643
718651
483340
910310
336296
276781
771335
497976
359893
461825
235071
311233
318665
82503
179410
702000
516780
177492
39650
26358
448183
39458
66307
496805
620550
408221
807101
602588
392223
965326
638057
779184
948080
58573
987768
45549
47963
559948
592300
757582
737282
527208
97472
247726
615060
874343
289523
940860
518764
850382
572946
859859
727946
742884
468809
749681
627760
460189
455410
484247
978574
695009
748703
628819
991315
865154
458417
620507
48649
823707
83385
341850
296259
78620
693929
613808
751274
712984
157330
887761
232701
923733
662091
893159
569702
889673
819669
214998
440089
819538
376329
519032
991459
790984
678994
243566
972389
633132
773946
333629
510725
900103
984890
796250
876597
892073
278780
337704
602079
327393
811177
443549
722766
569386
211990
38707
313
681843
967365
321410
29442
643819
752312
280877
371549
588712
784715
631412
866624
803112
406184
179569
751911
883972
117501
778873
591912
23024
135846
479803
240950
577906
66099
341400
1342
885080
789011
264293
818373
41619
729479
334145
948638
929595
596518
604921
599203
493427
61465
485882
582479
806811
338629
287777
790425
120203
843845
31511
634703
824064
644987
106026
360350
159744
278197
517501
615846
240400
817222
327185
803783
205326
849866
642220
526801
789157
241404
738096
722764
966141
948851
657592
393242
977298
659214
185649
914133
638999
663094
546518
654036
525896
709111
615596
338411
601940
815129
493938
819057
242757
147616
743806
496902
987013
90705
548613
505567
351025
148525
476134
219137
265312
670671
844849
58646
954277
26248
562354
417716
62149
499847
331819
975683
516106
256138
501554
814020
158673
350907
125522
408273
648256
250879
185145
431023
863398
906669
275457
647898
451270
2829
668465
482904
314853
946611
352306
127242
173355
872660
211570
495404
764472
452670
13491
353659
444679
328320
155412
449600
35071
387432
834280
903418
720292
789273
235787
115441
130080
20749
167610
455947
752664
157051
416319
829007
262702
850126
265242
408
500209
120445
770707
595708
828283
122916
941407
23145
646639
66435
65494
357738
597800
260565
543962
219965
606374
151292
376475
597342
746836
591259
625910
423773
205766
835170
871386
79933
231811
616778
201028
643091
477135
577970
990658
282713
818098
87609
857689
983230
807877
52571
491425
207816
313987
419059
152793
168176
614404
655704
168801
247435
129503
272141
864323
199056
224372
759549
191482
982221
796920
728589
729071
79878
418398
410339
995772
408638
930471
667997
464353
472112
612406
281518
892453
792387
745017
838470
580545
320284
400611
61949
279997
544615
778250
621649
84872
958376
82937
8433
581153
13475
840635
455300
595461
169873
217266
555989
983696
769098
952347
435661
917128
573447
620730
772916
669773
336540
752834
815385
87196
621241
529989
340915
183568
876680
215690
8214
96445
826239
317490
310246
467156
289434
269366
278431
868949
257800
680833
406696
684985
637117
367918
344241
259148
246
676596
502855
927202
28285
558132
627514
622641
150660
230635
445507
65844
232594
991354
734896
831355
952006
602027
780865
393094
365245
810497
969494
67675
285825
753211
438632
204305
584693
635904
260035
373380
205322
636912
667630
995726
133810
862857
922000
880060
701425
696737
946106
495361
21293
466986
117735
436499
224468
10387
540011
477348
759239
296403
495335
501404
83547
425605
884920
375220
265182
287861
880969
408540
415859
545161
590808
86261
900213
129214
890596
514633
280260
272340
712896
754691
784395
131731
104635
841216
387274
475431
147759
904793
948168
929898
641646
240454
189824
313913
108961
587176
392634
746491
329240
965585
300732
559471
311945
667740
757246
783317
357558
182327
67049
549901
309568
880480
670989
171076
897540
540046
12480
733358
215871
90489
626540
516808
303358
578052
600641
13336
570365
628481
646756
182344
323823
135840
997023
943652
559136
119605
154131
543025
322885
453510
634152
954746
168326
434909
351629
533626
182805
247617
547368
176067
963395
955298
855880
253036
372663
686317
775410
947857
960155
445376
137693
856133
215388
109416
748829
482605
703394
115071
536947
189347
173346
407317
433984
979335
773531
737146
14455
207305
159729
767897
11949
727015
473781
919910
308370
263666
226093
249696
500471
445772
603287
313527
653030
874527
539388
187778
134611
367930
926158
172589
454686
623194
428247
944024
934704
108873
165600
551168
185750
185725
954363
156960
512275
485983
830649
637632
554497
510774
747732
804631
451768
301084
682895
457226
480761
450394
533454
976766
792149
894530
252717
64896
179852
340657
451256
559819
805062
878905
243102
97158
263310
852957
369380
883250
689181
700292
590594
945457
845884
562663
974118
434285
291158
976652
765380
971263
895795
380808
640473
47828
209873
113735
283011
829899
717567
37264
811617
345299
21267
889494
835284
255213
650825
82137
942951
553800
374388
278818
948678
18534
113106
727768
105969
586522
639656
765733
986287
876377
697132
623596
352592
710940
988444
61138
843455
593024
436447
461030
801645
513798
139626
355448
44878
666867
344192
128716
218490
980475
1193
630849
492952
416733
329341
246487
928508
136240
35415
677271
633349
142195
555112
569952
640604
894525
434049
540200
792170
979894
829744
915661
292339
821964
945494
23801
774863
235424
456955
607073
724250
164441
500050
803711
808206
16320
583242
227784
84478
989379
753156
222268
803607
744298
263885
156519
798653
860470
653082
770331
792459
842599
370705
927851
818885
110996
189809
36220
355772
439421
362677
357305
776436
970643
529505
108993
439110
48710
347136
361044
929357
454866
765201
904730
273233
955613
637110
712006
958809
436711
751619
529935
642335
807006
469939
937315
569803
228413
543833
152012
61428
681908
896423
661216
678067
22675
947168
808560
331999
310904
222870
844532
53332
161912
234781
98753
551273
543430
542790
936555
779611
5090
153
912869
628139
298754
499348
528432
538484
511246
629749
463386
497270
565999
974364
533449
588712
944168
345972
792467
350136
723528
407332
165691
446824
576009
174724
747564
975604
791112
360211
348992
316257
752888
208404
530999
159764
432548
514806
927343
991438
389387
327034
933002
161631
718714
530175
871824
638212
731874
783419
59668
746026
539906
768993
108266
325032
264119
240242
68312
361262
292580
778104
672453
969401
697471
98762
249334
606289
710604
620657
515927
360138
939553
423509
900407
725006
648643
116854
161392
332713
444192
464569
370623
876847
603472
207490
233840
982496
820103
740078
535471
233292
894703
734694
148084
58592
20613
330497
562617
366739
754470
424439
64467
374719
308600
811081
430382
80053
133582
96347
151691
534293
527853
272089
418543
613797
11346
990253
383648
168611
653639
757233
222321
124957
993393
830583
737052
158274
826291
960647
716564
824010
465961
815368
947672
816148
185603
396545
235906
814343
617215
631588
608672
494089
999691
177274
192606
702531
648093
215796
534862
602986
526850
727614
403922
677948
766837
369145
425585
328965
238048
581074
511156
290102
679000
374751
677651
774759
543712
546381
814824
190452
281298
681896
650920
573008
339543
245609
116941
189261
622076
799433
571555
678094
141351
750771
922239
218688
52532
311078
965295
888417
332004
367944
588067
866977
993428
744290
869344
194426
606278
431434
543979
404614
27660
585885
439595
783722
266904
615824
974379
168837
822293
453944
813564
326995
370257
325204
652296
747696
401380
924648
700903
626376
583903
184478
773421
806386
623607
909561
688801
552593
712349
496827
240622
672303
619798
611836
104694
967163
474353
324903
847683
829475
78541
85090
402544
979449
227388
419054
604832
130323
873590
117436
118257
920660
979488
673666
193275
869061
443616
475901
366036
215366
486735
875036
348223
656209
347719
37042
153262
178887
942797
178796
934640
429139
608265
420495
60531
20293
611913
865816
501023
375216
851313
842045
679369
565910
769071
299765
541497
807978
732308
121306
255724
404714
947215
186084
974835
377356
114741
623181
114975
244399
622212
891642
843197
749372
271639
72547
211357
851857
229555
788550
292820
318715
124290
458384
221223
87385
285308
821910
585926
995588
30588
702207
617552
225396
887577
709853
655442
532947
842361
101207
205587
830708
604120
406382
381963
337430
104829
295558
385497
292630
893544
879302
835129
636276
935700
249
661387
621808
579996
604620
205818
459992
88275
930610
176917
873233
24817
564643
137989
789622
212264
586032
189940
749514
291043
223494
632423
143413
5842
68301
666500
347554
72351
529456
628747
2159
120528
102332
401008
205848
653838
203658
337962
56067
980518
748320
737288
149368
926752
209433
879571
881517
547786
205628
632864
242237
419477
114030
338677
425863
128160
228533
711947
648534
836749
882578
165243
834280
863876
530429
704327
861447
828973
153953
529395
375798
484573
173097
682162
381616
556369
87205
674626
270468
394031
443261
717773
770885
650412
539088
266648
277265
693015
439686
487329
290406
653779
156529
989811
474027
466537
924929
92476
805471
352032
232799
176234
592875
211701
947443
943720
140385
357680
416827
49281
484364
1126
4675
160056
28408
474791
136500
180914
855161
550555
614069
242800
210265
874022
577390
211804
577052
614568
943112
787663
481738
629206
40082
441854
27102
566146
742165
168974
633178
969853
954333
109734
956782
921375
274163
585675
937277
602250
242527
89384
440885
872583
728828
665896
854690
261172
562796
296715
139407
290840
918487
972282
179845
607421
657349
86156
228889
100247
517460
472421
7168
910606
35670
266832
5648
344834
948175
339765
850603
115058
458266
6452
4630
811530
841792
987611
132149
366807
811968
147163
975575
488894
800033
636941
579992
946002
277096
921493
2589
350763
905175
110447
312280
710924
924873
302327
132328
336975
913271
962884
332752
542097
78253
864856
626825
486155
466954
479737
694970
973620
330300
958608
572661
132459
762155
179603
392059
67774
418486
99081
830716
32745
521566
537484
450926
64941
591622
731805
549080
144862
115392
891459
282441
94285
240486
407385
498247
246282
246310
253293
455999
148502
517922
547133
126794
686457
729997
348562
840945
780624
322613
365059
313017
906747
985143
173575
527487
99558
178302
347694
758838
344292
791003
126117
270442
218157
329546
304721
617945
538200
832645
455152
760781
642287
118399
565644
733480
508079
692554
69875
291381
988147
572758
767082
884276
830364
123587
524289
211840
614175
347701
457394
133564
337896
785563
142232
831971
765194
773033
870175
85688
432562
973324
461709
78211
944008
895798
54991
159356
338111
764877
640033
151681
240565
762069
949482
977551
23139
419762
359636
577426
499585
802412
4470
174346
14739
315817
825774
66353
780767
22582
338654
889827
386412
859538
723705
791822
254426
605994
597934
267699
369101
604729
690063
356701
320024
241735
828305
620932
371254
393196
191223
21555
670046
357852
53904
782248
720226
557894
869804
534422
941013
668892
225173
484974
242691
566337
875175
563400
443402
963315
861518
26890
889997
688483
178544
401748
989487
230731
710978
9455
94238
520642
802533
816689
574625
528431
803445
400126
911391
217518
957497
540188
526571
632931
409077
423366
190515
333543
868823
974546
584502
652191
25025
547361
382510
762198
829208
99563
425458
446461
331336
190014
145248
288675
550738
894953
352686
274762
739664
303295
934050
50290
733129
929015
565442
122846
882074
42003
227938
23921
840830
224089
11378
172451
275160
269387
320722
570007
587199
415031
452702
4753
756974
65253
985303
237542
262905
252130
774379
802958
206926
214275
325033
707945
904636
332774
383278
30839
474523
26103
53105
585250
399204
871680
361602
246241
755297
374163
67212
270735
35738
282651
446379
56733
723917
800547
259462
171872
68566
227559
677494
336186
893727
375209
41451
426127
824388
162827
422713
746418
406537
975203
61545
332109
205598
314201
294418
359012
298575
672347
864069
323344
456708
410583
622023
109427
949714
174350
186682
504159
431004
534449
279500
586528
704592
723414
604805
301459
600540
916880
48300
681662
205234
430454
500188
262704
596087
878560
773302
609923
858420
265393
223024
317940
368120
61517
433893
198868
417629
579060
417326
568646
378579
872604
940830
445294
900376
395362
909919
924499
297777
868188
195204
534030
978315
486703
835757
146057
186608
662759
265058
17237
597932
585197
270603
615891
261061
801727
504014
279824
715053
708367
801729
262043
716981
468374
968775
358184
803749
403859
158452
376991
909822
169501
616713
574716
593568
356292
593511
443520
308553
277019
499607
563611
223669
219457
714172
242579
186037
417618
490153
878577
560803
44217
875531
744144
485612
147891
113066
690346
857918
809552
54034
392066
415166
981749
438953
600429
88678
896622
653504
211301
773693
945148
281111
87709
716469
673089
266591
717636
113226
774219
842120
513286
